state,mp_name,mp_name_normalized,constituency,allocated_amount,allocation_level,allocation_term,allocation_term_confidence,allocation_term_evidence,source_package,source_file,source_row_number,source_record_id,allocation_is_cumulative_or_aggregate
Tamil Nadu,A Chellakumar,A Chellakumar,KRISHNAGIRI,98063957.11,MP_CONSTITUENCY,Unknown,UNKNOWN,no_explicit_term_marker_in_source_record,STAGE1_SNAPSHOT,Allocated_Limit_for_Honble_MPs__2_.csv,2,STAGE1_SNAPSHOT::Allocated_Limit_for_Honble_MPs__2_.csv::row2,True
Tamil Nadu,A Ganeshamurthi(17th Lok Sabha),A Ganeshamurthi,ERODE,98063957.11,MP_CONSTITUENCY,17th Lok Sabha,HIGH,explicit_suffix_in_mp_name,STAGE1_SNAPSHOT,Allocated_Limit_for_Honble_MPs__2_.csv,3,STAGE1_SNAPSHOT::Allocated_Limit_for_Honble_MPs__2_.csv::row3,True
Kerala,Abdul Majeed Ariff,Abdul Majeed Ariff,ALAPPUZHA,98063957.11,MP_CONSTITUENCY,Unknown,UNKNOWN,no_explicit_term_marker_in_source_record,STAGE1_SNAPSHOT,Allocated_Limit_for_Honble_MPs__2_.csv,4,STAGE1_SNAPSHOT::Allocated_Limit_for_Honble_MPs__2_.csv::row4,True
West Bengal,Abu Taher Khan(17th Lok Sabha),Abu Taher Khan,MURSHIDABAD,220563957.11,MP_CONSTITUENCY,17th Lok Sabha,HIGH,explicit_suffix_in_mp_name,STAGE1_SNAPSHOT,Allocated_Limit_for_Honble_MPs__2_.csv,5,STAGE1_SNAPSHOT::Allocated_Limit_for_Honble_MPs__2_.csv::row5,True
Odisha,Achyutananda Samanta(17th Lok Sabha),Achyutananda Samanta,KANDHAMAL,29851533.0,MP_CONSTITUENCY,17th Lok Sabha,HIGH,explicit_suffix_in_mp_name,STAGE1_SNAPSHOT,Allocated_Limit_for_Honble_MPs__2_.csv,6,STAGE1_SNAPSHOT::Allocated_Limit_for_Honble_MPs__2_.csv::row6,True
Andhra Pradesh,Adala Reddy,Adala Reddy,NELLORE(SC),117663957.11,MP_CONSTITUENCY,Unknown,UNKNOWN,no_explicit_term_marker_in_source_record,STAGE1_SNAPSHOT,Allocated_Limit_for_Honble_MPs__2_.csv,7,STAGE1_SNAPSHOT::Allocated_Limit_for_Honble_MPs__2_.csv::row7,True
West Bengal,Adhir Ranjan Chowdhury (17th Lok Sabha),Adhir Ranjan Chowdhury,BAHARAMPUR,220563957.11,MP_CONSTITUENCY,17th Lok Sabha,HIGH,explicit_suffix_in_mp_name,STAGE1_SNAPSHOT,Allocated_Limit_for_Honble_MPs__2_.csv,8,STAGE1_SNAPSHOT::Allocated_Limit_for_Honble_MPs__2_.csv::row8,True
Kerala,Adv Adoor Prakash (17th Lok Sabha),Adv Adoor Prakash,ATTINGAL,98063957.11,MP_CONSTITUENCY,17th Lok Sabha,HIGH,explicit_suffix_in_mp_name,STAGE1_SNAPSHOT,Allocated_Limit_for_Honble_MPs__2_.csv,9,STAGE1_SNAPSHOT::Allocated_Limit_for_Honble_MPs__2_.csv::row9,True
Kerala,Adv Dean Kuriakose (17th Lok Sabha),Adv Dean Kuriakose,IDUKKI,98063957.11,MP_CONSTITUENCY,17th Lok Sabha,HIGH,explicit_suffix_in_mp_name,STAGE1_SNAPSHOT,Allocated_Limit_for_Honble_MPs__2_.csv,10,STAGE1_SNAPSHOT::Allocated_Limit_for_Honble_MPs__2_.csv::row10,True
Uttar Pradesh,Afzal Ansari(17th Lok Sabha),Afzal Ansari,GHAZIPUR,16207021.37,MP_CONSTITUENCY,17th Lok Sabha,HIGH,explicit_suffix_in_mp_name,STAGE1_SNAPSHOT,Allocated_Limit_for_Honble_MPs__2_.csv,11,STAGE1_SNAPSHOT::Allocated_Limit_for_Honble_MPs__2_.csv::row11,True
Uttarakhand,Ajay Bhatt,Ajay Bhatt,NAINITAL UDHAM SINGH NAG.,98063957.11,MP_CONSTITUENCY,Unknown,UNKNOWN,no_explicit_term_marker_in_source_record,STAGE1_SNAPSHOT,Allocated_Limit_for_Honble_MPs__2_.csv,12,STAGE1_SNAPSHOT::Allocated_Limit_for_Honble_MPs__2_.csv::row12,True
Bihar,Ajay Kumar Mandal,Ajay Kumar Mandal,BHAGALPUR,98063957.11,MP_CONSTITUENCY,Unknown,UNKNOWN,no_explicit_term_marker_in_source_record,STAGE1_SNAPSHOT,Allocated_Limit_for_Honble_MPs__2_.csv,13,STAGE1_SNAPSHOT::Allocated_Limit_for_Honble_MPs__2_.csv::row13,True
Bihar,Ajay Nishad,Ajay Nishad,MUZAFFARPUR,49063957.11,MP_CONSTITUENCY,Unknown,UNKNOWN,no_explicit_term_marker_in_source_record,STAGE1_SNAPSHOT,Allocated_Limit_for_Honble_MPs__2_.csv,14,STAGE1_SNAPSHOT::Allocated_Limit_for_Honble_MPs__2_.csv::row14,True
Uttarakhand,Ajay Tamta,Ajay Tamta,ALMORA(SC),171563957.11,MP_CONSTITUENCY,Unknown,UNKNOWN,no_explicit_term_marker_in_source_record,STAGE1_SNAPSHOT,Allocated_Limit_for_Honble_MPs__2_.csv,15,STAGE1_SNAPSHOT::Allocated_Limit_for_Honble_MPs__2_.csv::row15,True
Tamil Nadu,AKP Chinraj(17th Lok Sabha),AKP Chinraj,NAMAKKAL,90920938.0,MP_CONSTITUENCY,17th Lok Sabha,HIGH,explicit_suffix_in_mp_name,STAGE1_SNAPSHOT,Allocated_Limit_for_Honble_MPs__2_.csv,16,STAGE1_SNAPSHOT::Allocated_Limit_for_Honble_MPs__2_.csv::row16,True
Uttar Pradesh,Akshaibar Lal,Akshaibar Lal,BAHRAICH(SC),98063957.11,MP_CONSTITUENCY,Unknown,UNKNOWN,no_explicit_term_marker_in_source_record,STAGE1_SNAPSHOT,Allocated_Limit_for_Honble_MPs__2_.csv,17,STAGE1_SNAPSHOT::Allocated_Limit_for_Honble_MPs__2_.csv::row17,True
Bihar,Alok Kumar Suman,Alok Kumar Suman,GOPALGANJ (SC),73563957.11,MP_CONSTITUENCY,Unknown,UNKNOWN,no_explicit_term_marker_in_source_record,STAGE1_SNAPSHOT,Allocated_Limit_for_Honble_MPs__2_.csv,18,STAGE1_SNAPSHOT::Allocated_Limit_for_Honble_MPs__2_.csv::row18,True
Gujarat,Amit Shah (Ex 17 Lok Sabha),Amit Shah,GANDHINAGAR,73500000.0,MP_CONSTITUENCY,Unknown,UNKNOWN,no_explicit_term_marker_in_source_record,STAGE1_SNAPSHOT,Allocated_Limit_for_Honble_MPs__2_.csv,19,STAGE1_SNAPSHOT::Allocated_Limit_for_Honble_MPs__2_.csv::row19,True
Maharashtra,Amol Ramsing Kolhe(17th Lok Sabha),Amol Ramsing Kolhe,SHIRUR,98063957.11,MP_CONSTITUENCY,17th Lok Sabha,HIGH,explicit_suffix_in_mp_name,STAGE1_SNAPSHOT,Allocated_Limit_for_Honble_MPs__2_.csv,20,STAGE1_SNAPSHOT::Allocated_Limit_for_Honble_MPs__2_.csv::row20,True
Karnataka,Anantkumar Hegde,Anantkumar Hegde,UTTARA KANNADA,52344136.63,MP_CONSTITUENCY,Unknown,UNKNOWN,no_explicit_term_marker_in_source_record,STAGE1_SNAPSHOT,Allocated_Limit_for_Honble_MPs__2_.csv,21,STAGE1_SNAPSHOT::Allocated_Limit_for_Honble_MPs__2_.csv::row21,True
Tamil Nadu,Andimuthu Raja(17th Lok Sabha),Andimuthu Raja,NILGIRIS(SC),98063957.11,MP_CONSTITUENCY,17th Lok Sabha,HIGH,explicit_suffix_in_mp_name,STAGE1_SNAPSHOT,Allocated_Limit_for_Honble_MPs__2_.csv,22,STAGE1_SNAPSHOT::Allocated_Limit_for_Honble_MPs__2_.csv::row22,True
Karnataka,Annasaheb Shankar Jolle,Annasaheb Shankar Jolle,CHIKKODI,98063957.11,MP_CONSTITUENCY,Unknown,UNKNOWN,no_explicit_term_marker_in_source_record,STAGE1_SNAPSHOT,Allocated_Limit_for_Honble_MPs__2_.csv,23,STAGE1_SNAPSHOT::Allocated_Limit_for_Honble_MPs__2_.csv::row23,True
Jharkhand,Annpurna Devi,Annpurna Devi,KODARMA,86670011.0,MP_CONSTITUENCY,Unknown,UNKNOWN,no_explicit_term_marker_in_source_record,STAGE1_SNAPSHOT,Allocated_Limit_for_Honble_MPs__2_.csv,24,STAGE1_SNAPSHOT::Allocated_Limit_for_Honble_MPs__2_.csv::row24,True
Kerala,Anto Antony(17th Lok Sabha),Anto Antony,PATHANAMTHITTA,98063957.11,MP_CONSTITUENCY,17th Lok Sabha,HIGH,explicit_suffix_in_mp_name,STAGE1_SNAPSHOT,Allocated_Limit_for_Honble_MPs__2_.csv,25,STAGE1_SNAPSHOT::Allocated_Limit_for_Honble_MPs__2_.csv::row25,True
Odisha,Anubhav Mohanty(17th Lok Sabha),Anubhav Mohanty,KENDRAPARA,98067767.11,MP_CONSTITUENCY,17th Lok Sabha,HIGH,explicit_suffix_in_mp_name,STAGE1_SNAPSHOT,Allocated_Limit_for_Honble_MPs__2_.csv,26,STAGE1_SNAPSHOT::Allocated_Limit_for_Honble_MPs__2_.csv::row26,True
Telangana,Anumula Revanth Reddy(17th Lok Sabha),Anumula Revanth Reddy,MALKAJGIRI,24857914.0,MP_CONSTITUENCY,17th Lok Sabha,HIGH,explicit_suffix_in_mp_name,STAGE1_SNAPSHOT,Allocated_Limit_for_Honble_MPs__2_.csv,27,STAGE1_SNAPSHOT::Allocated_Limit_for_Honble_MPs__2_.csv::row27,True
Uttar Pradesh,Anurag Sharma,Anurag Sharma,JHANSI,98063957.11,MP_CONSTITUENCY,Unknown,UNKNOWN,no_explicit_term_marker_in_source_record,STAGE1_SNAPSHOT,Allocated_Limit_for_Honble_MPs__2_.csv,28,STAGE1_SNAPSHOT::Allocated_Limit_for_Honble_MPs__2_.csv::row28,True
Himachal Pradesh,Anurag Singh Thakur,Anurag Singh Thakur,HAMIRPUR_HP,95493840.0,MP_CONSTITUENCY,Unknown,UNKNOWN,no_explicit_term_marker_in_source_record,STAGE1_SNAPSHOT,Allocated_Limit_for_Honble_MPs__2_.csv,29,STAGE1_SNAPSHOT::Allocated_Limit_for_Honble_MPs__2_.csv::row29,True
West Bengal,Aparupa Poddar,Aparupa Poddar,ARAMBAG(SC),73563957.11,MP_CONSTITUENCY,Unknown,UNKNOWN,no_explicit_term_marker_in_source_record,STAGE1_SNAPSHOT,Allocated_Limit_for_Honble_MPs__2_.csv,30,STAGE1_SNAPSHOT::Allocated_Limit_for_Honble_MPs__2_.csv::row30,True
Rajasthan,Arjunlal Meena(17th Lok Sabha),Arjunlal Meena,UDAIPUR(ST),98063957.11,MP_CONSTITUENCY,17th Lok Sabha,HIGH,explicit_suffix_in_mp_name,STAGE1_SNAPSHOT,Allocated_Limit_for_Honble_MPs__2_.csv,31,STAGE1_SNAPSHOT::Allocated_Limit_for_Honble_MPs__2_.csv::row31,True
Chhattisgarh,Arun Sao,Arun Sao,BILASPUR,73500000.0,MP_CONSTITUENCY,Unknown,UNKNOWN,no_explicit_term_marker_in_source_record,STAGE1_SNAPSHOT,Allocated_Limit_for_Honble_MPs__2_.csv,32,STAGE1_SNAPSHOT::Allocated_Limit_for_Honble_MPs__2_.csv::row32,True
Telangana,Arvind Dharmapuri(17th Lok Sabha),Arvind Dharmapuri,NIZAMABAD,,MP_CONSTITUENCY,17th Lok Sabha,HIGH,explicit_suffix_in_mp_name,STAGE1_SNAPSHOT,Allocated_Limit_for_Honble_MPs__2_.csv,33,STAGE1_SNAPSHOT::Allocated_Limit_for_Honble_MPs__2_.csv::row33,True
Maharashtra,Arvind Ganpat Sawant(17th Lok Sabha),Arvind Ganpat Sawant,MUMBAI SOUTH,98063957.11,MP_CONSTITUENCY,17th Lok Sabha,HIGH,explicit_suffix_in_mp_name,STAGE1_SNAPSHOT,Allocated_Limit_for_Honble_MPs__2_.csv,34,STAGE1_SNAPSHOT::Allocated_Limit_for_Honble_MPs__2_.csv::row34,True
Haryana,Arvind Kumar Sharma(17TH Lok Sabha),Arvind Kumar Sharma,ROHTAK,117663957.11,MP_CONSTITUENCY,17th Lok Sabha,HIGH,explicit_suffix_in_mp_name,STAGE1_SNAPSHOT,Allocated_Limit_for_Honble_MPs__2_.csv,35,STAGE1_SNAPSHOT::Allocated_Limit_for_Honble_MPs__2_.csv::row35,True
Telangana,Asaduddin Owaisi(17th Lok Sabha),Asaduddin Owaisi,HYDERABAD,155140949.11,MP_CONSTITUENCY,17th Lok Sabha,HIGH,explicit_suffix_in_mp_name,STAGE1_SNAPSHOT,Allocated_Limit_for_Honble_MPs__2_.csv,36,STAGE1_SNAPSHOT::Allocated_Limit_for_Honble_MPs__2_.csv::row36,True
Uttar Pradesh,Ashok Kumar Rawat(17TH Lok Sabha),Ashok Kumar Rawat,MISRIKH(SC),73563957.11,MP_CONSTITUENCY,17th Lok Sabha,HIGH,explicit_suffix_in_mp_name,STAGE1_SNAPSHOT,Allocated_Limit_for_Honble_MPs__2_.csv,37,STAGE1_SNAPSHOT::Allocated_Limit_for_Honble_MPs__2_.csv::row37,True
Bihar,Ashok Kumar Yadav,Ashok Kumar Yadav,MADHUBANI,73563957.11,MP_CONSTITUENCY,Unknown,UNKNOWN,no_explicit_term_marker_in_source_record,STAGE1_SNAPSHOT,Allocated_Limit_for_Honble_MPs__2_.csv,38,STAGE1_SNAPSHOT::Allocated_Limit_for_Honble_MPs__2_.csv::row38,True
Maharashtra,Ashok Mahadeorao Nete,Ashok Mahadeorao Nete,GADCHIROLI-CHIMUR(ST),73563957.11,MP_CONSTITUENCY,Unknown,UNKNOWN,no_explicit_term_marker_in_source_record,STAGE1_SNAPSHOT,Allocated_Limit_for_Honble_MPs__2_.csv,39,STAGE1_SNAPSHOT::Allocated_Limit_for_Honble_MPs__2_.csv::row39,True
Bihar,Ashwini Kumar Choubey,Ashwini Kumar Choubey,BUXAR,58233867.0,MP_CONSTITUENCY,Unknown,UNKNOWN,no_explicit_term_marker_in_source_record,STAGE1_SNAPSHOT,Allocated_Limit_for_Honble_MPs__2_.csv,40,STAGE1_SNAPSHOT::Allocated_Limit_for_Honble_MPs__2_.csv::row40,True
West Bengal,Asit Kumar Mal (17th Lok Sabha),Asit Kumar Mal,BOLPUR(SC),71083914.0,MP_CONSTITUENCY,17th Lok Sabha,HIGH,explicit_suffix_in_mp_name,STAGE1_SNAPSHOT,Allocated_Limit_for_Honble_MPs__2_.csv,41,STAGE1_SNAPSHOT::Allocated_Limit_for_Honble_MPs__2_.csv::row41,True
Uttar Pradesh,Atul Kumar Singh(17th Lok Sabha),Atul Kumar Singh,GHOSI,98063957.11,MP_CONSTITUENCY,17th Lok Sabha,HIGH,explicit_suffix_in_mp_name,STAGE1_SNAPSHOT,Allocated_Limit_for_Honble_MPs__2_.csv,42,STAGE1_SNAPSHOT::Allocated_Limit_for_Honble_MPs__2_.csv::row42,True
Karnataka,Bache BN Gowda(17th Lok Sabha),Bache BN Gowda,CHIKBALLAPUR,73563957.11,MP_CONSTITUENCY,17th Lok Sabha,HIGH,explicit_suffix_in_mp_name,STAGE1_SNAPSHOT,Allocated_Limit_for_Honble_MPs__2_.csv,43,STAGE1_SNAPSHOT::Allocated_Limit_for_Honble_MPs__2_.csv::row43,True
Andhra Pradesh,Balashowry Vallabbhaneni,Balashowry Vallabbhaneni,MACHILIPATNAM,98063957.11,MP_CONSTITUENCY,Unknown,UNKNOWN,no_explicit_term_marker_in_source_record,STAGE1_SNAPSHOT,Allocated_Limit_for_Honble_MPs__2_.csv,44,STAGE1_SNAPSHOT::Allocated_Limit_for_Honble_MPs__2_.csv::row44,True
Odisha,Basanta Kumar Panda(17th Lok Sabha),Basanta Kumar Panda,KALAHANDI,98063957.11,MP_CONSTITUENCY,17th Lok Sabha,HIGH,explicit_suffix_in_mp_name,STAGE1_SNAPSHOT,Allocated_Limit_for_Honble_MPs__2_.csv,45,STAGE1_SNAPSHOT::Allocated_Limit_for_Honble_MPs__2_.csv::row45,True
Andhra Pradesh,Beesetti Venkata Satyavathi,Beesetti Venkata Satyavathi,ANAKAPALLE,92036294.0,MP_CONSTITUENCY,Unknown,UNKNOWN,no_explicit_term_marker_in_source_record,STAGE1_SNAPSHOT,Allocated_Limit_for_Honble_MPs__2_.csv,46,STAGE1_SNAPSHOT::Allocated_Limit_for_Honble_MPs__2_.csv::row46,True
Rajasthan,Bhagirath Chaudhary(17th Lok Sabha),Bhagirath Chaudhary,AJMER,98063957.11,MP_CONSTITUENCY,17th Lok Sabha,HIGH,explicit_suffix_in_mp_name,STAGE1_SNAPSHOT,Allocated_Limit_for_Honble_MPs__2_.csv,47,STAGE1_SNAPSHOT::Allocated_Limit_for_Honble_MPs__2_.csv::row47,True
Karnataka,Bhagwanth Khuba,Bhagwanth Khuba,BIDAR,73563957.11,MP_CONSTITUENCY,Unknown,UNKNOWN,no_explicit_term_marker_in_source_record,STAGE1_SNAPSHOT,Allocated_Limit_for_Honble_MPs__2_.csv,48,STAGE1_SNAPSHOT::Allocated_Limit_for_Honble_MPs__2_.csv::row48,True
Uttar Pradesh,Bhanu Pratap Singh Verma(17th Lok Sabha),Bhanu Pratap Singh Verma,JALAUN(SC),98438762.11,MP_CONSTITUENCY,17th Lok Sabha,HIGH,explicit_suffix_in_mp_name,STAGE1_SNAPSHOT,Allocated_Limit_for_Honble_MPs__2_.csv,49,STAGE1_SNAPSHOT::Allocated_Limit_for_Honble_MPs__2_.csv::row49,True
Gujarat,Bharatiben Dhirubhai Shyal,Bharatiben Dhirubhai Shyal,BHAVNAGAR,98063957.11,MP_CONSTITUENCY,Unknown,UNKNOWN,no_explicit_term_marker_in_source_record,STAGE1_SNAPSHOT,Allocated_Limit_for_Honble_MPs__2_.csv,50,STAGE1_SNAPSHOT::Allocated_Limit_for_Honble_MPs__2_.csv::row50,True
Gujarat,Bharatsinhji Shankarji Dabhi,Bharatsinhji Shankarji Dabhi,PATAN,73563957.11,MP_CONSTITUENCY,Unknown,UNKNOWN,no_explicit_term_marker_in_source_record,STAGE1_SNAPSHOT,Allocated_Limit_for_Honble_MPs__2_.csv,51,STAGE1_SNAPSHOT::Allocated_Limit_for_Honble_MPs__2_.csv::row51,True
Maharashtra,Bharti Pravin Pawar(17th Lok Sabha),Bharti Pravin Pawar,DINDORI(ST),98063957.11,MP_CONSTITUENCY,17th Lok Sabha,HIGH,explicit_suffix_in_mp_name,STAGE1_SNAPSHOT,Allocated_Limit_for_Honble_MPs__2_.csv,52,STAGE1_SNAPSHOT::Allocated_Limit_for_Honble_MPs__2_.csv::row52,True
Telangana,Bheemrao Baswanthrao Patil,Bheemrao Baswanthrao Patil,ZAHIRABAD,123156984.11,MP_CONSTITUENCY,Unknown,UNKNOWN,no_explicit_term_marker_in_source_record,STAGE1_SNAPSHOT,Allocated_Limit_for_Honble_MPs__2_.csv,53,STAGE1_SNAPSHOT::Allocated_Limit_for_Honble_MPs__2_.csv::row53,True
Uttar Pradesh,Bhola Singh(17th Lok Sabha),Bhola Singh,BULANDSHAHR(SC),73850844.36,MP_CONSTITUENCY,17th Lok Sabha,HIGH,explicit_suffix_in_mp_name,STAGE1_SNAPSHOT,Allocated_Limit_for_Honble_MPs__2_.csv,54,STAGE1_SNAPSHOT::Allocated_Limit_for_Honble_MPs__2_.csv::row54,True
Jharkhand,Bidyut Baran Mahato,Bidyut Baran Mahato,JAMSHEDPUR,73563957.11,MP_CONSTITUENCY,Unknown,UNKNOWN,no_explicit_term_marker_in_source_record,STAGE1_SNAPSHOT,Allocated_Limit_for_Honble_MPs__2_.csv,55,STAGE1_SNAPSHOT::Allocated_Limit_for_Honble_MPs__2_.csv::row55,True
Odisha,Bishweswar Tudu(17th Lok Sabha),Bishweswar Tudu,MAYURBHANJ (ST),73000000.0,MP_CONSTITUENCY,17th Lok Sabha,HIGH,explicit_suffix_in_mp_name,STAGE1_SNAPSHOT,Allocated_Limit_for_Honble_MPs__2_.csv,56,STAGE1_SNAPSHOT::Allocated_Limit_for_Honble_MPs__2_.csv::row56,True
Uttar Pradesh,BP Saroj Bholanath,BP Saroj Bholanath,MACHHLISHAHR(SC),49574975.11,MP_CONSTITUENCY,Unknown,UNKNOWN,no_explicit_term_marker_in_source_record,STAGE1_SNAPSHOT,Allocated_Limit_for_Honble_MPs__2_.csv,57,STAGE1_SNAPSHOT::Allocated_Limit_for_Honble_MPs__2_.csv::row57,True
Uttar Pradesh,Brijbhushan Sharan Singh(17th Lok Sabha),Brijbhushan Sharan Singh,KAISERGANJ,73563957.11,MP_CONSTITUENCY,17th Lok Sabha,HIGH,explicit_suffix_in_mp_name,STAGE1_SNAPSHOT,Allocated_Limit_for_Honble_MPs__2_.csv,58,STAGE1_SNAPSHOT::Allocated_Limit_for_Honble_MPs__2_.csv::row58,True
Haryana,Brijendra Singh,Brijendra Singh,HISAR,98063957.11,MP_CONSTITUENCY,Unknown,UNKNOWN,no_explicit_term_marker_in_source_record,STAGE1_SNAPSHOT,Allocated_Limit_for_Honble_MPs__2_.csv,59,STAGE1_SNAPSHOT::Allocated_Limit_for_Honble_MPs__2_.csv::row59,True
Mizoram,C Lalrosanga(17th Lok Sabha),C Lalrosanga,MIZORAM (ST),73563957.11,MP_CONSTITUENCY,17th Lok Sabha,HIGH,explicit_suffix_in_mp_name,STAGE1_SNAPSHOT,Allocated_Limit_for_Honble_MPs__2_.csv,60,STAGE1_SNAPSHOT::Allocated_Limit_for_Honble_MPs__2_.csv::row60,True
Gujarat,C R Patil,C R Patil,NAVSARI,68879825.0,MP_CONSTITUENCY,Unknown,UNKNOWN,no_explicit_term_marker_in_source_record,STAGE1_SNAPSHOT,Allocated_Limit_for_Honble_MPs__2_.csv,61,STAGE1_SNAPSHOT::Allocated_Limit_for_Honble_MPs__2_.csv::row61,True
Bihar,Chandan Singh,Chandan Singh,NAWADA,117663957.11,MP_CONSTITUENCY,Unknown,UNKNOWN,no_explicit_term_marker_in_source_record,STAGE1_SNAPSHOT,Allocated_Limit_for_Honble_MPs__2_.csv,62,STAGE1_SNAPSHOT::Allocated_Limit_for_Honble_MPs__2_.csv::row62,True
Bihar,Chandeshwar Prasad,Chandeshwar Prasad,JAHANABAD,98063957.11,MP_CONSTITUENCY,Unknown,UNKNOWN,no_explicit_term_marker_in_source_record,STAGE1_SNAPSHOT,Allocated_Limit_for_Honble_MPs__2_.csv,63,STAGE1_SNAPSHOT::Allocated_Limit_for_Honble_MPs__2_.csv::row63,True
Rajasthan,Chandra Prakash Joshi(17th Lok Sabha),Chandra Prakash Joshi,CHITTORGARH,98229959.11,MP_CONSTITUENCY,17th Lok Sabha,HIGH,explicit_suffix_in_mp_name,STAGE1_SNAPSHOT,Allocated_Limit_for_Honble_MPs__2_.csv,64,STAGE1_SNAPSHOT::Allocated_Limit_for_Honble_MPs__2_.csv::row64,True
Andhra Pradesh,Chandra Sekhar Bellana,Chandra Sekhar Bellana,VIZIANAGARAM,112429587.11,MP_CONSTITUENCY,Unknown,UNKNOWN,no_explicit_term_marker_in_source_record,STAGE1_SNAPSHOT,Allocated_Limit_for_Honble_MPs__2_.csv,65,STAGE1_SNAPSHOT::Allocated_Limit_for_Honble_MPs__2_.csv::row65,True
Bihar,Chaudhary Mehboob Ali Kaiser,Chaudhary Mehboob Ali Kaiser,KHAGARIA,49063957.11,MP_CONSTITUENCY,Unknown,UNKNOWN,no_explicit_term_marker_in_source_record,STAGE1_SNAPSHOT,Allocated_Limit_for_Honble_MPs__2_.csv,66,STAGE1_SNAPSHOT::Allocated_Limit_for_Honble_MPs__2_.csv::row66,True
Madhya Pradesh,Chhatar Singh Darbar(17th Lok Sabha),Chhatar Singh Darbar,DHAR(ST),75559466.11,MP_CONSTITUENCY,17th Lok Sabha,HIGH,explicit_suffix_in_mp_name,STAGE1_SNAPSHOT,Allocated_Limit_for_Honble_MPs__2_.csv,67,STAGE1_SNAPSHOT::Allocated_Limit_for_Honble_MPs__2_.csv::row67,True
Bihar,Chhedi Paswan,Chhedi Paswan,SASARAM(SC),49063957.11,MP_CONSTITUENCY,Unknown,UNKNOWN,no_explicit_term_marker_in_source_record,STAGE1_SNAPSHOT,Allocated_Limit_for_Honble_MPs__2_.csv,68,STAGE1_SNAPSHOT::Allocated_Limit_for_Honble_MPs__2_.csv::row68,True
Bihar,Chirag Paswan,Chirag Paswan,JAMUI(SC),59479920.0,MP_CONSTITUENCY,Unknown,UNKNOWN,no_explicit_term_marker_in_source_record,STAGE1_SNAPSHOT,Allocated_Limit_for_Honble_MPs__2_.csv,69,STAGE1_SNAPSHOT::Allocated_Limit_for_Honble_MPs__2_.csv::row69,True
Chhattisgarh,Chunni lal Sahu,Chunni lal Sahu,MAHASAMUND,49563957.11,MP_CONSTITUENCY,Unknown,UNKNOWN,no_explicit_term_marker_in_source_record,STAGE1_SNAPSHOT,Allocated_Limit_for_Honble_MPs__2_.csv,70,STAGE1_SNAPSHOT::Allocated_Limit_for_Honble_MPs__2_.csv::row70,True
Tamil Nadu,CN Annadurai(17TH Lok Sabha),CN Annadurai,TIRUVANNAMALAI,48191981.0,MP_CONSTITUENCY,17th Lok Sabha,HIGH,explicit_suffix_in_mp_name,STAGE1_SNAPSHOT,Allocated_Limit_for_Honble_MPs__2_.csv,71,STAGE1_SNAPSHOT::Allocated_Limit_for_Honble_MPs__2_.csv::row71,True
Tamil Nadu,D M Kathir Anand (17th Lok Sabha),D M Kathir Anand,VELLORE,69885601.0,MP_CONSTITUENCY,17th Lok Sabha,HIGH,explicit_suffix_in_mp_name,STAGE1_SNAPSHOT,Allocated_Limit_for_Honble_MPs__2_.csv,72,STAGE1_SNAPSHOT::Allocated_Limit_for_Honble_MPs__2_.csv::row72,True
Tamil Nadu,D Ravikumar,D Ravikumar,VILUPPURAM(SC),72417768.0,MP_CONSTITUENCY,Unknown,UNKNOWN,no_explicit_term_marker_in_source_record,STAGE1_SNAPSHOT,Allocated_Limit_for_Honble_MPs__2_.csv,73,STAGE1_SNAPSHOT::Allocated_Limit_for_Honble_MPs__2_.csv::row73,True
Telangana,Dayakar Pasunoori(17th Lok Sabha),Dayakar Pasunoori,WARANGEL(SC),106908056.11,MP_CONSTITUENCY,17th Lok Sabha,HIGH,explicit_suffix_in_mp_name,STAGE1_SNAPSHOT,Allocated_Limit_for_Honble_MPs__2_.csv,74,STAGE1_SNAPSHOT::Allocated_Limit_for_Honble_MPs__2_.csv::row74,True
Chhattisgarh,Deepak Baij,Deepak Baij,BASTAR(ST),73563957.11,MP_CONSTITUENCY,Unknown,UNKNOWN,no_explicit_term_marker_in_source_record,STAGE1_SNAPSHOT,Allocated_Limit_for_Honble_MPs__2_.csv,75,STAGE1_SNAPSHOT::Allocated_Limit_for_Honble_MPs__2_.csv::row75,True
Uttar Pradesh,Devendra Alias Bhole Singh(17th Lok Sabha),Devendra Alias Bhole Singh,AKBARPUR,76530281.23,MP_CONSTITUENCY,17th Lok Sabha,HIGH,explicit_suffix_in_mp_name,STAGE1_SNAPSHOT,Allocated_Limit_for_Honble_MPs__2_.csv,76,STAGE1_SNAPSHOT::Allocated_Limit_for_Honble_MPs__2_.csv::row76,True
Rajasthan,Devji Mansingram Patel(17th Lok Sabha),Devji Mansingram Patel,JALORE,73563957.11,MP_CONSTITUENCY,17th Lok Sabha,HIGH,explicit_suffix_in_mp_name,STAGE1_SNAPSHOT,Allocated_Limit_for_Honble_MPs__2_.csv,77,STAGE1_SNAPSHOT::Allocated_Limit_for_Honble_MPs__2_.csv::row77,True
Gujarat,Devusinh Jesingbhai Chauhan,Devusinh Jesingbhai Chauhan,KHEDA,98063957.11,MP_CONSTITUENCY,Unknown,UNKNOWN,no_explicit_term_marker_in_source_record,STAGE1_SNAPSHOT,Allocated_Limit_for_Honble_MPs__2_.csv,78,STAGE1_SNAPSHOT::Allocated_Limit_for_Honble_MPs__2_.csv::row78,True
Maharashtra,Dhairyasheel Sambhajirao Mane(17th Lok Sabha),Dhairyasheel Sambhajirao Mane,HATKANANGLE,107321516.78999999,MP_CONSTITUENCY,17th Lok Sabha,HIGH,explicit_suffix_in_mp_name,STAGE1_SNAPSHOT,Allocated_Limit_for_Honble_MPs__2_.csv,79,STAGE1_SNAPSHOT::Allocated_Limit_for_Honble_MPs__2_.csv::row79,True
Madhya Pradesh,Dhal Singh Bisen,Dhal Singh Bisen,BALAGHAT,48992666.9,MP_CONSTITUENCY,Unknown,UNKNOWN,no_explicit_term_marker_in_source_record,STAGE1_SNAPSHOT,Allocated_Limit_for_Honble_MPs__2_.csv,80,STAGE1_SNAPSHOT::Allocated_Limit_for_Honble_MPs__2_.csv::row80,True
Tamil Nadu,Dhanush M Kumar(17th Lok Sabha),Dhanush M Kumar,TENKASI(SC),112718252.0,MP_CONSTITUENCY,17th Lok Sabha,HIGH,explicit_suffix_in_mp_name,STAGE1_SNAPSHOT,Allocated_Limit_for_Honble_MPs__2_.csv,81,STAGE1_SNAPSHOT::Allocated_Limit_for_Honble_MPs__2_.csv::row81,True
Uttar Pradesh,Dharmendra Kumar Kashyap(17th Lok Sabha),Dharmendra Kumar Kashyap,AONLA,75587171.07,MP_CONSTITUENCY,17th Lok Sabha,HIGH,explicit_suffix_in_mp_name,STAGE1_SNAPSHOT,Allocated_Limit_for_Honble_MPs__2_.csv,82,STAGE1_SNAPSHOT::Allocated_Limit_for_Honble_MPs__2_.csv::row82,True
Bihar,Dileshwar Kamait,Dileshwar Kamait,SUPAUL,55691994.0,MP_CONSTITUENCY,Unknown,UNKNOWN,no_explicit_term_marker_in_source_record,STAGE1_SNAPSHOT,Allocated_Limit_for_Honble_MPs__2_.csv,83,STAGE1_SNAPSHOT::Allocated_Limit_for_Honble_MPs__2_.csv::row83,True
Assam,Dilip Saikia,Dilip Saikia,Darrang-Udalguri,73563957.11,MP_CONSTITUENCY,Unknown,UNKNOWN,no_explicit_term_marker_in_source_record,STAGE1_SNAPSHOT,Allocated_Limit_for_Honble_MPs__2_.csv,84,STAGE1_SNAPSHOT::Allocated_Limit_for_Honble_MPs__2_.csv::row84,True
Bihar,Dinesh Chandra Yadav,Dinesh Chandra Yadav,MADHEPURA,114593091.0,MP_CONSTITUENCY,Unknown,UNKNOWN,no_explicit_term_marker_in_source_record,STAGE1_SNAPSHOT,Allocated_Limit_for_Honble_MPs__2_.csv,85,STAGE1_SNAPSHOT::Allocated_Limit_for_Honble_MPs__2_.csv::row85,True
Uttar Pradesh,Dinesh Lal Yadav (17th Lok Sabha),Dinesh Lal Yadav,AZAMGARH,51574427.28,MP_CONSTITUENCY,17th Lok Sabha,HIGH,explicit_suffix_in_mp_name,STAGE1_SNAPSHOT,Allocated_Limit_for_Honble_MPs__2_.csv,86,STAGE1_SNAPSHOT::Allocated_Limit_for_Honble_MPs__2_.csv::row86,True
Gujarat,Dipsinh Shankarsinh Rathod,Dipsinh Shankarsinh Rathod,SABARKANTHA,73563957.11,MP_CONSTITUENCY,Unknown,UNKNOWN,no_explicit_term_marker_in_source_record,STAGE1_SNAPSHOT,Allocated_Limit_for_Honble_MPs__2_.csv,87,STAGE1_SNAPSHOT::Allocated_Limit_for_Honble_MPs__2_.csv::row87,True
Tamil Nadu,Dnv Senthilkumar S(17th Lok Sabha),Dnv Senthilkumar S,DHARAMAPURI,96844975.0,MP_CONSTITUENCY,17th Lok Sabha,HIGH,explicit_suffix_in_mp_name,STAGE1_SNAPSHOT,Allocated_Limit_for_Honble_MPs__2_.csv,88,STAGE1_SNAPSHOT::Allocated_Limit_for_Honble_MPs__2_.csv::row88,True
Karnataka,Doddaalahalli Kempegowda Suresh,Doddaalahalli Kempegowda Suresh,BANGALORE RURAL,98063957.11,MP_CONSTITUENCY,Unknown,UNKNOWN,no_explicit_term_marker_in_source_record,STAGE1_SNAPSHOT,Allocated_Limit_for_Honble_MPs__2_.csv,89,STAGE1_SNAPSHOT::Allocated_Limit_for_Honble_MPs__2_.csv::row89,True
Uttar Pradesh,Dr Chandra Sen Jadon (17th Lok Sabha),Dr Chandra Sen Jadon,FIROZABAD,49063957.11,MP_CONSTITUENCY,17th Lok Sabha,HIGH,explicit_suffix_in_mp_name,STAGE1_SNAPSHOT,Allocated_Limit_for_Honble_MPs__2_.csv,90,STAGE1_SNAPSHOT::Allocated_Limit_for_Honble_MPs__2_.csv::row90,True
Delhi,Dr Harsh Vardhan (17th Lok Sabha),Dr Harsh Vardhan,CHANDINI CHOWK,142163957.11,MP_CONSTITUENCY,17th Lok Sabha,HIGH,explicit_suffix_in_mp_name,STAGE1_SNAPSHOT,Allocated_Limit_for_Honble_MPs__2_.csv,91,STAGE1_SNAPSHOT::Allocated_Limit_for_Honble_MPs__2_.csv::row91,True
West Bengal,Dr Jayanta Kumar Roy (17th Lok Sabha),Dr Jayanta Kumar Roy,JALPAIGURI(SC),117663957.11,MP_CONSTITUENCY,17th Lok Sabha,HIGH,explicit_suffix_in_mp_name,STAGE1_SNAPSHOT,Allocated_Limit_for_Honble_MPs__2_.csv,92,STAGE1_SNAPSHOT::Allocated_Limit_for_Honble_MPs__2_.csv::row92,True
Gujarat,Dr K C Patel (17th Lok Sabha),Dr K C Patel,VALSAD(ST),98063957.11,MP_CONSTITUENCY,17th Lok Sabha,HIGH,explicit_suffix_in_mp_name,STAGE1_SNAPSHOT,Allocated_Limit_for_Honble_MPs__2_.csv,93,STAGE1_SNAPSHOT::Allocated_Limit_for_Honble_MPs__2_.csv::row93,True
West Bengal,Dr Kakoli Ghosh Dastidar,Dr Kakoli Ghosh Dastidar,BARASAT,73563957.11,MP_CONSTITUENCY,Unknown,UNKNOWN,no_explicit_term_marker_in_source_record,STAGE1_SNAPSHOT,Allocated_Limit_for_Honble_MPs__2_.csv,94,STAGE1_SNAPSHOT::Allocated_Limit_for_Honble_MPs__2_.csv::row94,True
Gujarat,Dr Mahendrabhai Munjapara (17th Lok Sabha),Dr Mahendrabhai Munjapara,SURENDRANAGAR,98063957.11,MP_CONSTITUENCY,17th Lok Sabha,HIGH,explicit_suffix_in_mp_name,STAGE1_SNAPSHOT,Allocated_Limit_for_Honble_MPs__2_.csv,95,STAGE1_SNAPSHOT::Allocated_Limit_for_Honble_MPs__2_.csv::row95,True
Bihar,Dr Mohammad Jawed (17th Lok Sabha),Dr Mohammad Jawed,KISHANGANJ,96394728.0,MP_CONSTITUENCY,17th Lok Sabha,HIGH,explicit_suffix_in_mp_name,STAGE1_SNAPSHOT,Allocated_Limit_for_Honble_MPs__2_.csv,96,STAGE1_SNAPSHOT::Allocated_Limit_for_Honble_MPs__2_.csv::row96,True
Andhra Pradesh,Dr Sanjeev Kumar Singari (17th Lok Sabha),Dr Sanjeev Kumar Singari,KURNOOL,114656032.0,MP_CONSTITUENCY,17th Lok Sabha,HIGH,explicit_suffix_in_mp_name,STAGE1_SNAPSHOT,Allocated_Limit_for_Honble_MPs__2_.csv,97,STAGE1_SNAPSHOT::Allocated_Limit_for_Honble_MPs__2_.csv::row97,True
Kerala,Dr Shashi Tharoor (17th Lok Sabha),Dr Shashi Tharoor,THIRUVANANTHAPURAM,98063957.11,MP_CONSTITUENCY,17th Lok Sabha,HIGH,explicit_suffix_in_mp_name,STAGE1_SNAPSHOT,Allocated_Limit_for_Honble_MPs__2_.csv,98,STAGE1_SNAPSHOT::Allocated_Limit_for_Honble_MPs__2_.csv::row98,True
West Bengal,Dr Sukanta Majumdar (17th Lok Sabha),Dr Sukanta Majumdar,BALURGHAT,73563957.11,MP_CONSTITUENCY,17th Lok Sabha,HIGH,explicit_suffix_in_mp_name,STAGE1_SNAPSHOT,Allocated_Limit_for_Honble_MPs__2_.csv,99,STAGE1_SNAPSHOT::Allocated_Limit_for_Honble_MPs__2_.csv::row99,True
Karnataka,Dr Umesh G Jadhav (17th Lok Sabha),Dr Umesh G Jadhav,GULBARGA(SC),142163957.11,MP_CONSTITUENCY,17th Lok Sabha,HIGH,explicit_suffix_in_mp_name,STAGE1_SNAPSHOT,Allocated_Limit_for_Honble_MPs__2_.csv,100,STAGE1_SNAPSHOT::Allocated_Limit_for_Honble_MPs__2_.csv::row100,True
Uttar Pradesh,Dr. Vijay Kumar Singh (Retd) General,Dr. Vijay Kumar Singh (Retd) General,GHAZIABAD,73563957.46,MP_CONSTITUENCY,Unknown,UNKNOWN,no_explicit_term_marker_in_source_record,STAGE1_SNAPSHOT,Allocated_Limit_for_Honble_MPs__2_.csv,101,STAGE1_SNAPSHOT::Allocated_Limit_for_Honble_MPs__2_.csv::row101,True
Madhya Pradesh,Durga Das Uikey,Durga Das Uikey,BETUL(ST),63300030.0,MP_CONSTITUENCY,Unknown,UNKNOWN,no_explicit_term_marker_in_source_record,STAGE1_SNAPSHOT,Allocated_Limit_for_Honble_MPs__2_.csv,102,STAGE1_SNAPSHOT::Allocated_Limit_for_Honble_MPs__2_.csv::row102,True
Rajasthan,Dushyant Singh(17th Lok Sabha),Dushyant Singh,JHALAWAR-BARAN,133983166.11,MP_CONSTITUENCY,17th Lok Sabha,HIGH,explicit_suffix_in_mp_name,STAGE1_SNAPSHOT,Allocated_Limit_for_Honble_MPs__2_.csv,103,STAGE1_SNAPSHOT::Allocated_Limit_for_Honble_MPs__2_.csv::row103,True
Kerala,E T Mohammed Basheer(17th Lok Sabha),E T Mohammed Basheer,PONNANI,99662238.0,MP_CONSTITUENCY,17th Lok Sabha,HIGH,explicit_suffix_in_mp_name,STAGE1_SNAPSHOT,Allocated_Limit_for_Honble_MPs__2_.csv,104,STAGE1_SNAPSHOT::Allocated_Limit_for_Honble_MPs__2_.csv::row104,True
Madhya Pradesh,Faggan Singh Kulaste(17th Lok Sabha),Faggan Singh Kulaste,MANDLA(ST),71659644.0,MP_CONSTITUENCY,17th Lok Sabha,HIGH,explicit_suffix_in_mp_name,STAGE1_SNAPSHOT,Allocated_Limit_for_Honble_MPs__2_.csv,105,STAGE1_SNAPSHOT::Allocated_Limit_for_Honble_MPs__2_.csv::row105,True
Lakshadweep,Faizal PP Mohammed(17th Lok Sabha),Faizal PP Mohammed,LAKSHADWEEP(ST),199841805.70000002,MP_CONSTITUENCY,17th Lok Sabha,HIGH,explicit_suffix_in_mp_name,STAGE1_SNAPSHOT,Allocated_Limit_for_Honble_MPs__2_.csv,106,STAGE1_SNAPSHOT::Allocated_Limit_for_Honble_MPs__2_.csv::row106,True
Uttar Pradesh,Feroze Varun Gandhi,Feroze Varun Gandhi,PILIBHIT,73563957.11,MP_CONSTITUENCY,Unknown,UNKNOWN,no_explicit_term_marker_in_source_record,STAGE1_SNAPSHOT,Allocated_Limit_for_Honble_MPs__2_.csv,107,STAGE1_SNAPSHOT::Allocated_Limit_for_Honble_MPs__2_.csv::row107,True
Goa,Francisco Cosme Sardinha,Francisco Cosme Sardinha,SOUTH GOA,98063957.11,MP_CONSTITUENCY,Unknown,UNKNOWN,no_explicit_term_marker_in_source_record,STAGE1_SNAPSHOT,Allocated_Limit_for_Honble_MPs__2_.csv,108,STAGE1_SNAPSHOT::Allocated_Limit_for_Honble_MPs__2_.csv::row108,True
Telangana,Gaddam Ranjith Reddy(17th Lok Sabha),Gaddam Ranjith Reddy,CHELVELLA,107153791.0,MP_CONSTITUENCY,17th Lok Sabha,HIGH,explicit_suffix_in_mp_name,STAGE1_SNAPSHOT,Allocated_Limit_for_Honble_MPs__2_.csv,109,STAGE1_SNAPSHOT::Allocated_Limit_for_Honble_MPs__2_.csv::row109,True
Madhya Pradesh,Gajendra Singh Patel(17th Lok Sabha),Gajendra Singh Patel,KHARGONE(ST),104777580.18,MP_CONSTITUENCY,17th Lok Sabha,HIGH,explicit_suffix_in_mp_name,STAGE1_SNAPSHOT,Allocated_Limit_for_Honble_MPs__2_.csv,110,STAGE1_SNAPSHOT::Allocated_Limit_for_Honble_MPs__2_.csv::row110,True
Rajasthan,Gajendra Singh Shekhawat(17th Lok Sabha),Gajendra Singh Shekhawat,JODHPUR,147063957.11,MP_CONSTITUENCY,17th Lok Sabha,HIGH,explicit_suffix_in_mp_name,STAGE1_SNAPSHOT,Allocated_Limit_for_Honble_MPs__2_.csv,111,STAGE1_SNAPSHOT::Allocated_Limit_for_Honble_MPs__2_.csv::row111,True
Tamil Nadu,Ganesan Selvam(17th Lok Sabha),Ganesan Selvam,KANCHEEPURAM(SC),70362000.0,MP_CONSTITUENCY,17th Lok Sabha,HIGH,explicit_suffix_in_mp_name,STAGE1_SNAPSHOT,Allocated_Limit_for_Honble_MPs__2_.csv,112,STAGE1_SNAPSHOT::Allocated_Limit_for_Honble_MPs__2_.csv::row112,True
Madhya Pradesh,Ganesh Singh(17th Lok Sabha),Ganesh Singh,SATNA,73563957.11,MP_CONSTITUENCY,17th Lok Sabha,HIGH,explicit_suffix_in_mp_name,STAGE1_SNAPSHOT,Allocated_Limit_for_Honble_MPs__2_.csv,113,STAGE1_SNAPSHOT::Allocated_Limit_for_Honble_MPs__2_.csv::row113,True
Assam,Gaurav Gogoi,Gaurav Gogoi,Kaziranga,49063957.11,MP_CONSTITUENCY,Unknown,UNKNOWN,no_explicit_term_marker_in_source_record,STAGE1_SNAPSHOT,Allocated_Limit_for_Honble_MPs__2_.csv,114,STAGE1_SNAPSHOT::Allocated_Limit_for_Honble_MPs__2_.csv::row114,True
Delhi,Gautam Gambhir (17th Lok Sabha),Gautam Gambhir,EAST DELHI,98063957.11,MP_CONSTITUENCY,17th Lok Sabha,HIGH,explicit_suffix_in_mp_name,STAGE1_SNAPSHOT,Allocated_Limit_for_Honble_MPs__2_.csv,115,STAGE1_SNAPSHOT::Allocated_Limit_for_Honble_MPs__2_.csv::row115,True
Jharkhand,Geeta Kora(17th Lok Sabha),Geeta Kora,SINGHBHUM(ST),98063957.11,MP_CONSTITUENCY,17th Lok Sabha,HIGH,explicit_suffix_in_mp_name,STAGE1_SNAPSHOT,Allocated_Limit_for_Honble_MPs__2_.csv,116,STAGE1_SNAPSHOT::Allocated_Limit_for_Honble_MPs__2_.csv::row116,True
Uttar Pradesh,Ghanshyam Singh Lodhi(17th Lok Sabha),Ghanshyam Singh Lodhi,RAMPUR,49063957.11,MP_CONSTITUENCY,17th Lok Sabha,HIGH,explicit_suffix_in_mp_name,STAGE1_SNAPSHOT,Allocated_Limit_for_Honble_MPs__2_.csv,117,STAGE1_SNAPSHOT::Allocated_Limit_for_Honble_MPs__2_.csv::row117,True
Bihar,Giridhari Yadav,Giridhari Yadav,BANKA,73563957.11,MP_CONSTITUENCY,Unknown,UNKNOWN,no_explicit_term_marker_in_source_record,STAGE1_SNAPSHOT,Allocated_Limit_for_Honble_MPs__2_.csv,118,STAGE1_SNAPSHOT::Allocated_Limit_for_Honble_MPs__2_.csv::row118,True
Bihar,Giriraj Singh,Giriraj Singh,BEGUSARAI,98063957.11,MP_CONSTITUENCY,Unknown,UNKNOWN,no_explicit_term_marker_in_source_record,STAGE1_SNAPSHOT,Allocated_Limit_for_Honble_MPs__2_.csv,119,STAGE1_SNAPSHOT::Allocated_Limit_for_Honble_MPs__2_.csv::row119,True
Maharashtra,Girish Bhalchandra Bapat (Ex 17 Lok Sabha),Girish Bhalchandra Bapat,PUNE,49432826.0,MP_CONSTITUENCY,Unknown,UNKNOWN,no_explicit_term_marker_in_source_record,STAGE1_SNAPSHOT,Allocated_Limit_for_Honble_MPs__2_.csv,120,STAGE1_SNAPSHOT::Allocated_Limit_for_Honble_MPs__2_.csv::row120,True
Uttar Pradesh,Girish Chandra(17th Lok Sabha),Girish Chandra,NAGINA(SC),77365126.11,MP_CONSTITUENCY,17th Lok Sabha,HIGH,explicit_suffix_in_mp_name,STAGE1_SNAPSHOT,Allocated_Limit_for_Honble_MPs__2_.csv,121,STAGE1_SNAPSHOT::Allocated_Limit_for_Honble_MPs__2_.csv::row121,True
Andhra Pradesh,Goddeti Madhavi,Goddeti Madhavi,ARAKU(ST),97965817.0,MP_CONSTITUENCY,Unknown,UNKNOWN,no_explicit_term_marker_in_source_record,STAGE1_SNAPSHOT,Allocated_Limit_for_Honble_MPs__2_.csv,122,STAGE1_SNAPSHOT::Allocated_Limit_for_Honble_MPs__2_.csv::row122,True
Karnataka,Gowdar Mallikarjunappa Siddeshwara,Gowdar Mallikarjunappa Siddeshwara,DAVANAGERE,51299837.11,MP_CONSTITUENCY,Unknown,UNKNOWN,no_explicit_term_marker_in_source_record,STAGE1_SNAPSHOT,Allocated_Limit_for_Honble_MPs__2_.csv,123,STAGE1_SNAPSHOT::Allocated_Limit_for_Honble_MPs__2_.csv::row123,True
Chhattisgarh,Guharam Ajgalley,Guharam Ajgalley,JANJGIR CHAMPA(SC),48710679.0,MP_CONSTITUENCY,Unknown,UNKNOWN,no_explicit_term_marker_in_source_record,STAGE1_SNAPSHOT,Allocated_Limit_for_Honble_MPs__2_.csv,124,STAGE1_SNAPSHOT::Allocated_Limit_for_Honble_MPs__2_.csv::row124,True
Madhya Pradesh,Guman Singh Damor,Guman Singh Damor,RATLAM(ST),77166388.17,MP_CONSTITUENCY,Unknown,UNKNOWN,no_explicit_term_marker_in_source_record,STAGE1_SNAPSHOT,Allocated_Limit_for_Honble_MPs__2_.csv,125,STAGE1_SNAPSHOT::Allocated_Limit_for_Honble_MPs__2_.csv::row125,True
Madhya Pradesh,Gyaneshwar Patil(17th Lok Sabha),Gyaneshwar Patil,KHANDWA,69756360.0,MP_CONSTITUENCY,17th Lok Sabha,HIGH,explicit_suffix_in_mp_name,STAGE1_SNAPSHOT,Allocated_Limit_for_Honble_MPs__2_.csv,126,STAGE1_SNAPSHOT::Allocated_Limit_for_Honble_MPs__2_.csv::row126,True
Delhi,Hans Raj Hans (17th Lok Sabha),Hans Raj Hans,NORTH WEST DELHI(SC),117663957.11,MP_CONSTITUENCY,17th Lok Sabha,HIGH,explicit_suffix_in_mp_name,STAGE1_SNAPSHOT,Allocated_Limit_for_Honble_MPs__2_.csv,127,STAGE1_SNAPSHOT::Allocated_Limit_for_Honble_MPs__2_.csv::row127,True
Gujarat,Hasmukh Bhai Soma Bhai Patel,Hasmukh Bhai Soma Bhai Patel,AHMEDABAD EAST,73563957.11,MP_CONSTITUENCY,Unknown,UNKNOWN,no_explicit_term_marker_in_source_record,STAGE1_SNAPSHOT,Allocated_Limit_for_Honble_MPs__2_.csv,128,STAGE1_SNAPSHOT::Allocated_Limit_for_Honble_MPs__2_.csv::row128,True
Jammu And Kashmir,Hasnain Masoodi,Hasnain Masoodi,ANANTNAG,98063957.11,MP_CONSTITUENCY,Unknown,UNKNOWN,no_explicit_term_marker_in_source_record,STAGE1_SNAPSHOT,Allocated_Limit_for_Honble_MPs__2_.csv,129,STAGE1_SNAPSHOT::Allocated_Limit_for_Honble_MPs__2_.csv::row129,True
Maharashtra,Heena Vijaykumar Gavit(17th Lok Sabha),Heena Vijaykumar Gavit,NANDURBAR(ST),97247648.0,MP_CONSTITUENCY,17th Lok Sabha,HIGH,explicit_suffix_in_mp_name,STAGE1_SNAPSHOT,Allocated_Limit_for_Honble_MPs__2_.csv,130,STAGE1_SNAPSHOT::Allocated_Limit_for_Honble_MPs__2_.csv::row130,True
Maharashtra,Hemant Shriram Patil,Hemant Shriram Patil,HINGOLI,98063957.11,MP_CONSTITUENCY,Unknown,UNKNOWN,no_explicit_term_marker_in_source_record,STAGE1_SNAPSHOT,Allocated_Limit_for_Honble_MPs__2_.csv,131,STAGE1_SNAPSHOT::Allocated_Limit_for_Honble_MPs__2_.csv::row131,True
Maharashtra,Hemant Tukaram Godse(17th Lok Sabha),Hemant Tukaram Godse,NASHIK,92185275.0,MP_CONSTITUENCY,17th Lok Sabha,HIGH,explicit_suffix_in_mp_name,STAGE1_SNAPSHOT,Allocated_Limit_for_Honble_MPs__2_.csv,132,STAGE1_SNAPSHOT::Allocated_Limit_for_Honble_MPs__2_.csv::row132,True
Assam,Horen Sing Bey,Horen Sing Bey,Diphu (ST),98063957.11,MP_CONSTITUENCY,Unknown,UNKNOWN,no_explicit_term_marker_in_source_record,STAGE1_SNAPSHOT,Allocated_Limit_for_Honble_MPs__2_.csv,133,STAGE1_SNAPSHOT::Allocated_Limit_for_Honble_MPs__2_.csv::row133,True
Sikkim,Indra Hang Subba,Indra Hang Subba,SIKKIM,93060034.0,MP_CONSTITUENCY,Unknown,UNKNOWN,no_explicit_term_marker_in_source_record,STAGE1_SNAPSHOT,Allocated_Limit_for_Honble_MPs__2_.csv,134,STAGE1_SNAPSHOT::Allocated_Limit_for_Honble_MPs__2_.csv::row134,True
West Bengal,Jagannath Sarkar(17th Lok Sabha),Jagannath Sarkar,RANAGHAT(SC),73563957.11,MP_CONSTITUENCY,17th Lok Sabha,HIGH,explicit_suffix_in_mp_name,STAGE1_SNAPSHOT,Allocated_Limit_for_Honble_MPs__2_.csv,135,STAGE1_SNAPSHOT::Allocated_Limit_for_Honble_MPs__2_.csv::row135,True
Uttar Pradesh,Jagdambika Pal(17th Lok Sabha),Jagdambika Pal,DOMARIYAGANJ,84420000.0,MP_CONSTITUENCY,17th Lok Sabha,HIGH,explicit_suffix_in_mp_name,STAGE1_SNAPSHOT,Allocated_Limit_for_Honble_MPs__2_.csv,136,STAGE1_SNAPSHOT::Allocated_Limit_for_Honble_MPs__2_.csv::row136,True
Uttar Pradesh,Jai Prakash(17th Lok Sabha),Jai Prakash,HARDOI (SC),73563957.11,MP_CONSTITUENCY,17th Lok Sabha,HIGH,explicit_suffix_in_mp_name,STAGE1_SNAPSHOT,Allocated_Limit_for_Honble_MPs__2_.csv,137,STAGE1_SNAPSHOT::Allocated_Limit_for_Honble_MPs__2_.csv::row137,True
Maharashtra,Jaisidheshwar Shivachary Mahaswamiji,Jaisidheshwar Shivachary Mahaswamiji,SOLAPUR(SC),117663957.11,MP_CONSTITUENCY,Unknown,UNKNOWN,no_explicit_term_marker_in_source_record,STAGE1_SNAPSHOT,Allocated_Limit_for_Honble_MPs__2_.csv,138,STAGE1_SNAPSHOT::Allocated_Limit_for_Honble_MPs__2_.csv::row138,True
Madhya Pradesh,Janardan Mishra(17th Lok Sabha),Janardan Mishra,REWA,73563957.11,MP_CONSTITUENCY,17th Lok Sabha,HIGH,explicit_suffix_in_mp_name,STAGE1_SNAPSHOT,Allocated_Limit_for_Honble_MPs__2_.csv,139,STAGE1_SNAPSHOT::Allocated_Limit_for_Honble_MPs__2_.csv::row139,True
Gujarat,Jaswantsinh Sumanbhai Bhabhor,Jaswantsinh Sumanbhai Bhabhor,DAHOD(ST),98063957.11,MP_CONSTITUENCY,Unknown,UNKNOWN,no_explicit_term_marker_in_source_record,STAGE1_SNAPSHOT,Allocated_Limit_for_Honble_MPs__2_.csv,140,STAGE1_SNAPSHOT::Allocated_Limit_for_Honble_MPs__2_.csv::row140,True
Andhra Pradesh,Jayadev Galla,Jayadev Galla,GUNTUR,107116748.0,MP_CONSTITUENCY,Unknown,UNKNOWN,no_explicit_term_marker_in_source_record,STAGE1_SNAPSHOT,Allocated_Limit_for_Honble_MPs__2_.csv,141,STAGE1_SNAPSHOT::Allocated_Limit_for_Honble_MPs__2_.csv::row141,True
Jammu And Kashmir,Jitendra Singh,Jitendra Singh,UDHAMPUR,73563957.11,MP_CONSTITUENCY,Unknown,UNKNOWN,no_explicit_term_marker_in_source_record,STAGE1_SNAPSHOT,Allocated_Limit_for_Honble_MPs__2_.csv,142,STAGE1_SNAPSHOT::Allocated_Limit_for_Honble_MPs__2_.csv::row142,True
West Bengal,John Barla,John Barla,ALIPURDUARS(ST),98063957.11,MP_CONSTITUENCY,Unknown,UNKNOWN,no_explicit_term_marker_in_source_record,STAGE1_SNAPSHOT,Allocated_Limit_for_Honble_MPs__2_.csv,143,STAGE1_SNAPSHOT::Allocated_Limit_for_Honble_MPs__2_.csv::row143,True
Chhattisgarh,Jyotsna Charandas Mahant,Jyotsna Charandas Mahant,KORBA,47991858.0,MP_CONSTITUENCY,Unknown,UNKNOWN,no_explicit_term_marker_in_source_record,STAGE1_SNAPSHOT,Allocated_Limit_for_Honble_MPs__2_.csv,144,STAGE1_SNAPSHOT::Allocated_Limit_for_Honble_MPs__2_.csv::row144,True
Tamil Nadu,K Jayakumar(17th Lok Sabha),K Jayakumar,TIRUVALLUR(SC),117663957.11,MP_CONSTITUENCY,17th Lok Sabha,HIGH,explicit_suffix_in_mp_name,STAGE1_SNAPSHOT,Allocated_Limit_for_Honble_MPs__2_.csv,145,STAGE1_SNAPSHOT::Allocated_Limit_for_Honble_MPs__2_.csv::row145,True
Tamil Nadu,K Shanmuga Sundaram(17th Lok Sabha),K Shanmuga Sundaram,POLLACHI,97880087.0,MP_CONSTITUENCY,17th Lok Sabha,HIGH,explicit_suffix_in_mp_name,STAGE1_SNAPSHOT,Allocated_Limit_for_Honble_MPs__2_.csv,146,STAGE1_SNAPSHOT::Allocated_Limit_for_Honble_MPs__2_.csv::row146,True
Tamil Nadu,K Subbarayan(17th Lok Sabha),K Subbarayan,TIRUPPUR,98063957.11,MP_CONSTITUENCY,17th Lok Sabha,HIGH,explicit_suffix_in_mp_name,STAGE1_SNAPSHOT,Allocated_Limit_for_Honble_MPs__2_.csv,147,STAGE1_SNAPSHOT::Allocated_Limit_for_Honble_MPs__2_.csv::row147,True
Rajasthan,Kailash Choudhary(17th Lok Sabha),Kailash Choudhary,BARMER,73563957.11,MP_CONSTITUENCY,17th Lok Sabha,HIGH,explicit_suffix_in_mp_name,STAGE1_SNAPSHOT,Allocated_Limit_for_Honble_MPs__2_.csv,148,STAGE1_SNAPSHOT::Allocated_Limit_for_Honble_MPs__2_.csv::row148,True
Tamil Nadu,Kalanidhi Veeraswamy (17th Lok Sabha),Kalanidhi Veeraswamy,CHENNAI NORTH,117663957.11,MP_CONSTITUENCY,17th Lok Sabha,HIGH,explicit_suffix_in_mp_name,STAGE1_SNAPSHOT,Allocated_Limit_for_Honble_MPs__2_.csv,149,STAGE1_SNAPSHOT::Allocated_Limit_for_Honble_MPs__2_.csv::row149,True
West Bengal,Kalyan Banerjee (17th Lok Sabha),Kalyan Banerjee,SREERAMPUR,73563957.11,MP_CONSTITUENCY,17th Lok Sabha,HIGH,explicit_suffix_in_mp_name,STAGE1_SNAPSHOT,Allocated_Limit_for_Honble_MPs__2_.csv,150,STAGE1_SNAPSHOT::Allocated_Limit_for_Honble_MPs__2_.csv::row150,True
Uttar Pradesh,Kamlesh Paswan(17th Lok Sabha),Kamlesh Paswan,BANSGAON(SC),77497697.3,MP_CONSTITUENCY,17th Lok Sabha,HIGH,explicit_suffix_in_mp_name,STAGE1_SNAPSHOT,Allocated_Limit_for_Honble_MPs__2_.csv,151,STAGE1_SNAPSHOT::Allocated_Limit_for_Honble_MPs__2_.csv::row151,True
Rajasthan,Kanakmal Katara(17th Lok Sabha),Kanakmal Katara,BANSWARA(ST),73563957.11,MP_CONSTITUENCY,17th Lok Sabha,HIGH,explicit_suffix_in_mp_name,STAGE1_SNAPSHOT,Allocated_Limit_for_Honble_MPs__2_.csv,152,STAGE1_SNAPSHOT::Allocated_Limit_for_Honble_MPs__2_.csv::row152,True
Tamil Nadu,Kani K Navas(17th Lok Sabha),Kani K Navas,RAMANATHAPURAM,117663957.11,MP_CONSTITUENCY,17th Lok Sabha,HIGH,explicit_suffix_in_mp_name,STAGE1_SNAPSHOT,Allocated_Limit_for_Honble_MPs__2_.csv,153,STAGE1_SNAPSHOT::Allocated_Limit_for_Honble_MPs__2_.csv::row153,True
Tamil Nadu,Kanimozhi Karunanidhi,Kanimozhi Karunanidhi,THOOTHUKKUDI,98063957.11,MP_CONSTITUENCY,Unknown,UNKNOWN,no_explicit_term_marker_in_source_record,STAGE1_SNAPSHOT,Allocated_Limit_for_Honble_MPs__2_.csv,154,STAGE1_SNAPSHOT::Allocated_Limit_for_Honble_MPs__2_.csv::row154,True
Maharashtra,Kapil Moreshwar Patil(17th Lok Sabha),Kapil Moreshwar Patil,BHIWANDI,73563957.11,MP_CONSTITUENCY,17th Lok Sabha,HIGH,explicit_suffix_in_mp_name,STAGE1_SNAPSHOT,Allocated_Limit_for_Honble_MPs__2_.csv,155,STAGE1_SNAPSHOT::Allocated_Limit_for_Honble_MPs__2_.csv::row155,True
Uttar Pradesh,Kaushal Kishore,Kaushal Kishore,MOHANLALGANJ(SC),49063957.11,MP_CONSTITUENCY,Unknown,UNKNOWN,no_explicit_term_marker_in_source_record,STAGE1_SNAPSHOT,Allocated_Limit_for_Honble_MPs__2_.csv,156,STAGE1_SNAPSHOT::Allocated_Limit_for_Honble_MPs__2_.csv::row156,True
Bihar,Kaushalendra Kumar,Kaushalendra Kumar,NALANDA,98063957.11,MP_CONSTITUENCY,Unknown,UNKNOWN,no_explicit_term_marker_in_source_record,STAGE1_SNAPSHOT,Allocated_Limit_for_Honble_MPs__2_.csv,157,STAGE1_SNAPSHOT::Allocated_Limit_for_Honble_MPs__2_.csv::row157,True
West Bengal,Khagen Murmu(17th Lok Sabha),Khagen Murmu,MALDAHA UTTAR,98063957.11,MP_CONSTITUENCY,17th Lok Sabha,HIGH,explicit_suffix_in_mp_name,STAGE1_SNAPSHOT,Allocated_Limit_for_Honble_MPs__2_.csv,158,STAGE1_SNAPSHOT::Allocated_Limit_for_Honble_MPs__2_.csv::row158,True
West Bengal,Khalilur Rahaman,Khalilur Rahaman,JANGIPUR,196063957.11,MP_CONSTITUENCY,Unknown,UNKNOWN,no_explicit_term_marker_in_source_record,STAGE1_SNAPSHOT,Allocated_Limit_for_Honble_MPs__2_.csv,159,STAGE1_SNAPSHOT::Allocated_Limit_for_Honble_MPs__2_.csv::row159,True
Andhra Pradesh,Kinjarapu Ram Mohan Naidu,Kinjarapu Ram Mohan Naidu,SRIKAKULAM,72315037.0,MP_CONSTITUENCY,Unknown,UNKNOWN,no_explicit_term_marker_in_source_record,STAGE1_SNAPSHOT,Allocated_Limit_for_Honble_MPs__2_.csv,160,STAGE1_SNAPSHOT::Allocated_Limit_for_Honble_MPs__2_.csv::row160,True
Arunachal Pradesh,Kiren Rijiju,Kiren Rijiju,ARUNACHAL WEST,98063957.11,MP_CONSTITUENCY,Unknown,UNKNOWN,no_explicit_term_marker_in_source_record,STAGE1_SNAPSHOT,Allocated_Limit_for_Honble_MPs__2_.csv,161,STAGE1_SNAPSHOT::Allocated_Limit_for_Honble_MPs__2_.csv::row161,True
Gujarat,Kirit Premjibhai Solanki(17th Lok Sabha),Kirit Premjibhai Solanki,AHMEDABAD WEST(SC),60128992.0,MP_CONSTITUENCY,17th Lok Sabha,HIGH,explicit_suffix_in_mp_name,STAGE1_SNAPSHOT,Allocated_Limit_for_Honble_MPs__2_.csv,162,STAGE1_SNAPSHOT::Allocated_Limit_for_Honble_MPs__2_.csv::row162,True
Uttar Pradesh,Kirti Vardhan Singh(17th Lok Sabha),Kirti Vardhan Singh,GONDA,98063957.11,MP_CONSTITUENCY,17th Lok Sabha,HIGH,explicit_suffix_in_mp_name,STAGE1_SNAPSHOT,Allocated_Limit_for_Honble_MPs__2_.csv,163,STAGE1_SNAPSHOT::Allocated_Limit_for_Honble_MPs__2_.csv::row163,True
Himachal Pradesh,Kishan Kapoor,Kishan Kapoor,KANGRA,79124119.0,MP_CONSTITUENCY,Unknown,UNKNOWN,no_explicit_term_marker_in_source_record,STAGE1_SNAPSHOT,Allocated_Limit_for_Honble_MPs__2_.csv,164,STAGE1_SNAPSHOT::Allocated_Limit_for_Honble_MPs__2_.csv::row164,True
Telangana,Kishan Reddy Gangapuram(17th Lok Sabha),Kishan Reddy Gangapuram,SECUNDERABAD,127804716.11,MP_CONSTITUENCY,17th Lok Sabha,HIGH,explicit_suffix_in_mp_name,STAGE1_SNAPSHOT,Allocated_Limit_for_Honble_MPs__2_.csv,165,STAGE1_SNAPSHOT::Allocated_Limit_for_Honble_MPs__2_.csv::row165,True
Karnataka,Km Shobha Karandlaje (17th Lok Sabha),Km Shobha Karandlaje,UDUPI CHIKMAGALUR,98063957.11,MP_CONSTITUENCY,17th Lok Sabha,HIGH,explicit_suffix_in_mp_name,STAGE1_SNAPSHOT,Allocated_Limit_for_Honble_MPs__2_.csv,166,STAGE1_SNAPSHOT::Allocated_Limit_for_Honble_MPs__2_.csv::row166,True
Andhra Pradesh,Kotagiri Sridhar,Kotagiri Sridhar,ELURU,98063957.11,MP_CONSTITUENCY,Unknown,UNKNOWN,no_explicit_term_marker_in_source_record,STAGE1_SNAPSHOT,Allocated_Limit_for_Honble_MPs__2_.csv,167,STAGE1_SNAPSHOT::Allocated_Limit_for_Honble_MPs__2_.csv::row167,True
Telangana,Kotha Prabhakar Reddy(Ex 17th Lok Sabha),Kotha Prabhakar Reddy,MEDAK,98989127.0,MP_CONSTITUENCY,Unknown,UNKNOWN,no_explicit_term_marker_in_source_record,STAGE1_SNAPSHOT,Allocated_Limit_for_Honble_MPs__2_.csv,168,STAGE1_SNAPSHOT::Allocated_Limit_for_Honble_MPs__2_.csv::row168,True
Assam,Kripanath Mallah,Kripanath Mallah,KARIMGANJ (SC),98063957.11,MP_CONSTITUENCY,Unknown,UNKNOWN,no_explicit_term_marker_in_source_record,STAGE1_SNAPSHOT,Allocated_Limit_for_Honble_MPs__2_.csv,169,STAGE1_SNAPSHOT::Allocated_Limit_for_Honble_MPs__2_.csv::row169,True
Haryana,Krishan Pal Gurjar,Krishan Pal Gurjar,FARIDABAD,117663957.11,MP_CONSTITUENCY,Unknown,UNKNOWN,no_explicit_term_marker_in_source_record,STAGE1_SNAPSHOT,Allocated_Limit_for_Honble_MPs__2_.csv,170,STAGE1_SNAPSHOT::Allocated_Limit_for_Honble_MPs__2_.csv::row170,True
Madhya Pradesh,Krishna Pal Singh Yadav(17th Lok Sabha),Krishna Pal Singh Yadav,GUNA,98394360.59,MP_CONSTITUENCY,17th Lok Sabha,HIGH,explicit_suffix_in_mp_name,STAGE1_SNAPSHOT,Allocated_Limit_for_Honble_MPs__2_.csv,171,STAGE1_SNAPSHOT::Allocated_Limit_for_Honble_MPs__2_.csv::row171,True
Maharashtra,Krupal Balaji Tumane(17th Lok Sabha),Krupal Balaji Tumane,RAMTEK(SC),98063957.11,MP_CONSTITUENCY,17th Lok Sabha,HIGH,explicit_suffix_in_mp_name,STAGE1_SNAPSHOT,Allocated_Limit_for_Honble_MPs__2_.csv,172,STAGE1_SNAPSHOT::Allocated_Limit_for_Honble_MPs__2_.csv::row172,True
Andaman And Nicobar Islands,Kuldeep Rai Sharma,Kuldeep Rai Sharma,ANDAMAN AND NICOBAR ISLANDS,128506978.11,MP_CONSTITUENCY,Unknown,UNKNOWN,no_explicit_term_marker_in_source_record,STAGE1_SNAPSHOT,Allocated_Limit_for_Honble_MPs__2_.csv,173,STAGE1_SNAPSHOT::Allocated_Limit_for_Honble_MPs__2_.csv::row173,True
Meghalaya,Kum Agatha K Sangma(17th Lok Sabha),Kum Agatha K Sangma,TURA,98063957.11,MP_CONSTITUENCY,17th Lok Sabha,HIGH,explicit_suffix_in_mp_name,STAGE1_SNAPSHOT,Allocated_Limit_for_Honble_MPs__2_.csv,174,STAGE1_SNAPSHOT::Allocated_Limit_for_Honble_MPs__2_.csv::row174,True
Uttar Pradesh,Kunwar Pushpendra Singh Chandel,Kunwar Pushpendra Singh Chandel,HAMIRPUR_UP,98063957.11,MP_CONSTITUENCY,Unknown,UNKNOWN,no_explicit_term_marker_in_source_record,STAGE1_SNAPSHOT,Allocated_Limit_for_Honble_MPs__2_.csv,175,STAGE1_SNAPSHOT::Allocated_Limit_for_Honble_MPs__2_.csv::row175,True
Andhra Pradesh,Kuruva Gorantla Madhav,Kuruva Gorantla Madhav,HINDUPUR,72319187.0,MP_CONSTITUENCY,Unknown,UNKNOWN,no_explicit_term_marker_in_source_record,STAGE1_SNAPSHOT,Allocated_Limit_for_Honble_MPs__2_.csv,176,STAGE1_SNAPSHOT::Allocated_Limit_for_Honble_MPs__2_.csv::row176,True
The Dadra And Nagar Haveli And Daman And Diu,Lalubhai B Patel (17th Lok Sabha),Lalubhai B Patel,DAMAN and DIU,0.10999999940395355,MP_CONSTITUENCY,17th Lok Sabha,HIGH,explicit_suffix_in_mp_name,STAGE1_SNAPSHOT,Allocated_Limit_for_Honble_MPs__2_.csv,177,STAGE1_SNAPSHOT::Allocated_Limit_for_Honble_MPs__2_.csv::row177,True
Andhra Pradesh,Lavu Sri Krishna Devarayalu,Lavu Sri Krishna Devarayalu,NARASARAOPET,80039023.0,MP_CONSTITUENCY,Unknown,UNKNOWN,no_explicit_term_marker_in_source_record,STAGE1_SNAPSHOT,Allocated_Limit_for_Honble_MPs__2_.csv,178,STAGE1_SNAPSHOT::Allocated_Limit_for_Honble_MPs__2_.csv::row178,True
Kerala,M P Abdussamad Samadani,M P Abdussamad Samadani,MALAPPURAM,97686608.0,MP_CONSTITUENCY,Unknown,UNKNOWN,no_explicit_term_marker_in_source_record,STAGE1_SNAPSHOT,Allocated_Limit_for_Honble_MPs__2_.csv,179,STAGE1_SNAPSHOT::Allocated_Limit_for_Honble_MPs__2_.csv::row179,True
Tamil Nadu,M Selvaraj(17th Lok Sabha),M Selvaraj,NAGAPATTINAM(SC),73563957.11,MP_CONSTITUENCY,17th Lok Sabha,HIGH,explicit_suffix_in_mp_name,STAGE1_SNAPSHOT,Allocated_Limit_for_Honble_MPs__2_.csv,180,STAGE1_SNAPSHOT::Allocated_Limit_for_Honble_MPs__2_.csv::row180,True
Andhra Pradesh,Maddila Gurumoorthy,Maddila Gurumoorthy,TIRUPATI(SC),93882901.11,MP_CONSTITUENCY,Unknown,UNKNOWN,no_explicit_term_marker_in_source_record,STAGE1_SNAPSHOT,Allocated_Limit_for_Honble_MPs__2_.csv,181,STAGE1_SNAPSHOT::Allocated_Limit_for_Honble_MPs__2_.csv::row181,True
Andhra Pradesh,Magunta Sreenivasulu Reddy,Magunta Sreenivasulu Reddy,ONGOLE,191163957.11,MP_CONSTITUENCY,Unknown,UNKNOWN,no_explicit_term_marker_in_source_record,STAGE1_SNAPSHOT,Allocated_Limit_for_Honble_MPs__2_.csv,182,STAGE1_SNAPSHOT::Allocated_Limit_for_Honble_MPs__2_.csv::row182,True
Bihar,Mahabali Singh,Mahabali Singh,KARAKAT,73563957.11,MP_CONSTITUENCY,Unknown,UNKNOWN,no_explicit_term_marker_in_source_record,STAGE1_SNAPSHOT,Allocated_Limit_for_Honble_MPs__2_.csv,183,STAGE1_SNAPSHOT::Allocated_Limit_for_Honble_MPs__2_.csv::row183,True
Rajasthan,Mahant Balak Nath Yogi,Mahant Balak Nath Yogi,ALWAR,49000000.0,MP_CONSTITUENCY,Unknown,UNKNOWN,no_explicit_term_marker_in_source_record,STAGE1_SNAPSHOT,Allocated_Limit_for_Honble_MPs__2_.csv,184,STAGE1_SNAPSHOT::Allocated_Limit_for_Honble_MPs__2_.csv::row184,True
Uttar Pradesh,Mahendra Nath Pandey(17th Lok Sabha),Mahendra Nath Pandey,CHANDAULI,75003556.04,MP_CONSTITUENCY,17th Lok Sabha,HIGH,explicit_suffix_in_mp_name,STAGE1_SNAPSHOT,Allocated_Limit_for_Honble_MPs__2_.csv,185,STAGE1_SNAPSHOT::Allocated_Limit_for_Honble_MPs__2_.csv::row185,True
Madhya Pradesh,Mahendra Singh Solanky(17th Lok Sabha),Mahendra Singh Solanky,DEWAS(SC),82366740.16,MP_CONSTITUENCY,17th Lok Sabha,HIGH,explicit_suffix_in_mp_name,STAGE1_SNAPSHOT,Allocated_Limit_for_Honble_MPs__2_.csv,186,STAGE1_SNAPSHOT::Allocated_Limit_for_Honble_MPs__2_.csv::row186,True
Uttar Pradesh,Mahesh Sharma(17th Lok Sabha),Mahesh Sharma,GAUTAM BUDDHA NAGAR,71747673.0,MP_CONSTITUENCY,17th Lok Sabha,HIGH,explicit_suffix_in_mp_name,STAGE1_SNAPSHOT,Allocated_Limit_for_Honble_MPs__2_.csv,187,STAGE1_SNAPSHOT::Allocated_Limit_for_Honble_MPs__2_.csv::row187,True
Uttarakhand,Mala Rajya Laxmi Shah,Mala Rajya Laxmi Shah,TEHRI GARHWAL,73563957.11,MP_CONSTITUENCY,Unknown,UNKNOWN,no_explicit_term_marker_in_source_record,STAGE1_SNAPSHOT,Allocated_Limit_for_Honble_MPs__2_.csv,188,STAGE1_SNAPSHOT::Allocated_Limit_for_Honble_MPs__2_.csv::row188,True
West Bengal,Mala Roy,Mala Roy,KOLKATA DAKSHIN,73563957.11,MP_CONSTITUENCY,Unknown,UNKNOWN,no_explicit_term_marker_in_source_record,STAGE1_SNAPSHOT,Allocated_Limit_for_Honble_MPs__2_.csv,189,STAGE1_SNAPSHOT::Allocated_Limit_for_Honble_MPs__2_.csv::row189,True
Uttar Pradesh,Malook Nagar(17th Lok Sabha),Malook Nagar,BIJNOR,98146253.11,MP_CONSTITUENCY,17th Lok Sabha,HIGH,explicit_suffix_in_mp_name,STAGE1_SNAPSHOT,Allocated_Limit_for_Honble_MPs__2_.csv,190,STAGE1_SNAPSHOT::Allocated_Limit_for_Honble_MPs__2_.csv::row190,True
Uttar Pradesh,Maneka Sanjay Gandhi,Maneka Sanjay Gandhi,SULTANPUR,69332000.0,MP_CONSTITUENCY,Unknown,UNKNOWN,no_explicit_term_marker_in_source_record,STAGE1_SNAPSHOT,Allocated_Limit_for_Honble_MPs__2_.csv,191,STAGE1_SNAPSHOT::Allocated_Limit_for_Honble_MPs__2_.csv::row191,True
Tamil Nadu,Manickam Tagore B(17th Lok Sabha),Manickam Tagore B,VIRUDHUNAGAR,98063957.11,MP_CONSTITUENCY,17th Lok Sabha,HIGH,explicit_suffix_in_mp_name,STAGE1_SNAPSHOT,Allocated_Limit_for_Honble_MPs__2_.csv,192,STAGE1_SNAPSHOT::Allocated_Limit_for_Honble_MPs__2_.csv::row192,True
Punjab,Manish Tewari(17th Lok Sabha),Manish Tewari,ANANDPUR SAHIB,73563957.11,MP_CONSTITUENCY,17th Lok Sabha,HIGH,explicit_suffix_in_mp_name,STAGE1_SNAPSHOT,Allocated_Limit_for_Honble_MPs__2_.csv,193,STAGE1_SNAPSHOT::Allocated_Limit_for_Honble_MPs__2_.csv::row193,True
Telangana,Manne Srinivas Reddy(17th Lok Sabha),Manne Srinivas Reddy,MAHABUBNAGAR,122563957.11,MP_CONSTITUENCY,17th Lok Sabha,HIGH,explicit_suffix_in_mp_name,STAGE1_SNAPSHOT,Allocated_Limit_for_Honble_MPs__2_.csv,194,STAGE1_SNAPSHOT::Allocated_Limit_for_Honble_MPs__2_.csv::row194,True
Rajasthan,Manoj Rajoria(17th Lok Sabha),Manoj Rajoria,KARAULI-DHOLPUR(SC),142163957.11,MP_CONSTITUENCY,17th Lok Sabha,HIGH,explicit_suffix_in_mp_name,STAGE1_SNAPSHOT,Allocated_Limit_for_Honble_MPs__2_.csv,195,STAGE1_SNAPSHOT::Allocated_Limit_for_Honble_MPs__2_.csv::row195,True
Delhi,Manoj Tiwari (17th Lok Sabha),Manoj Tiwari,NORTH EAST DELHI,98063957.11,MP_CONSTITUENCY,17th Lok Sabha,HIGH,explicit_suffix_in_mp_name,STAGE1_SNAPSHOT,Allocated_Limit_for_Honble_MPs__2_.csv,196,STAGE1_SNAPSHOT::Allocated_Limit_for_Honble_MPs__2_.csv::row196,True
Gujarat,Mansukhbhai Dhanjibhai Vasava,Mansukhbhai Dhanjibhai Vasava,BHARUCH,73563957.11,MP_CONSTITUENCY,Unknown,UNKNOWN,no_explicit_term_marker_in_source_record,STAGE1_SNAPSHOT,Allocated_Limit_for_Honble_MPs__2_.csv,197,STAGE1_SNAPSHOT::Allocated_Limit_for_Honble_MPs__2_.csv::row197,True
Assam,Maulana Ajmal Badruddin,Maulana Ajmal Badruddin,DHUBRI,49063957.11,MP_CONSTITUENCY,Unknown,UNKNOWN,no_explicit_term_marker_in_source_record,STAGE1_SNAPSHOT,Allocated_Limit_for_Honble_MPs__2_.csv,198,STAGE1_SNAPSHOT::Allocated_Limit_for_Honble_MPs__2_.csv::row198,True
Delhi,Meenakshi Lekhi (17th Lok Sabha),Meenakshi Lekhi,NEW DELHI,98063957.11,MP_CONSTITUENCY,17th Lok Sabha,HIGH,explicit_suffix_in_mp_name,STAGE1_SNAPSHOT,Allocated_Limit_for_Honble_MPs__2_.csv,199,STAGE1_SNAPSHOT::Allocated_Limit_for_Honble_MPs__2_.csv::row199,True
Andhra Pradesh,Midhun Reddy,Midhun Reddy,RAJAMPET,99184264.0,MP_CONSTITUENCY,Unknown,UNKNOWN,no_explicit_term_marker_in_source_record,STAGE1_SNAPSHOT,Allocated_Limit_for_Honble_MPs__2_.csv,200,STAGE1_SNAPSHOT::Allocated_Limit_for_Honble_MPs__2_.csv::row200,True
Gujarat,Mitesh Rameshbhai Bakabhai Patel,Mitesh Rameshbhai Bakabhai Patel,ANAND,73563957.11,MP_CONSTITUENCY,Unknown,UNKNOWN,no_explicit_term_marker_in_source_record,STAGE1_SNAPSHOT,Allocated_Limit_for_Honble_MPs__2_.csv,201,STAGE1_SNAPSHOT::Allocated_Limit_for_Honble_MPs__2_.csv::row201,True
Tamil Nadu,MK Vishnu Prasad(17th Lok Sabha),MK Vishnu Prasad,ARANI,48968805.0,MP_CONSTITUENCY,17th Lok Sabha,HIGH,explicit_suffix_in_mp_name,STAGE1_SNAPSHOT,Allocated_Limit_for_Honble_MPs__2_.csv,202,STAGE1_SNAPSHOT::Allocated_Limit_for_Honble_MPs__2_.csv::row202,True
Jammu And Kashmir,Mohammad Akbar Lone,Mohammad Akbar Lone,BARAMULLAH,65790485.0,MP_CONSTITUENCY,Unknown,UNKNOWN,no_explicit_term_marker_in_source_record,STAGE1_SNAPSHOT,Allocated_Limit_for_Honble_MPs__2_.csv,203,STAGE1_SNAPSHOT::Allocated_Limit_for_Honble_MPs__2_.csv::row203,True
Punjab,Mohammad Sadique(17th Lok Sabha),Mohammad Sadique,FARIDKOT(SC),70616907.0,MP_CONSTITUENCY,17th Lok Sabha,HIGH,explicit_suffix_in_mp_name,STAGE1_SNAPSHOT,Allocated_Limit_for_Honble_MPs__2_.csv,204,STAGE1_SNAPSHOT::Allocated_Limit_for_Honble_MPs__2_.csv::row204,True
Chhattisgarh,Mohan Mandavi,Mohan Mandavi,KANKER(ST),72671372.0,MP_CONSTITUENCY,Unknown,UNKNOWN,no_explicit_term_marker_in_source_record,STAGE1_SNAPSHOT,Allocated_Limit_for_Honble_MPs__2_.csv,205,STAGE1_SNAPSHOT::Allocated_Limit_for_Honble_MPs__2_.csv::row205,True
Bihar,Mr Gopal Jee Thakur,Mr Gopal Jee Thakur,DARBHANGA,117663957.11,MP_CONSTITUENCY,Unknown,UNKNOWN,no_explicit_term_marker_in_source_record,STAGE1_SNAPSHOT,Allocated_Limit_for_Honble_MPs__2_.csv,206,STAGE1_SNAPSHOT::Allocated_Limit_for_Honble_MPs__2_.csv::row206,True
Maharashtra,Ms Bhavana Gawali (Patil)(17th Lok Sabha),Ms Bhavana Gawali,YAVATMAL-WASHIM,117663957.11,MP_CONSTITUENCY,17th Lok Sabha,HIGH,explicit_suffix_in_mp_name,STAGE1_SNAPSHOT,Allocated_Limit_for_Honble_MPs__2_.csv,207,STAGE1_SNAPSHOT::Allocated_Limit_for_Honble_MPs__2_.csv::row207,True
Odisha,Ms Chandrani Murmu(17th Lok Sabha),Ms Chandrani Murmu,KEONJHAR(ST),98063957.11,MP_CONSTITUENCY,17th Lok Sabha,HIGH,explicit_suffix_in_mp_name,STAGE1_SNAPSHOT,Allocated_Limit_for_Honble_MPs__2_.csv,208,STAGE1_SNAPSHOT::Allocated_Limit_for_Honble_MPs__2_.csv::row208,True
West Bengal,Ms Debasree Chaudhuri(17th Lok Sabha),Ms Debasree Chaudhuri,RAIGANJ,49063957.11,MP_CONSTITUENCY,17th Lok Sabha,HIGH,explicit_suffix_in_mp_name,STAGE1_SNAPSHOT,Allocated_Limit_for_Honble_MPs__2_.csv,209,STAGE1_SNAPSHOT::Allocated_Limit_for_Honble_MPs__2_.csv::row209,True
West Bengal,Ms Mahua Moitra(17th Lok Sabha),Ms Mahua Moitra,KRISHNANAGAR,44264088.0,MP_CONSTITUENCY,17th Lok Sabha,HIGH,explicit_suffix_in_mp_name,STAGE1_SNAPSHOT,Allocated_Limit_for_Honble_MPs__2_.csv,210,STAGE1_SNAPSHOT::Allocated_Limit_for_Honble_MPs__2_.csv::row210,True
West Bengal,Ms Mimi Chakraborty (17th Lok Sabha),Ms Mimi Chakraborty,JADAVPUR,73563957.11,MP_CONSTITUENCY,17th Lok Sabha,HIGH,explicit_suffix_in_mp_name,STAGE1_SNAPSHOT,Allocated_Limit_for_Honble_MPs__2_.csv,211,STAGE1_SNAPSHOT::Allocated_Limit_for_Honble_MPs__2_.csv::row211,True
West Bengal,Ms Nusrat Jahan Ruhi (17th Lok Sabha),Ms Nusrat Jahan Ruhi,BASIRHAT,73563957.11,MP_CONSTITUENCY,17th Lok Sabha,HIGH,explicit_suffix_in_mp_name,STAGE1_SNAPSHOT,Allocated_Limit_for_Honble_MPs__2_.csv,212,STAGE1_SNAPSHOT::Allocated_Limit_for_Honble_MPs__2_.csv::row212,True
Tripura,Ms Pratima Bhoumik(17th Lok Sabha),Ms Pratima Bhoumik,TRIPURA WEST,117663957.11,MP_CONSTITUENCY,17th Lok Sabha,HIGH,explicit_suffix_in_mp_name,STAGE1_SNAPSHOT,Allocated_Limit_for_Honble_MPs__2_.csv,213,STAGE1_SNAPSHOT::Allocated_Limit_for_Honble_MPs__2_.csv::row213,True
Uttar Pradesh,Mukesh Rajput(17th Lok Sabha),Mukesh Rajput,FARRUKHABAD,73563957.11,MP_CONSTITUENCY,17th Lok Sabha,HIGH,explicit_suffix_in_mp_name,STAGE1_SNAPSHOT,Allocated_Limit_for_Honble_MPs__2_.csv,214,STAGE1_SNAPSHOT::Allocated_Limit_for_Honble_MPs__2_.csv::row214,True
Uttar Pradesh,Mulayam Singh Yadav (17LS),Mulayam Singh Yadav (17LS),MAINPURI,,MP_CONSTITUENCY,Unknown,UNKNOWN,no_explicit_term_marker_in_source_record,STAGE1_SNAPSHOT,Allocated_Limit_for_Honble_MPs__2_.csv,215,STAGE1_SNAPSHOT::Allocated_Limit_for_Honble_MPs__2_.csv::row215,True
Andhra Pradesh,MVVV Satyanarayana,MVVV Satyanarayana,VISAKHAPATNAM,104454196.11,MP_CONSTITUENCY,Unknown,UNKNOWN,no_explicit_term_marker_in_source_record,STAGE1_SNAPSHOT,Allocated_Limit_for_Honble_MPs__2_.csv,216,STAGE1_SNAPSHOT::Allocated_Limit_for_Honble_MPs__2_.csv::row216,True
Madhya Pradesh,Nakul K Nath,Nakul K Nath,CHHINDWARA,73563957.11,MP_CONSTITUENCY,Unknown,UNKNOWN,no_explicit_term_marker_in_source_record,STAGE1_SNAPSHOT,Allocated_Limit_for_Honble_MPs__2_.csv,217,STAGE1_SNAPSHOT::Allocated_Limit_for_Honble_MPs__2_.csv::row217,True
Telangana,Nama Nageswara Rao(17th Lok Sabha),Nama Nageswara Rao,KHAMMAM,123878257.11,MP_CONSTITUENCY,17th Lok Sabha,HIGH,explicit_suffix_in_mp_name,STAGE1_SNAPSHOT,Allocated_Limit_for_Honble_MPs__2_.csv,218,STAGE1_SNAPSHOT::Allocated_Limit_for_Honble_MPs__2_.csv::row218,True
Andhra Pradesh,Nandigam Suresh,Nandigam Suresh,BAPATLA,91364669.0,MP_CONSTITUENCY,Unknown,UNKNOWN,no_explicit_term_marker_in_source_record,STAGE1_SNAPSHOT,Allocated_Limit_for_Honble_MPs__2_.csv,219,STAGE1_SNAPSHOT::Allocated_Limit_for_Honble_MPs__2_.csv::row219,True
Gujarat,Naranbhai Bhikhabhai Kachhadiya,Naranbhai Bhikhabhai Kachhadiya,AMRELI,73563957.11,MP_CONSTITUENCY,Unknown,UNKNOWN,no_explicit_term_marker_in_source_record,STAGE1_SNAPSHOT,Allocated_Limit_for_Honble_MPs__2_.csv,220,STAGE1_SNAPSHOT::Allocated_Limit_for_Honble_MPs__2_.csv::row220,True
Karnataka,Narayana Swamy Abbaiah(17th Lok Sabha),Narayana Swamy Abbaiah,CHITRADURGA(SC),98063957.11,MP_CONSTITUENCY,17th Lok Sabha,HIGH,explicit_suffix_in_mp_name,STAGE1_SNAPSHOT,Allocated_Limit_for_Honble_MPs__2_.csv,221,STAGE1_SNAPSHOT::Allocated_Limit_for_Honble_MPs__2_.csv::row221,True
Rajasthan,Narendra Kumar(17th Lok Sabha),Narendra Kumar,JHUNJHUNU,73563957.11,MP_CONSTITUENCY,17th Lok Sabha,HIGH,explicit_suffix_in_mp_name,STAGE1_SNAPSHOT,Allocated_Limit_for_Honble_MPs__2_.csv,222,STAGE1_SNAPSHOT::Allocated_Limit_for_Honble_MPs__2_.csv::row222,True
Madhya Pradesh,Narendra Singh Tomar(17th Lok Sabha),Narendra Singh Tomar,MORENA,105203117.73,MP_CONSTITUENCY,17th Lok Sabha,HIGH,explicit_suffix_in_mp_name,STAGE1_SNAPSHOT,Allocated_Limit_for_Honble_MPs__2_.csv,223,STAGE1_SNAPSHOT::Allocated_Limit_for_Honble_MPs__2_.csv::row223,True
Haryana,Nayab Singh,Nayab Singh,KURUKSHETRA,73563957.11,MP_CONSTITUENCY,Unknown,UNKNOWN,no_explicit_term_marker_in_source_record,STAGE1_SNAPSHOT,Allocated_Limit_for_Honble_MPs__2_.csv,224,STAGE1_SNAPSHOT::Allocated_Limit_for_Honble_MPs__2_.csv::row224,True
Rajasthan,Nihal Chand Chauhan(17th Lok Sabha),Nihal Chand Chauhan,GANGANAGAR(SC),102053062.21,MP_CONSTITUENCY,17th Lok Sabha,HIGH,explicit_suffix_in_mp_name,STAGE1_SNAPSHOT,Allocated_Limit_for_Honble_MPs__2_.csv,225,STAGE1_SNAPSHOT::Allocated_Limit_for_Honble_MPs__2_.csv::row225,True
Uttar Pradesh,Niranjan Jyoti(17th Lok Sabha),Niranjan Jyoti,FATEHPUR,78298240.11,MP_CONSTITUENCY,17th Lok Sabha,HIGH,explicit_suffix_in_mp_name,STAGE1_SNAPSHOT,Allocated_Limit_for_Honble_MPs__2_.csv,226,STAGE1_SNAPSHOT::Allocated_Limit_for_Honble_MPs__2_.csv::row226,True
West Bengal,Nisith Pramanik,Nisith Pramanik,COOCHBEHAR(SC),51959316.0,MP_CONSTITUENCY,Unknown,UNKNOWN,no_explicit_term_marker_in_source_record,STAGE1_SNAPSHOT,Allocated_Limit_for_Honble_MPs__2_.csv,227,STAGE1_SNAPSHOT::Allocated_Limit_for_Honble_MPs__2_.csv::row227,True
Odisha,Nitesh Ganga Deb(17th Lok Sabha),Nitesh Ganga Deb,SAMBALPUR,147063957.11,MP_CONSTITUENCY,17th Lok Sabha,HIGH,explicit_suffix_in_mp_name,STAGE1_SNAPSHOT,Allocated_Limit_for_Honble_MPs__2_.csv,228,STAGE1_SNAPSHOT::Allocated_Limit_for_Honble_MPs__2_.csv::row228,True
Maharashtra,Nitin Jairam Gadkari(17th Lok Sabha),Nitin Jairam Gadkari,NAGPUR,76868871.0,MP_CONSTITUENCY,17th Lok Sabha,HIGH,explicit_suffix_in_mp_name,STAGE1_SNAPSHOT,Allocated_Limit_for_Honble_MPs__2_.csv,229,STAGE1_SNAPSHOT::Allocated_Limit_for_Honble_MPs__2_.csv::row229,True
Bihar,Nityanand Rai (17th Lok Sabha),Nityanand Rai,UJJARPUR,98063957.11,MP_CONSTITUENCY,17th Lok Sabha,HIGH,explicit_suffix_in_mp_name,STAGE1_SNAPSHOT,Allocated_Limit_for_Honble_MPs__2_.csv,230,STAGE1_SNAPSHOT::Allocated_Limit_for_Honble_MPs__2_.csv::row230,True
Rajasthan,Om Birla(17th Lok Sabha),Om Birla,KOTA,161649177.51000002,MP_CONSTITUENCY,17th Lok Sabha,HIGH,explicit_suffix_in_mp_name,STAGE1_SNAPSHOT,Allocated_Limit_for_Honble_MPs__2_.csv,231,STAGE1_SNAPSHOT::Allocated_Limit_for_Honble_MPs__2_.csv::row231,True
Maharashtra,Omprakash Bhupalsinh Alias Pawan Rajenimbalkar(17th Lok Sabha),Omprakash Bhupalsinh Alias Pawan Rajenimbalkar,OSMANABAD,140608125.0,MP_CONSTITUENCY,17th Lok Sabha,HIGH,explicit_suffix_in_mp_name,STAGE1_SNAPSHOT,Allocated_Limit_for_Honble_MPs__2_.csv,232,STAGE1_SNAPSHOT::Allocated_Limit_for_Honble_MPs__2_.csv::row232,True
Karnataka,P C Mohan (17thLok Sabha),P C Mohan,BANGALORE CENTRAL,88308147.0,MP_CONSTITUENCY,17th Lok Sabha,HIGH,explicit_suffix_in_mp_name,STAGE1_SNAPSHOT,Allocated_Limit_for_Honble_MPs__2_.csv,233,STAGE1_SNAPSHOT::Allocated_Limit_for_Honble_MPs__2_.csv::row233,True
Tamil Nadu,P Raveendranath Kumar(17th Lok Sabha),P Raveendranath Kumar,THENI,98063957.11,MP_CONSTITUENCY,17th Lok Sabha,HIGH,explicit_suffix_in_mp_name,STAGE1_SNAPSHOT,Allocated_Limit_for_Honble_MPs__2_.csv,234,STAGE1_SNAPSHOT::Allocated_Limit_for_Honble_MPs__2_.csv::row234,True
Tamil Nadu,P Velusamy(17th Lok Sabha),P Velusamy,DINDIGUL,98063957.11,MP_CONSTITUENCY,17th Lok Sabha,HIGH,explicit_suffix_in_mp_name,STAGE1_SNAPSHOT,Allocated_Limit_for_Honble_MPs__2_.csv,235,STAGE1_SNAPSHOT::Allocated_Limit_for_Honble_MPs__2_.csv::row235,True
Uttar Pradesh,Pakauri Lal(17th Lok Sabha),Pakauri Lal,ROBERTSGANJ(SC),52559524.11,MP_CONSTITUENCY,17th Lok Sabha,HIGH,explicit_suffix_in_mp_name,STAGE1_SNAPSHOT,Allocated_Limit_for_Honble_MPs__2_.csv,236,STAGE1_SNAPSHOT::Allocated_Limit_for_Honble_MPs__2_.csv::row236,True
Assam,Pallab Lochan Das,Pallab Lochan Das,Sonitpur,73563957.11,MP_CONSTITUENCY,Unknown,UNKNOWN,no_explicit_term_marker_in_source_record,STAGE1_SNAPSHOT,Allocated_Limit_for_Honble_MPs__2_.csv,237,STAGE1_SNAPSHOT::Allocated_Limit_for_Honble_MPs__2_.csv::row237,True
Uttar Pradesh,Pankaj Chaudhary(17th Lok Sabha),Pankaj Chaudhary,MAHARAJGANJ_UP,73563957.11,MP_CONSTITUENCY,17th Lok Sabha,HIGH,explicit_suffix_in_mp_name,STAGE1_SNAPSHOT,Allocated_Limit_for_Honble_MPs__2_.csv,238,STAGE1_SNAPSHOT::Allocated_Limit_for_Honble_MPs__2_.csv::row238,True
Gujarat,Parbatbhai Savabhai Patel,Parbatbhai Savabhai Patel,BANASKANTHA,73563957.11,MP_CONSTITUENCY,Unknown,UNKNOWN,no_explicit_term_marker_in_source_record,STAGE1_SNAPSHOT,Allocated_Limit_for_Honble_MPs__2_.csv,239,STAGE1_SNAPSHOT::Allocated_Limit_for_Honble_MPs__2_.csv::row239,True
Karnataka,Parvatagouda Chandanagouda Gaddigoudar(17th Lok Sabha),Parvatagouda Chandanagouda Gaddigoudar,BAGALKOT,73313502.0,MP_CONSTITUENCY,17th Lok Sabha,HIGH,explicit_suffix_in_mp_name,STAGE1_SNAPSHOT,Allocated_Limit_for_Honble_MPs__2_.csv,240,STAGE1_SNAPSHOT::Allocated_Limit_for_Honble_MPs__2_.csv::row240,True
Delhi,Parvesh Sahib Singh (17th Lok Sabha),Parvesh Sahib Singh,WEST DELHI,117663957.11,MP_CONSTITUENCY,17th Lok Sabha,HIGH,explicit_suffix_in_mp_name,STAGE1_SNAPSHOT,Allocated_Limit_for_Honble_MPs__2_.csv,241,STAGE1_SNAPSHOT::Allocated_Limit_for_Honble_MPs__2_.csv::row241,True
Bihar,Pashupati Kumar Paras,Pashupati Kumar Paras,HAJIPUR(SC),73563957.11,MP_CONSTITUENCY,Unknown,UNKNOWN,no_explicit_term_marker_in_source_record,STAGE1_SNAPSHOT,Allocated_Limit_for_Honble_MPs__2_.csv,242,STAGE1_SNAPSHOT::Allocated_Limit_for_Honble_MPs__2_.csv::row242,True
Jharkhand,Pashupati Nath Singh,Pashupati Nath Singh,DHANBAD,73563957.11,MP_CONSTITUENCY,Unknown,UNKNOWN,no_explicit_term_marker_in_source_record,STAGE1_SNAPSHOT,Allocated_Limit_for_Honble_MPs__2_.csv,243,STAGE1_SNAPSHOT::Allocated_Limit_for_Honble_MPs__2_.csv::row243,True
Odisha,Pinaki Misra(17th Lok Sabha),Pinaki Misra,PURI,98063957.11,MP_CONSTITUENCY,17th Lok Sabha,HIGH,explicit_suffix_in_mp_name,STAGE1_SNAPSHOT,Allocated_Limit_for_Honble_MPs__2_.csv,244,STAGE1_SNAPSHOT::Allocated_Limit_for_Honble_MPs__2_.csv::row244,True
Andhra Pradesh,Pocha Brahmananda Reddy,Pocha Brahmananda Reddy,NANDYAL,94388068.0,MP_CONSTITUENCY,Unknown,UNKNOWN,no_explicit_term_marker_in_source_record,STAGE1_SNAPSHOT,Allocated_Limit_for_Honble_MPs__2_.csv,245,STAGE1_SNAPSHOT::Allocated_Limit_for_Honble_MPs__2_.csv::row245,True
Tamil Nadu,PR Natarajan(17TH Lok Sabha),PR Natarajan,COIMBATORE,97693467.0,MP_CONSTITUENCY,17th Lok Sabha,HIGH,explicit_suffix_in_mp_name,STAGE1_SNAPSHOT,Allocated_Limit_for_Honble_MPs__2_.csv,246,STAGE1_SNAPSHOT::Allocated_Limit_for_Honble_MPs__2_.csv::row246,True
Gujarat,Prabhubhai Nagarbhai Vasava,Prabhubhai Nagarbhai Vasava,BARDOLI(ST),98063957.11,MP_CONSTITUENCY,Unknown,UNKNOWN,no_explicit_term_marker_in_source_record,STAGE1_SNAPSHOT,Allocated_Limit_for_Honble_MPs__2_.csv,247,STAGE1_SNAPSHOT::Allocated_Limit_for_Honble_MPs__2_.csv::row247,True
Assam,Pradan Baruah,Pradan Baruah,LAKHIMPUR,54415943.11,MP_CONSTITUENCY,Unknown,UNKNOWN,no_explicit_term_marker_in_source_record,STAGE1_SNAPSHOT,Allocated_Limit_for_Honble_MPs__2_.csv,248,STAGE1_SNAPSHOT::Allocated_Limit_for_Honble_MPs__2_.csv::row248,True
Uttar Pradesh,Pradeep Kumar Chaudhary(17th Lok Sabha),Pradeep Kumar Chaudhary,KAIRANA,73563957.11,MP_CONSTITUENCY,17th Lok Sabha,HIGH,explicit_suffix_in_mp_name,STAGE1_SNAPSHOT,Allocated_Limit_for_Honble_MPs__2_.csv,249,STAGE1_SNAPSHOT::Allocated_Limit_for_Honble_MPs__2_.csv::row249,True
Bihar,Pradeep Kumar Singh,Pradeep Kumar Singh,ARARIA,98063957.11,MP_CONSTITUENCY,Unknown,UNKNOWN,no_explicit_term_marker_in_source_record,STAGE1_SNAPSHOT,Allocated_Limit_for_Honble_MPs__2_.csv,250,STAGE1_SNAPSHOT::Allocated_Limit_for_Honble_MPs__2_.csv::row250,True
Assam,Pradyut Bordoloi,Pradyut Bordoloi,NOWGONG,49063957.11,MP_CONSTITUENCY,Unknown,UNKNOWN,no_explicit_term_marker_in_source_record,STAGE1_SNAPSHOT,Allocated_Limit_for_Honble_MPs__2_.csv,251,STAGE1_SNAPSHOT::Allocated_Limit_for_Honble_MPs__2_.csv::row251,True
Madhya Pradesh,Prahlad Singh Patel(17th Lok Sabha),Prahlad Singh Patel,DAMOH,70194935.0,MP_CONSTITUENCY,17th Lok Sabha,HIGH,explicit_suffix_in_mp_name,STAGE1_SNAPSHOT,Allocated_Limit_for_Honble_MPs__2_.csv,252,STAGE1_SNAPSHOT::Allocated_Limit_for_Honble_MPs__2_.csv::row252,True
Karnataka,Prajwal Revanna(17th Lok Sabha),Prajwal Revanna,HASSAN,98063957.11,MP_CONSTITUENCY,17th Lok Sabha,HIGH,explicit_suffix_in_mp_name,STAGE1_SNAPSHOT,Allocated_Limit_for_Honble_MPs__2_.csv,253,STAGE1_SNAPSHOT::Allocated_Limit_for_Honble_MPs__2_.csv::row253,True
Karnataka,Pralhad Venkatesh Joshi(17th Lok Sabha),Pralhad Venkatesh Joshi,DHARWAD,98063957.11,MP_CONSTITUENCY,17th Lok Sabha,HIGH,explicit_suffix_in_mp_name,STAGE1_SNAPSHOT,Allocated_Limit_for_Honble_MPs__2_.csv,254,STAGE1_SNAPSHOT::Allocated_Limit_for_Honble_MPs__2_.csv::row254,True
West Bengal,Prasun Banerjee(17th Lok Sabha),Prasun Banerjee,HOWRAH,98063957.11,MP_CONSTITUENCY,17th Lok Sabha,HIGH,explicit_suffix_in_mp_name,STAGE1_SNAPSHOT,Allocated_Limit_for_Honble_MPs__2_.csv,255,STAGE1_SNAPSHOT::Allocated_Limit_for_Honble_MPs__2_.csv::row255,True
Odisha,Pratap Chandra Sarangi,Pratap Chandra Sarangi,BALASORE,97999703.0,MP_CONSTITUENCY,Unknown,UNKNOWN,no_explicit_term_marker_in_source_record,STAGE1_SNAPSHOT,Allocated_Limit_for_Honble_MPs__2_.csv,256,STAGE1_SNAPSHOT::Allocated_Limit_for_Honble_MPs__2_.csv::row256,True
Maharashtra,Prataprao Govindrao Patil Chikhalikar(17th Lok Sabha),Prataprao Govindrao Patil Chikhalikar,NANDED,98063957.11,MP_CONSTITUENCY,17th Lok Sabha,HIGH,explicit_suffix_in_mp_name,STAGE1_SNAPSHOT,Allocated_Limit_for_Honble_MPs__2_.csv,257,STAGE1_SNAPSHOT::Allocated_Limit_for_Honble_MPs__2_.csv::row257,True
Maharashtra,Prataprao Jadhav(17th Lok Sabha),Prataprao Jadhav,BULDHANA,122486679.11,MP_CONSTITUENCY,17th Lok Sabha,HIGH,explicit_suffix_in_mp_name,STAGE1_SNAPSHOT,Allocated_Limit_for_Honble_MPs__2_.csv,258,STAGE1_SNAPSHOT::Allocated_Limit_for_Honble_MPs__2_.csv::row258,True
Karnataka,Prathap Simha(17th Lok Sabha),Prathap Simha,MYSORE,49063957.11,MP_CONSTITUENCY,17th Lok Sabha,HIGH,explicit_suffix_in_mp_name,STAGE1_SNAPSHOT,Allocated_Limit_for_Honble_MPs__2_.csv,259,STAGE1_SNAPSHOT::Allocated_Limit_for_Honble_MPs__2_.csv::row259,True
West Bengal,Pratima Mondal,Pratima Mondal,JOYNAGAR(SC),73563957.11,MP_CONSTITUENCY,Unknown,UNKNOWN,no_explicit_term_marker_in_source_record,STAGE1_SNAPSHOT,Allocated_Limit_for_Honble_MPs__2_.csv,260,STAGE1_SNAPSHOT::Allocated_Limit_for_Honble_MPs__2_.csv::row260,True
Uttar Pradesh,Praveen Kumar Nishad(17th Lok Sabha),Praveen Kumar Nishad,SANT KABIR NAGAR,98063957.11,MP_CONSTITUENCY,17th Lok Sabha,HIGH,explicit_suffix_in_mp_name,STAGE1_SNAPSHOT,Allocated_Limit_for_Honble_MPs__2_.csv,261,STAGE1_SNAPSHOT::Allocated_Limit_for_Honble_MPs__2_.csv::row261,True
Maharashtra,Pritam Gopinath Munde(17th Lok Sabha),Pritam Gopinath Munde,BEED,115619310.0,MP_CONSTITUENCY,17th Lok Sabha,HIGH,explicit_suffix_in_mp_name,STAGE1_SNAPSHOT,Allocated_Limit_for_Honble_MPs__2_.csv,262,STAGE1_SNAPSHOT::Allocated_Limit_for_Honble_MPs__2_.csv::row262,True
Uttar Pradesh,Prof Ram Shankar Katheria(17th Lok Sabha),Prof Ram Shankar Katheria,ETAWAH(SC),73563957.11,MP_CONSTITUENCY,17th Lok Sabha,HIGH,explicit_suffix_in_mp_name,STAGE1_SNAPSHOT,Allocated_Limit_for_Honble_MPs__2_.csv,263,STAGE1_SNAPSHOT::Allocated_Limit_for_Honble_MPs__2_.csv::row263,True
Uttar Pradesh,Prof Rita Bahuguna Joshi(17th Lok Sabha),Prof Rita Bahuguna Joshi,ALLAHABAD,77036237.11,MP_CONSTITUENCY,17th Lok Sabha,HIGH,explicit_suffix_in_mp_name,STAGE1_SNAPSHOT,Allocated_Limit_for_Honble_MPs__2_.csv,264,STAGE1_SNAPSHOT::Allocated_Limit_for_Honble_MPs__2_.csv::row264,True
West Bengal,Prof Saugata Roy (17th Lok Sabha),Prof Saugata Roy,DUM DUM,73563957.11,MP_CONSTITUENCY,17th Lok Sabha,HIGH,explicit_suffix_in_mp_name,STAGE1_SNAPSHOT,Allocated_Limit_for_Honble_MPs__2_.csv,265,STAGE1_SNAPSHOT::Allocated_Limit_for_Honble_MPs__2_.csv::row265,True
Uttar Pradesh,Prof SP Singh Baghel (17th Lok Sabha),Prof SP Singh Baghel,AGRA(SC),49063957.11,MP_CONSTITUENCY,17th Lok Sabha,HIGH,explicit_suffix_in_mp_name,STAGE1_SNAPSHOT,Allocated_Limit_for_Honble_MPs__2_.csv,266,STAGE1_SNAPSHOT::Allocated_Limit_for_Honble_MPs__2_.csv::row266,True
Assam,Queen Oja,Queen Oja,GUWAHATI,73563957.11,MP_CONSTITUENCY,Unknown,UNKNOWN,no_explicit_term_marker_in_source_record,STAGE1_SNAPSHOT,Allocated_Limit_for_Honble_MPs__2_.csv,267,STAGE1_SNAPSHOT::Allocated_Limit_for_Honble_MPs__2_.csv::row267,True
Bihar,Radha Mohan Singh,Radha Mohan Singh,PURVI CHAMPARAN,98063957.11,MP_CONSTITUENCY,Unknown,UNKNOWN,no_explicit_term_marker_in_source_record,STAGE1_SNAPSHOT,Allocated_Limit_for_Honble_MPs__2_.csv,268,STAGE1_SNAPSHOT::Allocated_Limit_for_Honble_MPs__2_.csv::row268,True
Andhra Pradesh,Raghu Ramakrishna Raju Kanumuru,Raghu Ramakrishna Raju Kanumuru,NARASAPURAM,117859476.0,MP_CONSTITUENCY,Unknown,UNKNOWN,no_explicit_term_marker_in_source_record,STAGE1_SNAPSHOT,Allocated_Limit_for_Honble_MPs__2_.csv,269,STAGE1_SNAPSHOT::Allocated_Limit_for_Honble_MPs__2_.csv::row269,True
Kerala,Rahul Gandhi (17th Lok Sabha),Rahul Gandhi,WAYANAD,98063957.11,MP_CONSTITUENCY,17th Lok Sabha,HIGH,explicit_suffix_in_mp_name,STAGE1_SNAPSHOT,Allocated_Limit_for_Honble_MPs__2_.csv,270,STAGE1_SNAPSHOT::Allocated_Limit_for_Honble_MPs__2_.csv::row270,True
Rajasthan,Rahul Kaswan(17th Lok Sabha),Rahul Kaswan,CHURU,112545101.24,MP_CONSTITUENCY,17th Lok Sabha,HIGH,explicit_suffix_in_mp_name,STAGE1_SNAPSHOT,Allocated_Limit_for_Honble_MPs__2_.csv,271,STAGE1_SNAPSHOT::Allocated_Limit_for_Honble_MPs__2_.csv::row271,True
Maharashtra,Rahul Ramesh Shewale (17th Lok Sabha),Rahul Ramesh Shewale,MUMBAI SOUTH CENTRAL,98063957.11,MP_CONSTITUENCY,17th Lok Sabha,HIGH,explicit_suffix_in_mp_name,STAGE1_SNAPSHOT,Allocated_Limit_for_Honble_MPs__2_.csv,272,STAGE1_SNAPSHOT::Allocated_Limit_for_Honble_MPs__2_.csv::row272,True
Bihar,Raj Kumar Singh,Raj Kumar Singh,ARRAH,142163957.11,MP_CONSTITUENCY,Unknown,UNKNOWN,no_explicit_term_marker_in_source_record,STAGE1_SNAPSHOT,Allocated_Limit_for_Honble_MPs__2_.csv,273,STAGE1_SNAPSHOT::Allocated_Limit_for_Honble_MPs__2_.csv::row273,True
Karnataka,Raja Amareshwara Naik(17th Lok Sabha),Raja Amareshwara Naik,RAICHUR(ST),98063957.11,MP_CONSTITUENCY,17th Lok Sabha,HIGH,explicit_suffix_in_mp_name,STAGE1_SNAPSHOT,Allocated_Limit_for_Honble_MPs__2_.csv,274,STAGE1_SNAPSHOT::Allocated_Limit_for_Honble_MPs__2_.csv::row274,True
Maharashtra,Rajan Baburao Vichare(17th Lok Sabha),Rajan Baburao Vichare,THANE,98063957.11,MP_CONSTITUENCY,17th Lok Sabha,HIGH,explicit_suffix_in_mp_name,STAGE1_SNAPSHOT,Allocated_Limit_for_Honble_MPs__2_.csv,275,STAGE1_SNAPSHOT::Allocated_Limit_for_Honble_MPs__2_.csv::row275,True
Madhya Pradesh,Rajbahadur Singh(17th Lok Sabha),Rajbahadur Singh,SAGAR,105229362.41,MP_CONSTITUENCY,17th Lok Sabha,HIGH,explicit_suffix_in_mp_name,STAGE1_SNAPSHOT,Allocated_Limit_for_Honble_MPs__2_.csv,276,STAGE1_SNAPSHOT::Allocated_Limit_for_Honble_MPs__2_.csv::row276,True
Assam,Rajdeep Roy,Rajdeep Roy,SILCHAR,47763800.0,MP_CONSTITUENCY,Unknown,UNKNOWN,no_explicit_term_marker_in_source_record,STAGE1_SNAPSHOT,Allocated_Limit_for_Honble_MPs__2_.csv,277,STAGE1_SNAPSHOT::Allocated_Limit_for_Honble_MPs__2_.csv::row277,True
Maharashtra,Rajendra Dhedya Gavit(17th Lok Sabha),Rajendra Dhedya Gavit,PALGHAR(ST),104948163.0,MP_CONSTITUENCY,17th Lok Sabha,HIGH,explicit_suffix_in_mp_name,STAGE1_SNAPSHOT,Allocated_Limit_for_Honble_MPs__2_.csv,278,STAGE1_SNAPSHOT::Allocated_Limit_for_Honble_MPs__2_.csv::row278,True
Uttar Pradesh,Rajesh Verma,Rajesh Verma,SITAPUR,73563957.11,MP_CONSTITUENCY,Unknown,UNKNOWN,no_explicit_term_marker_in_source_record,STAGE1_SNAPSHOT,Allocated_Limit_for_Honble_MPs__2_.csv,279,STAGE1_SNAPSHOT::Allocated_Limit_for_Honble_MPs__2_.csv::row279,True
Bihar,Rajiv Pratap Rudy,Rajiv Pratap Rudy,SARAN,289163957.11,MP_CONSTITUENCY,Unknown,UNKNOWN,no_explicit_term_marker_in_source_record,STAGE1_SNAPSHOT,Allocated_Limit_for_Honble_MPs__2_.csv,280,STAGE1_SNAPSHOT::Allocated_Limit_for_Honble_MPs__2_.csv::row280,True
Bihar,Rajiv Ranjan (Lalan) Singh,Rajiv Ranjan (Lalan) Singh,MUNGER,142980267.65,MP_CONSTITUENCY,Unknown,UNKNOWN,no_explicit_term_marker_in_source_record,STAGE1_SNAPSHOT,Allocated_Limit_for_Honble_MPs__2_.csv,281,STAGE1_SNAPSHOT::Allocated_Limit_for_Honble_MPs__2_.csv::row281,True
Uttar Pradesh,Rajkumar Chahar (17th Lok Sabha),Rajkumar Chahar,FATEHPUR SIKRI,49063957.11,MP_CONSTITUENCY,17th Lok Sabha,HIGH,explicit_suffix_in_mp_name,STAGE1_SNAPSHOT,Allocated_Limit_for_Honble_MPs__2_.csv,282,STAGE1_SNAPSHOT::Allocated_Limit_for_Honble_MPs__2_.csv::row282,True
Uttar Pradesh,Rajnath Singh(17th Lok Sabha),Rajnath Singh,LUCKNOW,41255160.0,MP_CONSTITUENCY,17th Lok Sabha,HIGH,explicit_suffix_in_mp_name,STAGE1_SNAPSHOT,Allocated_Limit_for_Honble_MPs__2_.csv,283,STAGE1_SNAPSHOT::Allocated_Limit_for_Honble_MPs__2_.csv::row283,True
West Bengal,Raju Bista(17th Lok Sabha),Raju Bista,DARJEELING,98063957.11,MP_CONSTITUENCY,17th Lok Sabha,HIGH,explicit_suffix_in_mp_name,STAGE1_SNAPSHOT,Allocated_Limit_for_Honble_MPs__2_.csv,284,STAGE1_SNAPSHOT::Allocated_Limit_for_Honble_MPs__2_.csv::row284,True
Uttar Pradesh,Rajveer Raju Bhaiya Singh,Rajveer Raju Bhaiya Singh,ETAH,73563957.11,MP_CONSTITUENCY,Unknown,UNKNOWN,no_explicit_term_marker_in_source_record,STAGE1_SNAPSHOT,Allocated_Limit_for_Honble_MPs__2_.csv,285,STAGE1_SNAPSHOT::Allocated_Limit_for_Honble_MPs__2_.csv::row285,True
Uttar Pradesh,Rajvir Diler,Rajvir Diler,HATHRAS (SC),73563957.11,MP_CONSTITUENCY,Unknown,UNKNOWN,no_explicit_term_marker_in_source_record,STAGE1_SNAPSHOT,Allocated_Limit_for_Honble_MPs__2_.csv,286,STAGE1_SNAPSHOT::Allocated_Limit_for_Honble_MPs__2_.csv::row286,True
Rajasthan,Rajyavardhan Singh Rathore(17th Lok Sabha),Rajyavardhan Singh Rathore,JAIPUR RURAL,117600000.0,MP_CONSTITUENCY,17th Lok Sabha,HIGH,explicit_suffix_in_mp_name,STAGE1_SNAPSHOT,Allocated_Limit_for_Honble_MPs__2_.csv,287,STAGE1_SNAPSHOT::Allocated_Limit_for_Honble_MPs__2_.csv::row287,True
Madhya Pradesh,Rakesh Singh(17th Lok Sabha),Rakesh Singh,JABALPUR,148864447.91,MP_CONSTITUENCY,17th Lok Sabha,HIGH,explicit_suffix_in_mp_name,STAGE1_SNAPSHOT,Allocated_Limit_for_Honble_MPs__2_.csv,288,STAGE1_SNAPSHOT::Allocated_Limit_for_Honble_MPs__2_.csv::row288,True
Bihar,Ram Kripal Yadav,Ram Kripal Yadav,PATALIPUTRA,117663957.11,MP_CONSTITUENCY,Unknown,UNKNOWN,no_explicit_term_marker_in_source_record,STAGE1_SNAPSHOT,Allocated_Limit_for_Honble_MPs__2_.csv,289,STAGE1_SNAPSHOT::Allocated_Limit_for_Honble_MPs__2_.csv::row289,True
Uttar Pradesh,Ram Shiromani(17th Lok Sabha),Ram Shiromani,SHRAWASTI,112917079.0,MP_CONSTITUENCY,17th Lok Sabha,HIGH,explicit_suffix_in_mp_name,STAGE1_SNAPSHOT,Allocated_Limit_for_Honble_MPs__2_.csv,290,STAGE1_SNAPSHOT::Allocated_Limit_for_Honble_MPs__2_.csv::row290,True
Madhya Pradesh,Ramakant Bhargava(17th Lok Sabha),Ramakant Bhargava,VIDISHA,103960461.03999999,MP_CONSTITUENCY,17th Lok Sabha,HIGH,explicit_suffix_in_mp_name,STAGE1_SNAPSHOT,Allocated_Limit_for_Honble_MPs__2_.csv,291,STAGE1_SNAPSHOT::Allocated_Limit_for_Honble_MPs__2_.csv::row291,True
Uttar Pradesh,Ramapati Ram Tripathi(17th Lok Sabha),Ramapati Ram Tripathi,DEORIA,73563957.11,MP_CONSTITUENCY,17th Lok Sabha,HIGH,explicit_suffix_in_mp_name,STAGE1_SNAPSHOT,Allocated_Limit_for_Honble_MPs__2_.csv,292,STAGE1_SNAPSHOT::Allocated_Limit_for_Honble_MPs__2_.csv::row292,True
Rajasthan,Ramcharan Bohra(17th Lok Sabha),Ramcharan Bohra,JAIPUR,77981056.0,MP_CONSTITUENCY,17th Lok Sabha,HIGH,explicit_suffix_in_mp_name,STAGE1_SNAPSHOT,Allocated_Limit_for_Honble_MPs__2_.csv,293,STAGE1_SNAPSHOT::Allocated_Limit_for_Honble_MPs__2_.csv::row293,True
Maharashtra,Ramdas Chandrabhanji Tadas(17th Lok Sabha),Ramdas Chandrabhanji Tadas,WARDHA,73563957.11,MP_CONSTITUENCY,17th Lok Sabha,HIGH,explicit_suffix_in_mp_name,STAGE1_SNAPSHOT,Allocated_Limit_for_Honble_MPs__2_.csv,294,STAGE1_SNAPSHOT::Allocated_Limit_for_Honble_MPs__2_.csv::row294,True
Delhi,Ramesh Bidhuri (17th Lok Sabha),Ramesh Bidhuri,SOUTH DELHI,98063957.11,MP_CONSTITUENCY,17th Lok Sabha,HIGH,explicit_suffix_in_mp_name,STAGE1_SNAPSHOT,Allocated_Limit_for_Honble_MPs__2_.csv,295,STAGE1_SNAPSHOT::Allocated_Limit_for_Honble_MPs__2_.csv::row295,True
Uttar Pradesh,Ramesh Chand Bind(17th Lok Sabha),Ramesh Chand Bind,BHADOHI,73563957.11,MP_CONSTITUENCY,17th Lok Sabha,HIGH,explicit_suffix_in_mp_name,STAGE1_SNAPSHOT,Allocated_Limit_for_Honble_MPs__2_.csv,296,STAGE1_SNAPSHOT::Allocated_Limit_for_Honble_MPs__2_.csv::row296,True
Karnataka,Ramesh Chandappa Jigajinagi(17th Lok Sabha),Ramesh Chandappa Jigajinagi,BIJAPUR(SC),117663957.11,MP_CONSTITUENCY,17th Lok Sabha,HIGH,explicit_suffix_in_mp_name,STAGE1_SNAPSHOT,Allocated_Limit_for_Honble_MPs__2_.csv,297,STAGE1_SNAPSHOT::Allocated_Limit_for_Honble_MPs__2_.csv::row297,True
Haryana,Ramesh Chander Kaushik,Ramesh Chander Kaushik,SONEPAT,73563957.11,MP_CONSTITUENCY,Unknown,UNKNOWN,no_explicit_term_marker_in_source_record,STAGE1_SNAPSHOT,Allocated_Limit_for_Honble_MPs__2_.csv,298,STAGE1_SNAPSHOT::Allocated_Limit_for_Honble_MPs__2_.csv::row298,True
Odisha,Ramesh Chandra Majhi(17th Lok Sabha),Ramesh Chandra Majhi,NABARANGPUR(ST),73149995.0,MP_CONSTITUENCY,17th Lok Sabha,HIGH,explicit_suffix_in_mp_name,STAGE1_SNAPSHOT,Allocated_Limit_for_Honble_MPs__2_.csv,299,STAGE1_SNAPSHOT::Allocated_Limit_for_Honble_MPs__2_.csv::row299,True
Uttarakhand,Ramesh Pokhriyal Nishank(17th Lok Sabha),Ramesh Pokhriyal Nishank,HARDWAR,103792670.12,MP_CONSTITUENCY,17th Lok Sabha,HIGH,explicit_suffix_in_mp_name,STAGE1_SNAPSHOT,Allocated_Limit_for_Honble_MPs__2_.csv,300,STAGE1_SNAPSHOT::Allocated_Limit_for_Honble_MPs__2_.csv::row300,True
Bihar,Ramprit Mandal,Ramprit Mandal,JHANJHARPUR,49063957.11,MP_CONSTITUENCY,Unknown,UNKNOWN,no_explicit_term_marker_in_source_record,STAGE1_SNAPSHOT,Allocated_Limit_for_Honble_MPs__2_.csv,301,STAGE1_SNAPSHOT::Allocated_Limit_for_Honble_MPs__2_.csv::row301,True
Telangana,Ramulu Pothuganti(17th Lok Sabha),Ramulu Pothuganti,NAGARKURNOOL(SC),77004049.38,MP_CONSTITUENCY,17th Lok Sabha,HIGH,explicit_suffix_in_mp_name,STAGE1_SNAPSHOT,Allocated_Limit_for_Honble_MPs__2_.csv,302,STAGE1_SNAPSHOT::Allocated_Limit_for_Honble_MPs__2_.csv::row302,True
Manipur,Ranjan Singh Rajkumar(17th Lok Sabha),Ranjan Singh Rajkumar,INNER MANIPUR,98063957.11,MP_CONSTITUENCY,17th Lok Sabha,HIGH,explicit_suffix_in_mp_name,STAGE1_SNAPSHOT,Allocated_Limit_for_Honble_MPs__2_.csv,303,STAGE1_SNAPSHOT::Allocated_Limit_for_Honble_MPs__2_.csv::row303,True
Maharashtra,Ranjeetsinha Hindurao Naik Nimbalkar,Ranjeetsinha Hindurao Naik Nimbalkar,MADHA,80095000.0,MP_CONSTITUENCY,Unknown,UNKNOWN,no_explicit_term_marker_in_source_record,STAGE1_SNAPSHOT,Allocated_Limit_for_Honble_MPs__2_.csv,304,STAGE1_SNAPSHOT::Allocated_Limit_for_Honble_MPs__2_.csv::row304,True
Haryana,Rao Inderjit Singh,Rao Inderjit Singh,GURGAON,98063957.11,MP_CONSTITUENCY,Unknown,UNKNOWN,no_explicit_term_marker_in_source_record,STAGE1_SNAPSHOT,Allocated_Limit_for_Honble_MPs__2_.csv,305,STAGE1_SNAPSHOT::Allocated_Limit_for_Honble_MPs__2_.csv::row305,True
Maharashtra,Raosaheb Patil Danve,Raosaheb Patil Danve,JALNA,117663957.11,MP_CONSTITUENCY,Unknown,UNKNOWN,no_explicit_term_marker_in_source_record,STAGE1_SNAPSHOT,Allocated_Limit_for_Honble_MPs__2_.csv,306,STAGE1_SNAPSHOT::Allocated_Limit_for_Honble_MPs__2_.csv::row306,True
Gujarat,Ratansinh Magansinh Rathod,Ratansinh Magansinh Rathod,PANCHMAHAL,98063957.11,MP_CONSTITUENCY,Unknown,UNKNOWN,no_explicit_term_marker_in_source_record,STAGE1_SNAPSHOT,Allocated_Limit_for_Honble_MPs__2_.csv,307,STAGE1_SNAPSHOT::Allocated_Limit_for_Honble_MPs__2_.csv::row307,True
Haryana,Rattan Lal Kataria,Rattan Lal Kataria,AMBALA (SC),,MP_CONSTITUENCY,Unknown,UNKNOWN,no_explicit_term_marker_in_source_record,STAGE1_SNAPSHOT,Allocated_Limit_for_Honble_MPs__2_.csv,308,STAGE1_SNAPSHOT::Allocated_Limit_for_Honble_MPs__2_.csv::row308,True
Bihar,Ravi Shankar Prasad,Ravi Shankar Prasad,PATNA SAHIB,117663957.11,MP_CONSTITUENCY,Unknown,UNKNOWN,no_explicit_term_marker_in_source_record,STAGE1_SNAPSHOT,Allocated_Limit_for_Honble_MPs__2_.csv,309,STAGE1_SNAPSHOT::Allocated_Limit_for_Honble_MPs__2_.csv::row309,True
Uttar Pradesh,Ravindra Kushawaha(17th Lok Sabha),Ravindra Kushawaha,SALEMPUR,96981228.0,MP_CONSTITUENCY,17th Lok Sabha,HIGH,explicit_suffix_in_mp_name,STAGE1_SNAPSHOT,Allocated_Limit_for_Honble_MPs__2_.csv,310,STAGE1_SNAPSHOT::Allocated_Limit_for_Honble_MPs__2_.csv::row310,True
Uttar Pradesh,Ravindra Shyamnarayan Alias Ravi Kishan Shukla(17th Lok Sabha),Ravindra Shyamnarayan Alias Ravi Kishan Shukla,GORAKHPUR,79805328.71,MP_CONSTITUENCY,17th Lok Sabha,HIGH,explicit_suffix_in_mp_name,STAGE1_SNAPSHOT,Allocated_Limit_for_Honble_MPs__2_.csv,311,STAGE1_SNAPSHOT::Allocated_Limit_for_Honble_MPs__2_.csv::row311,True
Punjab,Ravneet Singh(17th Lok Sabha),Ravneet Singh,LUDHIANA,98063957.11,MP_CONSTITUENCY,17th Lok Sabha,HIGH,explicit_suffix_in_mp_name,STAGE1_SNAPSHOT,Allocated_Limit_for_Honble_MPs__2_.csv,312,STAGE1_SNAPSHOT::Allocated_Limit_for_Honble_MPs__2_.csv::row312,True
Tripura,Rebati Tripura,Rebati Tripura,TRIPURA EAST(ST),98063957.11,MP_CONSTITUENCY,Unknown,UNKNOWN,no_explicit_term_marker_in_source_record,STAGE1_SNAPSHOT,Allocated_Limit_for_Honble_MPs__2_.csv,313,STAGE1_SNAPSHOT::Allocated_Limit_for_Honble_MPs__2_.csv::row313,True
Uttar Pradesh,RK Singh Patel(17th Lok Sabha),RK Singh Patel,BANDA,73563957.11,MP_CONSTITUENCY,17th Lok Sabha,HIGH,explicit_suffix_in_mp_name,STAGE1_SNAPSHOT,Allocated_Limit_for_Honble_MPs__2_.csv,314,STAGE1_SNAPSHOT::Allocated_Limit_for_Honble_MPs__2_.csv::row314,True
Madhya Pradesh,Rodmal Nagar,Rodmal Nagar,RAJGARH,74633248.11,MP_CONSTITUENCY,Unknown,UNKNOWN,no_explicit_term_marker_in_source_record,STAGE1_SNAPSHOT,Allocated_Limit_for_Honble_MPs__2_.csv,315,STAGE1_SNAPSHOT::Allocated_Limit_for_Honble_MPs__2_.csv::row315,True
Tamil Nadu,S Gnanathiraviam(17th Lok Sabha),S Gnanathiraviam,TIRUNELVELI,97588517.0,MP_CONSTITUENCY,17th Lok Sabha,HIGH,explicit_suffix_in_mp_name,STAGE1_SNAPSHOT,Allocated_Limit_for_Honble_MPs__2_.csv,316,STAGE1_SNAPSHOT::Allocated_Limit_for_Honble_MPs__2_.csv::row316,True
Karnataka,S Muniswamy(17th Lok Sabha),S Muniswamy,KOLAR(SC),97998000.0,MP_CONSTITUENCY,17th Lok Sabha,HIGH,explicit_suffix_in_mp_name,STAGE1_SNAPSHOT,Allocated_Limit_for_Honble_MPs__2_.csv,317,STAGE1_SNAPSHOT::Allocated_Limit_for_Honble_MPs__2_.csv::row317,True
Tamil Nadu,S Ramalingam,S Ramalingam,MAYILADUTHURAI,117403090.0,MP_CONSTITUENCY,Unknown,UNKNOWN,no_explicit_term_marker_in_source_record,STAGE1_SNAPSHOT,Allocated_Limit_for_Honble_MPs__2_.csv,318,STAGE1_SNAPSHOT::Allocated_Limit_for_Honble_MPs__2_.csv::row318,True
Tamil Nadu,S Venkatesan(17th Lok Sabha),S Venkatesan,MADURAI,117663957.11,MP_CONSTITUENCY,17th Lok Sabha,HIGH,explicit_suffix_in_mp_name,STAGE1_SNAPSHOT,Allocated_Limit_for_Honble_MPs__2_.csv,319,STAGE1_SNAPSHOT::Allocated_Limit_for_Honble_MPs__2_.csv::row319,True
Tamil Nadu,S. Jagathrakshakan,S. Jagathrakshakan,ARAKKONAM,94313550.0,MP_CONSTITUENCY,Unknown,UNKNOWN,no_explicit_term_marker_in_source_record,STAGE1_SNAPSHOT,Allocated_Limit_for_Honble_MPs__2_.csv,320,STAGE1_SNAPSHOT::Allocated_Limit_for_Honble_MPs__2_.csv::row320,True
Tamil Nadu,S.S. Palanimanickam (17th Lok Sabha),S.S. Palanimanickam,THANJAVUR,98063957.11,MP_CONSTITUENCY,17th Lok Sabha,HIGH,explicit_suffix_in_mp_name,STAGE1_SNAPSHOT,Allocated_Limit_for_Honble_MPs__2_.csv,321,STAGE1_SNAPSHOT::Allocated_Limit_for_Honble_MPs__2_.csv::row321,True
Maharashtra,Sadashiv Kisan Lokhande,Sadashiv Kisan Lokhande,SHIRDI(SC),73563957.11,MP_CONSTITUENCY,Unknown,UNKNOWN,no_explicit_term_marker_in_source_record,STAGE1_SNAPSHOT,Allocated_Limit_for_Honble_MPs__2_.csv,322,STAGE1_SNAPSHOT::Allocated_Limit_for_Honble_MPs__2_.csv::row322,True
Madhya Pradesh,Sadhvi Pragya Singh Thakur (17th Lok Sabha),Sadhvi Pragya Singh Thakur,BHOPAL,75556747.92999999,MP_CONSTITUENCY,17th Lok Sabha,HIGH,explicit_suffix_in_mp_name,STAGE1_SNAPSHOT,Allocated_Limit_for_Honble_MPs__2_.csv,323,STAGE1_SNAPSHOT::Allocated_Limit_for_Honble_MPs__2_.csv::row323,True
Uttar Pradesh,Sangam Lal Gupta(17th Lok Sabha),Sangam Lal Gupta,PRATAPGARH,73563957.11,MP_CONSTITUENCY,17th Lok Sabha,HIGH,explicit_suffix_in_mp_name,STAGE1_SNAPSHOT,Allocated_Limit_for_Honble_MPs__2_.csv,324,STAGE1_SNAPSHOT::Allocated_Limit_for_Honble_MPs__2_.csv::row324,True
Karnataka,Sanganna Amarappa Karadi(17th Lok Sabha),Sanganna Amarappa Karadi,KOPPAL,98063957.11,MP_CONSTITUENCY,17th Lok Sabha,HIGH,explicit_suffix_in_mp_name,STAGE1_SNAPSHOT,Allocated_Limit_for_Honble_MPs__2_.csv,325,STAGE1_SNAPSHOT::Allocated_Limit_for_Honble_MPs__2_.csv::row325,True
Uttar Pradesh,Sangeeta Azad,Sangeeta Azad,LALGANJ (SC),52223874.2,MP_CONSTITUENCY,Unknown,UNKNOWN,no_explicit_term_marker_in_source_record,STAGE1_SNAPSHOT,Allocated_Limit_for_Honble_MPs__2_.csv,326,STAGE1_SNAPSHOT::Allocated_Limit_for_Honble_MPs__2_.csv::row326,True
Uttar Pradesh,Sanghamitra Maurya(17th Lok Sabha),Sanghamitra Maurya,BADAUN,73563957.11,MP_CONSTITUENCY,17th Lok Sabha,HIGH,explicit_suffix_in_mp_name,STAGE1_SNAPSHOT,Allocated_Limit_for_Honble_MPs__2_.csv,327,STAGE1_SNAPSHOT::Allocated_Limit_for_Honble_MPs__2_.csv::row327,True
Haryana,Sanjay Bhatia,Sanjay Bhatia,KARNAL,117663957.11,MP_CONSTITUENCY,Unknown,UNKNOWN,no_explicit_term_marker_in_source_record,STAGE1_SNAPSHOT,Allocated_Limit_for_Honble_MPs__2_.csv,328,STAGE1_SNAPSHOT::Allocated_Limit_for_Honble_MPs__2_.csv::row328,True
Maharashtra,Sanjay Haribhau Jadhav(17th Lok Sabha),Sanjay Haribhau Jadhav,PARBHANI,98063957.11,MP_CONSTITUENCY,17th Lok Sabha,HIGH,explicit_suffix_in_mp_name,STAGE1_SNAPSHOT,Allocated_Limit_for_Honble_MPs__2_.csv,329,STAGE1_SNAPSHOT::Allocated_Limit_for_Honble_MPs__2_.csv::row329,True
Bihar,Sanjay Jaiswal,Sanjay Jaiswal,PASCHIM CHAMPARAN,117663957.11,MP_CONSTITUENCY,Unknown,UNKNOWN,no_explicit_term_marker_in_source_record,STAGE1_SNAPSHOT,Allocated_Limit_for_Honble_MPs__2_.csv,330,STAGE1_SNAPSHOT::Allocated_Limit_for_Honble_MPs__2_.csv::row330,True
Telangana,Sanjay Kumar Bandi(17th Lok Sabha),Sanjay Kumar Bandi,KARIMNAGAR,154598302.0,MP_CONSTITUENCY,17th Lok Sabha,HIGH,explicit_suffix_in_mp_name,STAGE1_SNAPSHOT,Allocated_Limit_for_Honble_MPs__2_.csv,331,STAGE1_SNAPSHOT::Allocated_Limit_for_Honble_MPs__2_.csv::row331,True
Maharashtra,Sanjay Sadashivrao Mandlik(17th Lok Sabha),Sanjay Sadashivrao Mandlik,KOLHAPUR,98063957.11,MP_CONSTITUENCY,17th Lok Sabha,HIGH,explicit_suffix_in_mp_name,STAGE1_SNAPSHOT,Allocated_Limit_for_Honble_MPs__2_.csv,332,STAGE1_SNAPSHOT::Allocated_Limit_for_Honble_MPs__2_.csv::row332,True
Jharkhand,Sanjay Seth,Sanjay Seth,RANCHI,48999600.0,MP_CONSTITUENCY,Unknown,UNKNOWN,no_explicit_term_marker_in_source_record,STAGE1_SNAPSHOT,Allocated_Limit_for_Honble_MPs__2_.csv,333,STAGE1_SNAPSHOT::Allocated_Limit_for_Honble_MPs__2_.csv::row333,True
Maharashtra,Sanjay Shamrao Dhotre(17th Lok Sabha),Sanjay Shamrao Dhotre,AKOLA,73563957.11,MP_CONSTITUENCY,17th Lok Sabha,HIGH,explicit_suffix_in_mp_name,STAGE1_SNAPSHOT,Allocated_Limit_for_Honble_MPs__2_.csv,334,STAGE1_SNAPSHOT::Allocated_Limit_for_Honble_MPs__2_.csv::row334,True
Maharashtra,Sanjay(Kaka) Ramchandra Patil(17th Lok Sabha),Sanjay,SANGLI,120568550.11,MP_CONSTITUENCY,17th Lok Sabha,HIGH,explicit_suffix_in_mp_name,STAGE1_SNAPSHOT,Allocated_Limit_for_Honble_MPs__2_.csv,335,STAGE1_SNAPSHOT::Allocated_Limit_for_Honble_MPs__2_.csv::row335,True
Uttar Pradesh,Sanjeev Kumar Balyan(17th Lok Sabha),Sanjeev Kumar Balyan,MUZAFFARNAGAR,49063957.11,MP_CONSTITUENCY,17th Lok Sabha,HIGH,explicit_suffix_in_mp_name,STAGE1_SNAPSHOT,Allocated_Limit_for_Honble_MPs__2_.csv,336,STAGE1_SNAPSHOT::Allocated_Limit_for_Honble_MPs__2_.csv::row336,True
Bihar,Santosh Kumar,Santosh Kumar,PURNEA,98063957.11,MP_CONSTITUENCY,Unknown,UNKNOWN,no_explicit_term_marker_in_source_record,STAGE1_SNAPSHOT,Allocated_Limit_for_Honble_MPs__2_.csv,337,STAGE1_SNAPSHOT::Allocated_Limit_for_Honble_MPs__2_.csv::row337,True
Uttar Pradesh,Santosh Kumar Gangwar(17th Lok Sabha),Santosh Kumar Gangwar,BAREILLY,74535126.79,MP_CONSTITUENCY,17th Lok Sabha,HIGH,explicit_suffix_in_mp_name,STAGE1_SNAPSHOT,Allocated_Limit_for_Honble_MPs__2_.csv,338,STAGE1_SNAPSHOT::Allocated_Limit_for_Honble_MPs__2_.csv::row338,True
Chhattisgarh,Santosh Pandey,Santosh Pandey,RAJNANDGAON,73563957.11,MP_CONSTITUENCY,Unknown,UNKNOWN,no_explicit_term_marker_in_source_record,STAGE1_SNAPSHOT,Allocated_Limit_for_Honble_MPs__2_.csv,339,STAGE1_SNAPSHOT::Allocated_Limit_for_Honble_MPs__2_.csv::row339,True
Odisha,Saptagiri Sankar Ulaka,Saptagiri Sankar Ulaka,KORAPUT(ST),73563957.11,MP_CONSTITUENCY,Unknown,UNKNOWN,no_explicit_term_marker_in_source_record,STAGE1_SNAPSHOT,Allocated_Limit_for_Honble_MPs__2_.csv,340,STAGE1_SNAPSHOT::Allocated_Limit_for_Honble_MPs__2_.csv::row340,True
Punjab,Sardar Simranjit Singh Mann (17th Lok Sabha),Sardar Simranjit Singh Mann,SANGRUR,74106491.11,MP_CONSTITUENCY,17th Lok Sabha,HIGH,explicit_suffix_in_mp_name,STAGE1_SNAPSHOT,Allocated_Limit_for_Honble_MPs__2_.csv,341,STAGE1_SNAPSHOT::Allocated_Limit_for_Honble_MPs__2_.csv::row341,True
Uttar Pradesh,Satya Pal Singh(17TH Lok Sabha),Satya Pal Singh,BAGHPAT,98063957.11,MP_CONSTITUENCY,17th Lok Sabha,HIGH,explicit_suffix_in_mp_name,STAGE1_SNAPSHOT,Allocated_Limit_for_Honble_MPs__2_.csv,342,STAGE1_SNAPSHOT::Allocated_Limit_for_Honble_MPs__2_.csv::row342,True
Uttar Pradesh,Satyadev Pachauri(17th Lok Sabha),Satyadev Pachauri,KANPUR,49796577.15,MP_CONSTITUENCY,17th Lok Sabha,HIGH,explicit_suffix_in_mp_name,STAGE1_SNAPSHOT,Allocated_Limit_for_Honble_MPs__2_.csv,343,STAGE1_SNAPSHOT::Allocated_Limit_for_Honble_MPs__2_.csv::row343,True
West Bengal,Saumitra khan,Saumitra khan,BISHNUPUR(SC),98063957.11,MP_CONSTITUENCY,Unknown,UNKNOWN,no_explicit_term_marker_in_source_record,STAGE1_SNAPSHOT,Allocated_Limit_for_Honble_MPs__2_.csv,344,STAGE1_SNAPSHOT::Allocated_Limit_for_Honble_MPs__2_.csv::row344,True
Uttar Pradesh,Seyed Tufail Hasan,Seyed Tufail Hasan,MORADABAD,49063957.11,MP_CONSTITUENCY,Unknown,UNKNOWN,no_explicit_term_marker_in_source_record,STAGE1_SNAPSHOT,Allocated_Limit_for_Honble_MPs__2_.csv,345,STAGE1_SNAPSHOT::Allocated_Limit_for_Honble_MPs__2_.csv::row345,True
Assam,Sh Teli Rameswar,Sh Teli Rameswar,DIBRUGARH,98063957.11,MP_CONSTITUENCY,Unknown,UNKNOWN,no_explicit_term_marker_in_source_record,STAGE1_SNAPSHOT,Allocated_Limit_for_Honble_MPs__2_.csv,346,STAGE1_SNAPSHOT::Allocated_Limit_for_Honble_MPs__2_.csv::row346,True
Madhya Pradesh,Shankar Lalwani(17th Lok Sabha),Shankar Lalwani,INDORE,73563957.11,MP_CONSTITUENCY,17th Lok Sabha,HIGH,explicit_suffix_in_mp_name,STAGE1_SNAPSHOT,Allocated_Limit_for_Honble_MPs__2_.csv,347,STAGE1_SNAPSHOT::Allocated_Limit_for_Honble_MPs__2_.csv::row347,True
West Bengal,Shatrughan Sinha(17th Lok Sabha),Shatrughan Sinha,ASANSOL,73563957.11,MP_CONSTITUENCY,17th Lok Sabha,HIGH,explicit_suffix_in_mp_name,STAGE1_SNAPSHOT,Allocated_Limit_for_Honble_MPs__2_.csv,348,STAGE1_SNAPSHOT::Allocated_Limit_for_Honble_MPs__2_.csv::row348,True
Karnataka,Shivkumar Chanabasappa Udasi(17th Lok Sabha),Shivkumar Chanabasappa Udasi,HAVERI,98063957.11,MP_CONSTITUENCY,17th Lok Sabha,HIGH,explicit_suffix_in_mp_name,STAGE1_SNAPSHOT,Allocated_Limit_for_Honble_MPs__2_.csv,349,STAGE1_SNAPSHOT::Allocated_Limit_for_Honble_MPs__2_.csv::row349,True
Haryana,Shri Dharambir Singh (17th Lok Sabha),Shri Dharambir Singh,BHIWANI MAHENDRAGARH,49063957.11,MP_CONSTITUENCY,17th Lok Sabha,HIGH,explicit_suffix_in_mp_name,STAGE1_SNAPSHOT,Allocated_Limit_for_Honble_MPs__2_.csv,350,STAGE1_SNAPSHOT::Allocated_Limit_for_Honble_MPs__2_.csv::row350,True
Bihar,Shri Prince Raj (17th Lok Sabha),Shri Prince Raj,SAMASTIPUR(SC),73563957.11,MP_CONSTITUENCY,17th Lok Sabha,HIGH,explicit_suffix_in_mp_name,STAGE1_SNAPSHOT,Allocated_Limit_for_Honble_MPs__2_.csv,351,STAGE1_SNAPSHOT::Allocated_Limit_for_Honble_MPs__2_.csv::row351,True
Nagaland,Shri Tokheho (17th Lok Sabha),Shri Tokheho,NAGALAND,49083445.91,MP_CONSTITUENCY,17th Lok Sabha,HIGH,explicit_suffix_in_mp_name,STAGE1_SNAPSHOT,Allocated_Limit_for_Honble_MPs__2_.csv,352,STAGE1_SNAPSHOT::Allocated_Limit_for_Honble_MPs__2_.csv::row352,True
Assam,Shri Abdul Khaleque (17th Lok Sabha),Shri Abdul Khaleque,BARPETA,98063957.11,MP_CONSTITUENCY,17th Lok Sabha,HIGH,explicit_suffix_in_mp_name,STAGE1_SNAPSHOT,Allocated_Limit_for_Honble_MPs__2_.csv,353,STAGE1_SNAPSHOT::Allocated_Limit_for_Honble_MPs__2_.csv::row353,True
West Bengal,Shri Abhishek Banerjee (17th Lok Sabha),Shri Abhishek Banerjee,DIAMOND HARBOUR,73563957.11,MP_CONSTITUENCY,17th Lok Sabha,HIGH,explicit_suffix_in_mp_name,STAGE1_SNAPSHOT,Allocated_Limit_for_Honble_MPs__2_.csv,354,STAGE1_SNAPSHOT::Allocated_Limit_for_Honble_MPs__2_.csv::row354,True
West Bengal,Shri Abu Hasem Khan Choudhury (17th Lok Sabha),Shri Abu Hasem Khan Choudhury,MALDAHA DAKSHIN,147063957.11,MP_CONSTITUENCY,17th Lok Sabha,HIGH,explicit_suffix_in_mp_name,STAGE1_SNAPSHOT,Allocated_Limit_for_Honble_MPs__2_.csv,355,STAGE1_SNAPSHOT::Allocated_Limit_for_Honble_MPs__2_.csv::row355,True
Uttar Pradesh,Shri Ajay (Teni) Misra (17th Lok Sabha),Shri Ajay,KHERI,49063957.11,MP_CONSTITUENCY,17th Lok Sabha,HIGH,explicit_suffix_in_mp_name,STAGE1_SNAPSHOT,Allocated_Limit_for_Honble_MPs__2_.csv,356,STAGE1_SNAPSHOT::Allocated_Limit_for_Honble_MPs__2_.csv::row356,True
Uttar Pradesh,Shri Akhilesh Yadav (EX17LS),Shri Akhilesh Yadav (EX17LS),AZAMGARH,2098919.19,MP_CONSTITUENCY,Unknown,UNKNOWN,no_explicit_term_marker_in_source_record,STAGE1_SNAPSHOT,Allocated_Limit_for_Honble_MPs__2_.csv,357,STAGE1_SNAPSHOT::Allocated_Limit_for_Honble_MPs__2_.csv::row357,True
Punjab,Shri Amar Singh (17th Lok Sabha),Shri Amar Singh,FATEHGARH SAHIB(SC),73563957.11,MP_CONSTITUENCY,17th Lok Sabha,HIGH,explicit_suffix_in_mp_name,STAGE1_SNAPSHOT,Allocated_Limit_for_Honble_MPs__2_.csv,358,STAGE1_SNAPSHOT::Allocated_Limit_for_Honble_MPs__2_.csv::row358,True
Madhya Pradesh,Shri Anil Firojiya (17th Lok Sabha),Shri Anil Firojiya,UJJAIN(SC),73563957.11,MP_CONSTITUENCY,17th Lok Sabha,HIGH,explicit_suffix_in_mp_name,STAGE1_SNAPSHOT,Allocated_Limit_for_Honble_MPs__2_.csv,359,STAGE1_SNAPSHOT::Allocated_Limit_for_Honble_MPs__2_.csv::row359,True
Jharkhand,Shri Arjun Munda (17th Lok Sabha),Shri Arjun Munda,KHUNTI(ST),73563957.11,MP_CONSTITUENCY,17th Lok Sabha,HIGH,explicit_suffix_in_mp_name,STAGE1_SNAPSHOT,Allocated_Limit_for_Honble_MPs__2_.csv,360,STAGE1_SNAPSHOT::Allocated_Limit_for_Honble_MPs__2_.csv::row360,True
Rajasthan,Shri Arjun Ram Meghwal (17LS)EX,Shri Arjun Ram Meghwal (17LS)EX,BIKANER(SC),73500000.0,MP_CONSTITUENCY,Unknown,UNKNOWN,no_explicit_term_marker_in_source_record,STAGE1_SNAPSHOT,Allocated_Limit_for_Honble_MPs__2_.csv,361,STAGE1_SNAPSHOT::Allocated_Limit_for_Honble_MPs__2_.csv::row361,True
West Bengal,Shri Arjun Singh (17th Lok Sabha),Shri Arjun Singh,BARRACKPUR,98063957.11,MP_CONSTITUENCY,17th Lok Sabha,HIGH,explicit_suffix_in_mp_name,STAGE1_SNAPSHOT,Allocated_Limit_for_Honble_MPs__2_.csv,362,STAGE1_SNAPSHOT::Allocated_Limit_for_Honble_MPs__2_.csv::row362,True
Uttar Pradesh,Shri Arun Kumar Sagar (17th Lok Sabha),Shri Arun Kumar Sagar,SHAHJAHANPUR(SC),73563957.11,MP_CONSTITUENCY,17th Lok Sabha,HIGH,explicit_suffix_in_mp_name,STAGE1_SNAPSHOT,Allocated_Limit_for_Honble_MPs__2_.csv,363,STAGE1_SNAPSHOT::Allocated_Limit_for_Honble_MPs__2_.csv::row363,True
Karnataka,Shri B Y Raghavendra (17th Lok Sabha),Shri B Y Raghavendra,SHIMOGA,98063957.11,MP_CONSTITUENCY,17th Lok Sabha,HIGH,explicit_suffix_in_mp_name,STAGE1_SNAPSHOT,Allocated_Limit_for_Honble_MPs__2_.csv,364,STAGE1_SNAPSHOT::Allocated_Limit_for_Honble_MPs__2_.csv::row364,True
Maharashtra,Shri Balubhau Narayanrao (Alias Suresh) Dhanorkar (17LS),Shri Balubhau Narayanrao (Alias Suresh) Dhanorkar (17LS),CHANDRAPUR,24500000.0,MP_CONSTITUENCY,Unknown,UNKNOWN,no_explicit_term_marker_in_source_record,STAGE1_SNAPSHOT,Allocated_Limit_for_Honble_MPs__2_.csv,365,STAGE1_SNAPSHOT::Allocated_Limit_for_Honble_MPs__2_.csv::row365,True
Kerala,Shri Benny Behanan (17th Lok Sabha),Shri Benny Behanan,CHALAKUDY,82600364.0,MP_CONSTITUENCY,17th Lok Sabha,HIGH,explicit_suffix_in_mp_name,STAGE1_SNAPSHOT,Allocated_Limit_for_Honble_MPs__2_.csv,366,STAGE1_SNAPSHOT::Allocated_Limit_for_Honble_MPs__2_.csv::row366,True
Odisha,Shri Bhartruhari Mahtab (17th Lok Sabha),Shri Bhartruhari Mahtab,CUTTACK,73563957.11,MP_CONSTITUENCY,17th Lok Sabha,HIGH,explicit_suffix_in_mp_name,STAGE1_SNAPSHOT,Allocated_Limit_for_Honble_MPs__2_.csv,367,STAGE1_SNAPSHOT::Allocated_Limit_for_Honble_MPs__2_.csv::row367,True
Jharkhand,Shri Chandra Prakash Choudhary (17th Lok Sabha),Shri Chandra Prakash Choudhary,GIRIDIH,98063957.11,MP_CONSTITUENCY,17th Lok Sabha,HIGH,explicit_suffix_in_mp_name,STAGE1_SNAPSHOT,Allocated_Limit_for_Honble_MPs__2_.csv,368,STAGE1_SNAPSHOT::Allocated_Limit_for_Honble_MPs__2_.csv::row368,True
Odisha,Shri Chandra Sekhar Sahu (17th Lok Sabha),Shri Chandra Sekhar Sahu,BERHAMPUR,73563957.11,MP_CONSTITUENCY,17th Lok Sabha,HIGH,explicit_suffix_in_mp_name,STAGE1_SNAPSHOT,Allocated_Limit_for_Honble_MPs__2_.csv,369,STAGE1_SNAPSHOT::Allocated_Limit_for_Honble_MPs__2_.csv::row369,True
West Bengal,Shri Choudhury Mohan Jatua (17th Lok Sabha),Shri Choudhury Mohan Jatua,MATHURAPUR(SC),73563957.11,MP_CONSTITUENCY,17th Lok Sabha,HIGH,explicit_suffix_in_mp_name,STAGE1_SNAPSHOT,Allocated_Limit_for_Honble_MPs__2_.csv,370,STAGE1_SNAPSHOT::Allocated_Limit_for_Honble_MPs__2_.csv::row370,True
West Bengal,Shri Deepak (Dev) Adhikari (17th Lok Sabha),Shri Deepak,GHATAL,98063957.11,MP_CONSTITUENCY,17th Lok Sabha,HIGH,explicit_suffix_in_mp_name,STAGE1_SNAPSHOT,Allocated_Limit_for_Honble_MPs__2_.csv,371,STAGE1_SNAPSHOT::Allocated_Limit_for_Honble_MPs__2_.csv::row371,True
West Bengal,Shri Dibyendu Adhikari (17th Lok Sabha),Shri Dibyendu Adhikari,TAMLUK,98063957.11,MP_CONSTITUENCY,17th Lok Sabha,HIGH,explicit_suffix_in_mp_name,STAGE1_SNAPSHOT,Allocated_Limit_for_Honble_MPs__2_.csv,372,STAGE1_SNAPSHOT::Allocated_Limit_for_Honble_MPs__2_.csv::row372,True
West Bengal,Shri Dilip Ghosh (17th Lok Sabha),Shri Dilip Ghosh,MEDINIPUR,98063957.11,MP_CONSTITUENCY,17th Lok Sabha,HIGH,explicit_suffix_in_mp_name,STAGE1_SNAPSHOT,Allocated_Limit_for_Honble_MPs__2_.csv,373,STAGE1_SNAPSHOT::Allocated_Limit_for_Honble_MPs__2_.csv::row373,True
Bihar,Shri Dulal Chandra Goswami (17th Lok Sabha),Shri Dulal Chandra Goswami,KATIHAR,49063957.11,MP_CONSTITUENCY,17th Lok Sabha,HIGH,explicit_suffix_in_mp_name,STAGE1_SNAPSHOT,Allocated_Limit_for_Honble_MPs__2_.csv,374,STAGE1_SNAPSHOT::Allocated_Limit_for_Honble_MPs__2_.csv::row374,True
Karnataka,Shri DV Sadananda Gowda (17th Lok Sabha),Shri DV Sadananda Gowda,BANGALORE NORTH,98117835.11,MP_CONSTITUENCY,17th Lok Sabha,HIGH,explicit_suffix_in_mp_name,STAGE1_SNAPSHOT,Allocated_Limit_for_Honble_MPs__2_.csv,375,STAGE1_SNAPSHOT::Allocated_Limit_for_Honble_MPs__2_.csv::row375,True
Maharashtra,Shri Gajanan Chandrakant Kirtikar (17th Lok Sabha),Shri Gajanan Chandrakant Kirtikar,MUMBAI NORTH WEST,73563957.11,MP_CONSTITUENCY,17th Lok Sabha,HIGH,explicit_suffix_in_mp_name,STAGE1_SNAPSHOT,Allocated_Limit_for_Honble_MPs__2_.csv,376,STAGE1_SNAPSHOT::Allocated_Limit_for_Honble_MPs__2_.csv::row376,True
Karnataka,Shri Gangasandra Siddappa Basavaraj (17th Lok Sabha),Shri Gangasandra Siddappa Basavaraj,TUMKUR,98063957.11,MP_CONSTITUENCY,17th Lok Sabha,HIGH,explicit_suffix_in_mp_name,STAGE1_SNAPSHOT,Allocated_Limit_for_Honble_MPs__2_.csv,377,STAGE1_SNAPSHOT::Allocated_Limit_for_Honble_MPs__2_.csv::row377,True
Tamil Nadu,Shri Gautham Sigamani Pon (17th Lok Sabha),Shri Gautham Sigamani Pon,KALLAKURICHI,103247085.11,MP_CONSTITUENCY,17th Lok Sabha,HIGH,explicit_suffix_in_mp_name,STAGE1_SNAPSHOT,Allocated_Limit_for_Honble_MPs__2_.csv,378,STAGE1_SNAPSHOT::Allocated_Limit_for_Honble_MPs__2_.csv::row378,True
Maharashtra,Shri Gopal Chinayya Shetty (17th Lok Sabha),Shri Gopal Chinayya Shetty,MUMBAI NORTH,73563957.11,MP_CONSTITUENCY,17th Lok Sabha,HIGH,explicit_suffix_in_mp_name,STAGE1_SNAPSHOT,Allocated_Limit_for_Honble_MPs__2_.csv,379,STAGE1_SNAPSHOT::Allocated_Limit_for_Honble_MPs__2_.csv::row379,True
Punjab,Shri Gurjeet Singh Aujla (17th Lok Sabha),Shri Gurjeet Singh Aujla,AMRITSAR,50660605.13,MP_CONSTITUENCY,17th Lok Sabha,HIGH,explicit_suffix_in_mp_name,STAGE1_SNAPSHOT,Allocated_Limit_for_Honble_MPs__2_.csv,380,STAGE1_SNAPSHOT::Allocated_Limit_for_Honble_MPs__2_.csv::row380,True
Uttar Pradesh,Shri Haji Fazlur Rehman (17th Lok Sabha),Shri Haji Fazlur Rehman,SAHARANPUR,73563957.11,MP_CONSTITUENCY,17th Lok Sabha,HIGH,explicit_suffix_in_mp_name,STAGE1_SNAPSHOT,Allocated_Limit_for_Honble_MPs__2_.csv,381,STAGE1_SNAPSHOT::Allocated_Limit_for_Honble_MPs__2_.csv::row381,True
Rajasthan,Shri Hanuman Beniwal (17th Lok Sabha),Shri Hanuman Beniwal,NAGAUR,98000000.0,MP_CONSTITUENCY,17th Lok Sabha,HIGH,explicit_suffix_in_mp_name,STAGE1_SNAPSHOT,Allocated_Limit_for_Honble_MPs__2_.csv,382,STAGE1_SNAPSHOT::Allocated_Limit_for_Honble_MPs__2_.csv::row382,True
Uttar Pradesh,Shri Harish Dwivedi (17th Lok Sabha),Shri Harish Dwivedi,BASTI,60487000.0,MP_CONSTITUENCY,17th Lok Sabha,HIGH,explicit_suffix_in_mp_name,STAGE1_SNAPSHOT,Allocated_Limit_for_Honble_MPs__2_.csv,383,STAGE1_SNAPSHOT::Allocated_Limit_for_Honble_MPs__2_.csv::row383,True
Kerala,Shri Hibi Eden (17th Lok Sabha),Shri Hibi Eden,ERNAKULAM,83182179.0,MP_CONSTITUENCY,17th Lok Sabha,HIGH,explicit_suffix_in_mp_name,STAGE1_SNAPSHOT,Allocated_Limit_for_Honble_MPs__2_.csv,384,STAGE1_SNAPSHOT::Allocated_Limit_for_Honble_MPs__2_.csv::row384,True
Ladakh,Shri Jamyang Tsering Namgyal (17th Lok Sabha),Shri Jamyang Tsering Namgyal,LADAKH,110436000.0,MP_CONSTITUENCY,17th Lok Sabha,HIGH,explicit_suffix_in_mp_name,STAGE1_SNAPSHOT,Allocated_Limit_for_Honble_MPs__2_.csv,385,STAGE1_SNAPSHOT::Allocated_Limit_for_Honble_MPs__2_.csv::row385,True
Bihar,Shri Janardan Singh Sigriwal (17th Lok Sabha),Shri Janardan Singh Sigriwal,MAHARAJGANJ_BR,117663957.11,MP_CONSTITUENCY,17th Lok Sabha,HIGH,explicit_suffix_in_mp_name,STAGE1_SNAPSHOT,Allocated_Limit_for_Honble_MPs__2_.csv,386,STAGE1_SNAPSHOT::Allocated_Limit_for_Honble_MPs__2_.csv::row386,True
Punjab,Shri Jasbir Singh (17th Lok Sabha),Shri Jasbir Singh,KHADOOR SAHIB,78393047.11,MP_CONSTITUENCY,17th Lok Sabha,HIGH,explicit_suffix_in_mp_name,STAGE1_SNAPSHOT,Allocated_Limit_for_Honble_MPs__2_.csv,387,STAGE1_SNAPSHOT::Allocated_Limit_for_Honble_MPs__2_.csv::row387,True
Jharkhand,Shri Jayant Sinha (17th Lok Sabha),Shri Jayant Sinha,HAZARIBAGH,73563957.11,MP_CONSTITUENCY,17th Lok Sabha,HIGH,explicit_suffix_in_mp_name,STAGE1_SNAPSHOT,Allocated_Limit_for_Honble_MPs__2_.csv,388,STAGE1_SNAPSHOT::Allocated_Limit_for_Honble_MPs__2_.csv::row388,True
Odisha,Shri Jual Oram (17th Lok Sabha),Shri Jual Oram,SUNDARGARH (ST),72530000.0,MP_CONSTITUENCY,17th Lok Sabha,HIGH,explicit_suffix_in_mp_name,STAGE1_SNAPSHOT,Allocated_Limit_for_Honble_MPs__2_.csv,389,STAGE1_SNAPSHOT::Allocated_Limit_for_Honble_MPs__2_.csv::row389,True
Jammu And Kashmir,Shri Jugal Kishore Sharma (17th Lok Sabha),Shri Jugal Kishore Sharma,JAMMU,73563957.11,MP_CONSTITUENCY,17th Lok Sabha,HIGH,explicit_suffix_in_mp_name,STAGE1_SNAPSHOT,Allocated_Limit_for_Honble_MPs__2_.csv,390,STAGE1_SNAPSHOT::Allocated_Limit_for_Honble_MPs__2_.csv::row390,True
West Bengal,Shri Jyotirmay Singh Mahato (17th Lok Sabha),Shri Jyotirmay Singh Mahato,PURULIA,117663957.11,MP_CONSTITUENCY,17th Lok Sabha,HIGH,explicit_suffix_in_mp_name,STAGE1_SNAPSHOT,Allocated_Limit_for_Honble_MPs__2_.csv,391,STAGE1_SNAPSHOT::Allocated_Limit_for_Honble_MPs__2_.csv::row391,True
Kerala,Shri K Muraleedharan (17th Lok Sabha),Shri K Muraleedharan,VADAKARA,98063957.11,MP_CONSTITUENCY,17th Lok Sabha,HIGH,explicit_suffix_in_mp_name,STAGE1_SNAPSHOT,Allocated_Limit_for_Honble_MPs__2_.csv,392,STAGE1_SNAPSHOT::Allocated_Limit_for_Honble_MPs__2_.csv::row392,True
Tamil Nadu,Shri Karti P Chidambaram (17th Lok Sabha),Shri Karti P Chidambaram,SIVAGANGA,86014673.0,MP_CONSTITUENCY,17th Lok Sabha,HIGH,explicit_suffix_in_mp_name,STAGE1_SNAPSHOT,Allocated_Limit_for_Honble_MPs__2_.csv,393,STAGE1_SNAPSHOT::Allocated_Limit_for_Honble_MPs__2_.csv::row393,True
Telangana,Shri Komati Reddy Venkat Reddy (17th Lok Sabha),Shri Komati Reddy Venkat Reddy,BHONGIR,98000000.0,MP_CONSTITUENCY,17th Lok Sabha,HIGH,explicit_suffix_in_mp_name,STAGE1_SNAPSHOT,Allocated_Limit_for_Honble_MPs__2_.csv,394,STAGE1_SNAPSHOT::Allocated_Limit_for_Honble_MPs__2_.csv::row394,True
Kerala,Shri Kumbakudi Sudhakaran (17th Lok Sabha),Shri Kumbakudi Sudhakaran,KANNUR,98063957.11,MP_CONSTITUENCY,17th Lok Sabha,HIGH,explicit_suffix_in_mp_name,STAGE1_SNAPSHOT,Allocated_Limit_for_Honble_MPs__2_.csv,395,STAGE1_SNAPSHOT::Allocated_Limit_for_Honble_MPs__2_.csv::row395,True
West Bengal,Shri Kunar Hembram (17th Lok Sabha),Shri Kunar Hembram,JHARGRAM(ST),73563957.11,MP_CONSTITUENCY,17th Lok Sabha,HIGH,explicit_suffix_in_mp_name,STAGE1_SNAPSHOT,Allocated_Limit_for_Honble_MPs__2_.csv,396,STAGE1_SNAPSHOT::Allocated_Limit_for_Honble_MPs__2_.csv::row396,True
Uttar Pradesh,Shri Kunwar Danish Ali (17th Lok Sabha),Shri Kunwar Danish Ali,AMROHA,73563957.11,MP_CONSTITUENCY,17th Lok Sabha,HIGH,explicit_suffix_in_mp_name,STAGE1_SNAPSHOT,Allocated_Limit_for_Honble_MPs__2_.csv,397,STAGE1_SNAPSHOT::Allocated_Limit_for_Honble_MPs__2_.csv::row397,True
Uttar Pradesh,Shri Lallu Singh (17th Lok Sabha),Shri Lallu Singh,FAIZABAD,73563957.11,MP_CONSTITUENCY,17th Lok Sabha,HIGH,explicit_suffix_in_mp_name,STAGE1_SNAPSHOT,Allocated_Limit_for_Honble_MPs__2_.csv,398,STAGE1_SNAPSHOT::Allocated_Limit_for_Honble_MPs__2_.csv::row398,True
Manipur,Shri Lorho S Pfoze (17th Lok Sabha),Shri Lorho S Pfoze,OUTER MANIPUR(ST),74051229.11,MP_CONSTITUENCY,17th Lok Sabha,HIGH,explicit_suffix_in_mp_name,STAGE1_SNAPSHOT,Allocated_Limit_for_Honble_MPs__2_.csv,399,STAGE1_SNAPSHOT::Allocated_Limit_for_Honble_MPs__2_.csv::row399,True
Karnataka,Shri LS Tejasvi Surya (17th Lok Sabha),Shri LS Tejasvi Surya,BANGALORE SOUTH,117663957.11,MP_CONSTITUENCY,17th Lok Sabha,HIGH,explicit_suffix_in_mp_name,STAGE1_SNAPSHOT,Allocated_Limit_for_Honble_MPs__2_.csv,400,STAGE1_SNAPSHOT::Allocated_Limit_for_Honble_MPs__2_.csv::row400,True
Kerala,Shri M K Raghavan (17th Lok Sabha),Shri M K Raghavan,KOZHIKODE,98063957.11,MP_CONSTITUENCY,17th Lok Sabha,HIGH,explicit_suffix_in_mp_name,STAGE1_SNAPSHOT,Allocated_Limit_for_Honble_MPs__2_.csv,401,STAGE1_SNAPSHOT::Allocated_Limit_for_Honble_MPs__2_.csv::row401,True
Odisha,Shri Mahesh Sahoo (17th Lok Sabha),Shri Mahesh Sahoo,DHENKANAL,65550000.0,MP_CONSTITUENCY,17th Lok Sabha,HIGH,explicit_suffix_in_mp_name,STAGE1_SNAPSHOT,Allocated_Limit_for_Honble_MPs__2_.csv,402,STAGE1_SNAPSHOT::Allocated_Limit_for_Honble_MPs__2_.csv::row402,True
Telangana,Shri Manne Srinivas Reddy (17th Lok Sabha),Shri Manne Srinivas Reddy,MAHABUBNAGAR,20579635.23,MP_CONSTITUENCY,17th Lok Sabha,HIGH,explicit_suffix_in_mp_name,STAGE1_SNAPSHOT,Allocated_Limit_for_Honble_MPs__2_.csv,403,STAGE1_SNAPSHOT::Allocated_Limit_for_Honble_MPs__2_.csv::row403,True
Maharashtra,Shri Manoj Kotak Kishorbhai (17th Lok Sabha),Shri Manoj Kotak Kishorbhai,MUMBAI NORTH EAST,98063957.11,MP_CONSTITUENCY,17th Lok Sabha,HIGH,explicit_suffix_in_mp_name,STAGE1_SNAPSHOT,Allocated_Limit_for_Honble_MPs__2_.csv,404,STAGE1_SNAPSHOT::Allocated_Limit_for_Honble_MPs__2_.csv::row404,True
Andhra Pradesh,Shri Margani Bharat (17th Lok Sabha),Shri Margani Bharat,RAJAHMUNDRY,98063957.11,MP_CONSTITUENCY,17th Lok Sabha,HIGH,explicit_suffix_in_mp_name,STAGE1_SNAPSHOT,Allocated_Limit_for_Honble_MPs__2_.csv,405,STAGE1_SNAPSHOT::Allocated_Limit_for_Honble_MPs__2_.csv::row405,True
Gujarat,Shri Mohanbhai Kalyanji Kundariya (17th Lok Sabha),Shri Mohanbhai Kalyanji Kundariya,RAJKOT,117663957.11,MP_CONSTITUENCY,17th Lok Sabha,HIGH,explicit_suffix_in_mp_name,STAGE1_SNAPSHOT,Allocated_Limit_for_Honble_MPs__2_.csv,406,STAGE1_SNAPSHOT::Allocated_Limit_for_Honble_MPs__2_.csv::row406,True
Andhra Pradesh,Shri N Reddeppa (17th Lok Sabha),Shri N Reddeppa,CHITTOOR,98063957.11,MP_CONSTITUENCY,17th Lok Sabha,HIGH,explicit_suffix_in_mp_name,STAGE1_SNAPSHOT,Allocated_Limit_for_Honble_MPs__2_.csv,407,STAGE1_SNAPSHOT::Allocated_Limit_for_Honble_MPs__2_.csv::row407,True
Assam,Shri Naba (Hira) Kumar Sarania (17th Lok Sabha),Shri Naba,KOKRAJHAR (ST),73563957.11,MP_CONSTITUENCY,17th Lok Sabha,HIGH,explicit_suffix_in_mp_name,STAGE1_SNAPSHOT,Allocated_Limit_for_Honble_MPs__2_.csv,408,STAGE1_SNAPSHOT::Allocated_Limit_for_Honble_MPs__2_.csv::row408,True
Karnataka,Shri Nalin Kumar Kateel (17th Lok Sabha),Shri Nalin Kumar Kateel,DAKSHINA KANNADA,73563957.11,MP_CONSTITUENCY,17th Lok Sabha,HIGH,explicit_suffix_in_mp_name,STAGE1_SNAPSHOT,Allocated_Limit_for_Honble_MPs__2_.csv,409,STAGE1_SNAPSHOT::Allocated_Limit_for_Honble_MPs__2_.csv::row409,True
Uttar Pradesh,Shri Narendra Modi (17th Lok Sabha),Shri Narendra Modi,VARANASI,107748201.34,MP_CONSTITUENCY,17th Lok Sabha,HIGH,explicit_suffix_in_mp_name,STAGE1_SNAPSHOT,Allocated_Limit_for_Honble_MPs__2_.csv,410,STAGE1_SNAPSHOT::Allocated_Limit_for_Honble_MPs__2_.csv::row410,True
Kerala,Shri NK Premachandran (17th Lok Sabha),Shri NK Premachandran,KOLLAM,49893280.0,MP_CONSTITUENCY,17th Lok Sabha,HIGH,explicit_suffix_in_mp_name,STAGE1_SNAPSHOT,Allocated_Limit_for_Honble_MPs__2_.csv,411,STAGE1_SNAPSHOT::Allocated_Limit_for_Honble_MPs__2_.csv::row411,True
Rajasthan,Shri PP Chaudhary (17th Lok Sabha),Shri PP Chaudhary,PALI,100007330.11,MP_CONSTITUENCY,17th Lok Sabha,HIGH,explicit_suffix_in_mp_name,STAGE1_SNAPSHOT,Allocated_Limit_for_Honble_MPs__2_.csv,412,STAGE1_SNAPSHOT::Allocated_Limit_for_Honble_MPs__2_.csv::row412,True
Uttar Pradesh,Shri Rajendra Agrawal (17th Lok Sabha),Shri Rajendra Agrawal,MEERUT,73563957.11,MP_CONSTITUENCY,17th Lok Sabha,HIGH,explicit_suffix_in_mp_name,STAGE1_SNAPSHOT,Allocated_Limit_for_Honble_MPs__2_.csv,413,STAGE1_SNAPSHOT::Allocated_Limit_for_Honble_MPs__2_.csv::row413,True
Gujarat,Shri Rajeshbhai Naranbhai Chudasama (17th Lok Sabha),Shri Rajeshbhai Naranbhai Chudasama,JUNAGADH,98063957.11,MP_CONSTITUENCY,17th Lok Sabha,HIGH,explicit_suffix_in_mp_name,STAGE1_SNAPSHOT,Allocated_Limit_for_Honble_MPs__2_.csv,414,STAGE1_SNAPSHOT::Allocated_Limit_for_Honble_MPs__2_.csv::row414,True
Kerala,Shri Rajmohan Unnithan (17th Lok Sabha),Shri Rajmohan Unnithan,KASARAGOD,114925452.0,MP_CONSTITUENCY,17th Lok Sabha,HIGH,explicit_suffix_in_mp_name,STAGE1_SNAPSHOT,Allocated_Limit_for_Honble_MPs__2_.csv,415,STAGE1_SNAPSHOT::Allocated_Limit_for_Honble_MPs__2_.csv::row415,True
Gujarat,Shri Rameshbhai Lavjibhai Dhaduk (17th Lok Sabha),Shri Rameshbhai Lavjibhai Dhaduk,PORBANDAR,73563957.11,MP_CONSTITUENCY,17th Lok Sabha,HIGH,explicit_suffix_in_mp_name,STAGE1_SNAPSHOT,Allocated_Limit_for_Honble_MPs__2_.csv,416,STAGE1_SNAPSHOT::Allocated_Limit_for_Honble_MPs__2_.csv::row416,True
Uttar Pradesh,Shri Ritesh Pandey (17th Lok Sabha),Shri Ritesh Pandey,AMBEDKAR NAGAR,73563957.11,MP_CONSTITUENCY,17th Lok Sabha,HIGH,explicit_suffix_in_mp_name,STAGE1_SNAPSHOT,Allocated_Limit_for_Honble_MPs__2_.csv,417,STAGE1_SNAPSHOT::Allocated_Limit_for_Honble_MPs__2_.csv::row417,True
Uttar Pradesh,Shri Satish Kumar Gautam (17th Lok Sabha),Shri Satish Kumar Gautam,ALIGARH,49063957.11,MP_CONSTITUENCY,17th Lok Sabha,HIGH,explicit_suffix_in_mp_name,STAGE1_SNAPSHOT,Allocated_Limit_for_Honble_MPs__2_.csv,418,STAGE1_SNAPSHOT::Allocated_Limit_for_Honble_MPs__2_.csv::row418,True
Uttar Pradesh,Shri Shafiqur Rahman Barq (17th Lok Sabha),Shri Shafiqur Rahman Barq,SAMBHAL,49063957.11,MP_CONSTITUENCY,17th Lok Sabha,HIGH,explicit_suffix_in_mp_name,STAGE1_SNAPSHOT,Allocated_Limit_for_Honble_MPs__2_.csv,419,STAGE1_SNAPSHOT::Allocated_Limit_for_Honble_MPs__2_.csv::row419,True
West Bengal,Shri Shantanu Thakur (17th Lok Sabha),Shri Shantanu Thakur,BANGAON(SC),98063957.11,MP_CONSTITUENCY,17th Lok Sabha,HIGH,explicit_suffix_in_mp_name,STAGE1_SNAPSHOT,Allocated_Limit_for_Honble_MPs__2_.csv,420,STAGE1_SNAPSHOT::Allocated_Limit_for_Honble_MPs__2_.csv::row420,True
West Bengal,Shri Sisir Kumar Adhikari (17th Lok Sabha),Shri Sisir Kumar Adhikari,KANTHI,98063957.11,MP_CONSTITUENCY,17th Lok Sabha,HIGH,explicit_suffix_in_mp_name,STAGE1_SNAPSHOT,Allocated_Limit_for_Honble_MPs__2_.csv,421,STAGE1_SNAPSHOT::Allocated_Limit_for_Honble_MPs__2_.csv::row421,True
Punjab,Shri Som Prakash (17th Lok Sabha),Shri Som Prakash,HOSHIARPUR(SC),98063957.11,MP_CONSTITUENCY,17th Lok Sabha,HIGH,explicit_suffix_in_mp_name,STAGE1_SNAPSHOT,Allocated_Limit_for_Honble_MPs__2_.csv,422,STAGE1_SNAPSHOT::Allocated_Limit_for_Honble_MPs__2_.csv::row422,True
West Bengal,Shri SS Ahluwalia (17th Lok Sabha),Shri SS Ahluwalia,BARDHAMAN-DURGAPUR,142163957.11,MP_CONSTITUENCY,17th Lok Sabha,HIGH,explicit_suffix_in_mp_name,STAGE1_SNAPSHOT,Allocated_Limit_for_Honble_MPs__2_.csv,423,STAGE1_SNAPSHOT::Allocated_Limit_for_Honble_MPs__2_.csv::row423,True
Rajasthan,Shri Subhash Chandra Baheria (17th Lok Sabha),Shri Subhash Chandra Baheria,BHILWARA,117663957.11,MP_CONSTITUENCY,17th Lok Sabha,HIGH,explicit_suffix_in_mp_name,STAGE1_SNAPSHOT,Allocated_Limit_for_Honble_MPs__2_.csv,424,STAGE1_SNAPSHOT::Allocated_Limit_for_Honble_MPs__2_.csv::row424,True
Madhya Pradesh,Shri Sudheer Gupta (17th Lok Sabha),Shri Sudheer Gupta,MANDSOUR,101180906.0,MP_CONSTITUENCY,17th Lok Sabha,HIGH,explicit_suffix_in_mp_name,STAGE1_SNAPSHOT,Allocated_Limit_for_Honble_MPs__2_.csv,425,STAGE1_SNAPSHOT::Allocated_Limit_for_Honble_MPs__2_.csv::row425,True
Maharashtra,Shri Sunil Baburao Mendhe (17th Lok Sabha),Shri Sunil Baburao Mendhe,BHANDARA-GONDIYA,120224976.21,MP_CONSTITUENCY,17th Lok Sabha,HIGH,explicit_suffix_in_mp_name,STAGE1_SNAPSHOT,Allocated_Limit_for_Honble_MPs__2_.csv,426,STAGE1_SNAPSHOT::Allocated_Limit_for_Honble_MPs__2_.csv::row426,True
Punjab,Shri Sunny Deol (17th Lok Sabha),Shri Sunny Deol,GURDASPUR,98063957.11,MP_CONSTITUENCY,17th Lok Sabha,HIGH,explicit_suffix_in_mp_name,STAGE1_SNAPSHOT,Allocated_Limit_for_Honble_MPs__2_.csv,427,STAGE1_SNAPSHOT::Allocated_Limit_for_Honble_MPs__2_.csv::row427,True
Kerala,Shri Suresh Kodikunnil (17th Lok Sabha),Shri Suresh Kodikunnil,MAVELIKKARA(SC),82261112.0,MP_CONSTITUENCY,17th Lok Sabha,HIGH,explicit_suffix_in_mp_name,STAGE1_SNAPSHOT,Allocated_Limit_for_Honble_MPs__2_.csv,428,STAGE1_SNAPSHOT::Allocated_Limit_for_Honble_MPs__2_.csv::row428,True
Arunachal Pradesh,Shri Tapir Gao (17th Lok Sabha),Shri Tapir Gao,ARUNACHAL EAST,98063957.11,MP_CONSTITUENCY,17th Lok Sabha,HIGH,explicit_suffix_in_mp_name,STAGE1_SNAPSHOT,Allocated_Limit_for_Honble_MPs__2_.csv,429,STAGE1_SNAPSHOT::Allocated_Limit_for_Honble_MPs__2_.csv::row429,True
Kerala,Shri Thomas Chazhikadan (17th Lok Sabha),Shri Thomas Chazhikadan,KOTTAYAM,92880335.0,MP_CONSTITUENCY,17th Lok Sabha,HIGH,explicit_suffix_in_mp_name,STAGE1_SNAPSHOT,Allocated_Limit_for_Honble_MPs__2_.csv,430,STAGE1_SNAPSHOT::Allocated_Limit_for_Honble_MPs__2_.csv::row430,True
Uttar Pradesh,Shri Vinod Kumar Sonkar (17th Lok Sabha),Shri Vinod Kumar Sonkar,KAUSHAMBI(SC),49063957.11,MP_CONSTITUENCY,17th Lok Sabha,HIGH,explicit_suffix_in_mp_name,STAGE1_SNAPSHOT,Allocated_Limit_for_Honble_MPs__2_.csv,431,STAGE1_SNAPSHOT::Allocated_Limit_for_Honble_MPs__2_.csv::row431,True
Maharashtra,Shrikant Eknath Shinde(17th Lok Sabha),Shrikant Eknath Shinde,KALYAN,73563957.11,MP_CONSTITUENCY,17th Lok Sabha,HIGH,explicit_suffix_in_mp_name,STAGE1_SNAPSHOT,Allocated_Limit_for_Honble_MPs__2_.csv,432,STAGE1_SNAPSHOT::Allocated_Limit_for_Honble_MPs__2_.csv::row432,True
Maharashtra,Shriniwas Dadasaheb Patil(17th Lok Sabha),Shriniwas Dadasaheb Patil,SATARA,117663957.11,MP_CONSTITUENCY,17th Lok Sabha,HIGH,explicit_suffix_in_mp_name,STAGE1_SNAPSHOT,Allocated_Limit_for_Honble_MPs__2_.csv,433,STAGE1_SNAPSHOT::Allocated_Limit_for_Honble_MPs__2_.csv::row433,True
Goa,Shripad Yesso Naik,Shripad Yesso Naik,NORTH GOA,117663957.11,MP_CONSTITUENCY,Unknown,UNKNOWN,no_explicit_term_marker_in_source_record,STAGE1_SNAPSHOT,Allocated_Limit_for_Honble_MPs__2_.csv,434,STAGE1_SNAPSHOT::Allocated_Limit_for_Honble_MPs__2_.csv::row434,True
Maharashtra,Shrirang Appa Barne(17th Lok Sabha),Shrirang Appa Barne,MAVAL,98063957.11,MP_CONSTITUENCY,17th Lok Sabha,HIGH,explicit_suffix_in_mp_name,STAGE1_SNAPSHOT,Allocated_Limit_for_Honble_MPs__2_.csv,435,STAGE1_SNAPSHOT::Allocated_Limit_for_Honble_MPs__2_.csv::row435,True
Uttar Pradesh,Shyam Singh Yadav (17th Lok Sabha),Shyam Singh Yadav,JAUNPUR,99105158.11,MP_CONSTITUENCY,17th Lok Sabha,HIGH,explicit_suffix_in_mp_name,STAGE1_SNAPSHOT,Allocated_Limit_for_Honble_MPs__2_.csv,436,STAGE1_SNAPSHOT::Allocated_Limit_for_Honble_MPs__2_.csv::row436,True
Uttar Pradesh,Smriti Irani,Smriti Irani,AMETHI,98063957.11,MP_CONSTITUENCY,Unknown,UNKNOWN,no_explicit_term_marker_in_source_record,STAGE1_SNAPSHOT,Allocated_Limit_for_Honble_MPs__2_.csv,437,STAGE1_SNAPSHOT::Allocated_Limit_for_Honble_MPs__2_.csv::row437,True
Uttar Pradesh,Smt Anupriya Patel(17th Lok Sabha),Smt Anupriya Patel,MIRZAPUR,102653138.11,MP_CONSTITUENCY,17th Lok Sabha,HIGH,explicit_suffix_in_mp_name,STAGE1_SNAPSHOT,Allocated_Limit_for_Honble_MPs__2_.csv,438,STAGE1_SNAPSHOT::Allocated_Limit_for_Honble_MPs__2_.csv::row438,True
Odisha,Smt Aparajita Sarangi,Smt Aparajita Sarangi,BHUBANESWAR,73200000.0,MP_CONSTITUENCY,Unknown,UNKNOWN,no_explicit_term_marker_in_source_record,STAGE1_SNAPSHOT,Allocated_Limit_for_Honble_MPs__2_.csv,439,STAGE1_SNAPSHOT::Allocated_Limit_for_Honble_MPs__2_.csv::row439,True
Andhra Pradesh,Smt Chinta Anuradha,Smt Chinta Anuradha,AMALAPURAM(SC),117663957.11,MP_CONSTITUENCY,Unknown,UNKNOWN,no_explicit_term_marker_in_source_record,STAGE1_SNAPSHOT,Allocated_Limit_for_Honble_MPs__2_.csv,440,STAGE1_SNAPSHOT::Allocated_Limit_for_Honble_MPs__2_.csv::row440,True
Gujarat,Smt Darshana Vikram Jardosh,Smt Darshana Vikram Jardosh,SURAT,73563957.11,MP_CONSTITUENCY,Unknown,UNKNOWN,no_explicit_term_marker_in_source_record,STAGE1_SNAPSHOT,Allocated_Limit_for_Honble_MPs__2_.csv,441,STAGE1_SNAPSHOT::Allocated_Limit_for_Honble_MPs__2_.csv::row441,True
Uttar Pradesh,Smt Dimple Yadav(17th Lok Sabha),Smt Dimple Yadav,MAINPURI,36185734.0,MP_CONSTITUENCY,17th Lok Sabha,HIGH,explicit_suffix_in_mp_name,STAGE1_SNAPSHOT,Allocated_Limit_for_Honble_MPs__2_.csv,442,STAGE1_SNAPSHOT::Allocated_Limit_for_Honble_MPs__2_.csv::row442,True
Gujarat,Smt Gitaben Vajesingbhai Rathva (17th Lok Sabha),Smt Gitaben Vajesingbhai Rathva,CHHOTA UDAIPUR(ST),73563957.11,MP_CONSTITUENCY,17th Lok Sabha,HIGH,explicit_suffix_in_mp_name,STAGE1_SNAPSHOT,Allocated_Limit_for_Honble_MPs__2_.csv,443,STAGE1_SNAPSHOT::Allocated_Limit_for_Honble_MPs__2_.csv::row443,True
Chhattisgarh,Smt Gomati Sai,Smt Gomati Sai,RAIGARH(ST),41127505.0,MP_CONSTITUENCY,Unknown,UNKNOWN,no_explicit_term_marker_in_source_record,STAGE1_SNAPSHOT,Allocated_Limit_for_Honble_MPs__2_.csv,444,STAGE1_SNAPSHOT::Allocated_Limit_for_Honble_MPs__2_.csv::row444,True
Punjab,Smt Harsimrat Kaur Badal(17th Lok Sabha),Smt Harsimrat Kaur Badal,BHATINDA,87079751.8,MP_CONSTITUENCY,17th Lok Sabha,HIGH,explicit_suffix_in_mp_name,STAGE1_SNAPSHOT,Allocated_Limit_for_Honble_MPs__2_.csv,445,STAGE1_SNAPSHOT::Allocated_Limit_for_Honble_MPs__2_.csv::row445,True
Uttar Pradesh,Smt Hema Malini(17th Lok Sabha),Smt Hema Malini,MATHURA,98063957.11,MP_CONSTITUENCY,17th Lok Sabha,HIGH,explicit_suffix_in_mp_name,STAGE1_SNAPSHOT,Allocated_Limit_for_Honble_MPs__2_.csv,446,STAGE1_SNAPSHOT::Allocated_Limit_for_Honble_MPs__2_.csv::row446,True
Madhya Pradesh,Smt Himadri Singh(17th Lok Sabha),Smt Himadri Singh,SHAHDOL (ST),73266916.0,MP_CONSTITUENCY,17th Lok Sabha,HIGH,explicit_suffix_in_mp_name,STAGE1_SNAPSHOT,Allocated_Limit_for_Honble_MPs__2_.csv,447,STAGE1_SNAPSHOT::Allocated_Limit_for_Honble_MPs__2_.csv::row447,True
Rajasthan,Smt Jaskaur Meena (17th Lok Sabha),Smt Jaskaur Meena,DAUSA(ST),98063957.11,MP_CONSTITUENCY,17th Lok Sabha,HIGH,explicit_suffix_in_mp_name,STAGE1_SNAPSHOT,Allocated_Limit_for_Honble_MPs__2_.csv,448,STAGE1_SNAPSHOT::Allocated_Limit_for_Honble_MPs__2_.csv::row448,True
Bihar,Smt Kavita Singh,Smt Kavita Singh,SIWAN,98063957.11,MP_CONSTITUENCY,Unknown,UNKNOWN,no_explicit_term_marker_in_source_record,STAGE1_SNAPSHOT,Allocated_Limit_for_Honble_MPs__2_.csv,449,STAGE1_SNAPSHOT::Allocated_Limit_for_Honble_MPs__2_.csv::row449,True
Telangana,Smt Kavitha Malothu(17th Lok Sabha),Smt Kavitha Malothu,MAHABUBABAD,98063957.11,MP_CONSTITUENCY,17th Lok Sabha,HIGH,explicit_suffix_in_mp_name,STAGE1_SNAPSHOT,Allocated_Limit_for_Honble_MPs__2_.csv,450,STAGE1_SNAPSHOT::Allocated_Limit_for_Honble_MPs__2_.csv::row450,True
Uttar Pradesh,Smt Keshari Devi Patel(17th Lok Sabha),Smt Keshari Devi Patel,PHULPUR,97625604.02,MP_CONSTITUENCY,17th Lok Sabha,HIGH,explicit_suffix_in_mp_name,STAGE1_SNAPSHOT,Allocated_Limit_for_Honble_MPs__2_.csv,451,STAGE1_SNAPSHOT::Allocated_Limit_for_Honble_MPs__2_.csv::row451,True
Chandigarh,Smt Kirron Kher,Smt Kirron Kher,CHANDIGARH,67543311.0,MP_CONSTITUENCY,Unknown,UNKNOWN,no_explicit_term_marker_in_source_record,STAGE1_SNAPSHOT,Allocated_Limit_for_Honble_MPs__2_.csv,452,STAGE1_SNAPSHOT::Allocated_Limit_for_Honble_MPs__2_.csv::row452,True
Rajasthan,Smt Kumari Diya (17th Lok Sabha),Smt Kumari Diya,RAJSAMAND,98000000.0,MP_CONSTITUENCY,17th Lok Sabha,HIGH,explicit_suffix_in_mp_name,STAGE1_SNAPSHOT,Allocated_Limit_for_Honble_MPs__2_.csv,453,STAGE1_SNAPSHOT::Allocated_Limit_for_Honble_MPs__2_.csv::row453,True
West Bengal,Smt Locket Chatterjee (17th Lok Sabha),Smt Locket Chatterjee,HOOGHLY,98063957.11,MP_CONSTITUENCY,17th Lok Sabha,HIGH,explicit_suffix_in_mp_name,STAGE1_SNAPSHOT,Allocated_Limit_for_Honble_MPs__2_.csv,454,STAGE1_SNAPSHOT::Allocated_Limit_for_Honble_MPs__2_.csv::row454,True
Karnataka,Smt Mangal Suresh Angadi(17th Lok Sabha),Smt Mangal Suresh Angadi,BELGAUM,98063957.11,MP_CONSTITUENCY,17th Lok Sabha,HIGH,explicit_suffix_in_mp_name,STAGE1_SNAPSHOT,Allocated_Limit_for_Honble_MPs__2_.csv,455,STAGE1_SNAPSHOT::Allocated_Limit_for_Honble_MPs__2_.csv::row455,True
Odisha,Smt Manjulata Mandal(17th Lok Sabha),Smt Manjulata Mandal,BHADRAK(SC),49975952.4,MP_CONSTITUENCY,17th Lok Sabha,HIGH,explicit_suffix_in_mp_name,STAGE1_SNAPSHOT,Allocated_Limit_for_Honble_MPs__2_.csv,456,STAGE1_SNAPSHOT::Allocated_Limit_for_Honble_MPs__2_.csv::row456,True
Maharashtra,Smt Navneet Ravi Rana(17th Lok Sabha),Smt Navneet Ravi Rana,AMRAVATI(SC),73563957.11,MP_CONSTITUENCY,17th Lok Sabha,HIGH,explicit_suffix_in_mp_name,STAGE1_SNAPSHOT,Allocated_Limit_for_Honble_MPs__2_.csv,457,STAGE1_SNAPSHOT::Allocated_Limit_for_Honble_MPs__2_.csv::row457,True
Maharashtra,Smt Poonam Mahajan (17th Lok Sabha),Smt Poonam Mahajan,MUMBAI NORTH-CENTRAL,73563957.11,MP_CONSTITUENCY,17th Lok Sabha,HIGH,explicit_suffix_in_mp_name,STAGE1_SNAPSHOT,Allocated_Limit_for_Honble_MPs__2_.csv,458,STAGE1_SNAPSHOT::Allocated_Limit_for_Honble_MPs__2_.csv::row458,True
Gujarat,Smt Poonamben Hematbhai Maadam,Smt Poonamben Hematbhai Maadam,JAMNAGAR,123829579.09,MP_CONSTITUENCY,Unknown,UNKNOWN,no_explicit_term_marker_in_source_record,STAGE1_SNAPSHOT,Allocated_Limit_for_Honble_MPs__2_.csv,459,STAGE1_SNAPSHOT::Allocated_Limit_for_Honble_MPs__2_.csv::row459,True
Odisha,Smt Pramila Bisoyi (17th Lok Sabha),Smt Pramila Bisoyi,ASKA,73563957.11,MP_CONSTITUENCY,17th Lok Sabha,HIGH,explicit_suffix_in_mp_name,STAGE1_SNAPSHOT,Allocated_Limit_for_Honble_MPs__2_.csv,460,STAGE1_SNAPSHOT::Allocated_Limit_for_Honble_MPs__2_.csv::row460,True
Himachal Pradesh,Smt Pratibha Singh,Smt Pratibha Singh,MANDI,73563957.11,MP_CONSTITUENCY,Unknown,UNKNOWN,no_explicit_term_marker_in_source_record,STAGE1_SNAPSHOT,Allocated_Limit_for_Honble_MPs__2_.csv,461,STAGE1_SNAPSHOT::Allocated_Limit_for_Honble_MPs__2_.csv::row461,True
Punjab,Smt Preneet Kaur (17th Lok Sabha),Smt Preneet Kaur,PATIALA,98692329.04,MP_CONSTITUENCY,17th Lok Sabha,HIGH,explicit_suffix_in_mp_name,STAGE1_SNAPSHOT,Allocated_Limit_for_Honble_MPs__2_.csv,462,STAGE1_SNAPSHOT::Allocated_Limit_for_Honble_MPs__2_.csv::row462,True
Odisha,Smt Rajashree Mallick (17th Lok Sabha),Smt Rajashree Mallick,JAGATSINGHPUR(SC),98063957.11,MP_CONSTITUENCY,17th Lok Sabha,HIGH,explicit_suffix_in_mp_name,STAGE1_SNAPSHOT,Allocated_Limit_for_Honble_MPs__2_.csv,463,STAGE1_SNAPSHOT::Allocated_Limit_for_Honble_MPs__2_.csv::row463,True
Maharashtra,Smt Raksha Nikhil Khadse(17th Lok Sabha),Smt Raksha Nikhil Khadse,RAVER,93329539.0,MP_CONSTITUENCY,17th Lok Sabha,HIGH,explicit_suffix_in_mp_name,STAGE1_SNAPSHOT,Allocated_Limit_for_Honble_MPs__2_.csv,464,STAGE1_SNAPSHOT::Allocated_Limit_for_Honble_MPs__2_.csv::row464,True
Bihar,Smt Rama Devi,Smt Rama Devi,SHEOHAR,73563957.11,MP_CONSTITUENCY,Unknown,UNKNOWN,no_explicit_term_marker_in_source_record,STAGE1_SNAPSHOT,Allocated_Limit_for_Honble_MPs__2_.csv,465,STAGE1_SNAPSHOT::Allocated_Limit_for_Honble_MPs__2_.csv::row465,True
Kerala,Smt Ramya Haridas (17th Lok Sabha),Smt Ramya Haridas,ALATHUR(SC),98063957.11,MP_CONSTITUENCY,17th Lok Sabha,HIGH,explicit_suffix_in_mp_name,STAGE1_SNAPSHOT,Allocated_Limit_for_Honble_MPs__2_.csv,466,STAGE1_SNAPSHOT::Allocated_Limit_for_Honble_MPs__2_.csv::row466,True
Gujarat,Smt Ranjanben Dhananjay Bhatt(17th Lok Sabha),Smt Ranjanben Dhananjay Bhatt,VADODARA,73573957.11,MP_CONSTITUENCY,17th Lok Sabha,HIGH,explicit_suffix_in_mp_name,STAGE1_SNAPSHOT,Allocated_Limit_for_Honble_MPs__2_.csv,467,STAGE1_SNAPSHOT::Allocated_Limit_for_Honble_MPs__2_.csv::row467,True
Rajasthan,Smt Ranjeeta Koli(17th Lok Sabha),Smt Ranjeeta Koli,BHARATPUR(SC),98063957.11,MP_CONSTITUENCY,17th Lok Sabha,HIGH,explicit_suffix_in_mp_name,STAGE1_SNAPSHOT,Allocated_Limit_for_Honble_MPs__2_.csv,468,STAGE1_SNAPSHOT::Allocated_Limit_for_Honble_MPs__2_.csv::row468,True
Uttar Pradesh,Smt Rekha Arun Verma (17th Lok Sabha),Smt Rekha Arun Verma,DHAURAHRA,49063957.11,MP_CONSTITUENCY,17th Lok Sabha,HIGH,explicit_suffix_in_mp_name,STAGE1_SNAPSHOT,Allocated_Limit_for_Honble_MPs__2_.csv,469,STAGE1_SNAPSHOT::Allocated_Limit_for_Honble_MPs__2_.csv::row469,True
Chhattisgarh,Smt Renuka Singh Saruta,Smt Renuka Singh Saruta,SARGUJA(ST),73500000.0,MP_CONSTITUENCY,Unknown,UNKNOWN,no_explicit_term_marker_in_source_record,STAGE1_SNAPSHOT,Allocated_Limit_for_Honble_MPs__2_.csv,470,STAGE1_SNAPSHOT::Allocated_Limit_for_Honble_MPs__2_.csv::row470,True
Madhya Pradesh,Smt Riti Pathak (17th Lok Sabha),Smt Riti Pathak,SIDHI,2229890.0,MP_CONSTITUENCY,17th Lok Sabha,HIGH,explicit_suffix_in_mp_name,STAGE1_SNAPSHOT,Allocated_Limit_for_Honble_MPs__2_.csv,471,STAGE1_SNAPSHOT::Allocated_Limit_for_Honble_MPs__2_.csv::row471,True
Tamil Nadu,Smt S Jothimani(17th Lok Sabha),Smt S Jothimani,KARUR,73563957.11,MP_CONSTITUENCY,17th Lok Sabha,HIGH,explicit_suffix_in_mp_name,STAGE1_SNAPSHOT,Allocated_Limit_for_Honble_MPs__2_.csv,472,STAGE1_SNAPSHOT::Allocated_Limit_for_Honble_MPs__2_.csv::row472,True
West Bengal,Smt Sajda Ahmed(17th Lok Sabha),Smt Sajda Ahmed,ULUBERIA,73563957.11,MP_CONSTITUENCY,17th Lok Sabha,HIGH,explicit_suffix_in_mp_name,STAGE1_SNAPSHOT,Allocated_Limit_for_Honble_MPs__2_.csv,473,STAGE1_SNAPSHOT::Allocated_Limit_for_Honble_MPs__2_.csv::row473,True
Madhya Pradesh,Smt Sandhya Ray(17th Lok Sabha),Smt Sandhya Ray,BHIND(SC),85482411.71,MP_CONSTITUENCY,17th Lok Sabha,HIGH,explicit_suffix_in_mp_name,STAGE1_SNAPSHOT,Allocated_Limit_for_Honble_MPs__2_.csv,474,STAGE1_SNAPSHOT::Allocated_Limit_for_Honble_MPs__2_.csv::row474,True
Odisha,Smt Sangeeta Kumari Singh Deo (17th Lok Sabha),Smt Sangeeta Kumari Singh Deo,BOLANGIR,117663957.11,MP_CONSTITUENCY,17th Lok Sabha,HIGH,explicit_suffix_in_mp_name,STAGE1_SNAPSHOT,Allocated_Limit_for_Honble_MPs__2_.csv,475,STAGE1_SNAPSHOT::Allocated_Limit_for_Honble_MPs__2_.csv::row475,True
Odisha,Smt Sarmistha Sethi(17th Lok Sabha),Smt Sarmistha Sethi,JAJPUR(SC),73499340.0,MP_CONSTITUENCY,17th Lok Sabha,HIGH,explicit_suffix_in_mp_name,STAGE1_SNAPSHOT,Allocated_Limit_for_Honble_MPs__2_.csv,476,STAGE1_SNAPSHOT::Allocated_Limit_for_Honble_MPs__2_.csv::row476,True
West Bengal,Smt Satabdi Roy (Banerjee) (17th Lok Sabha),Smt Satabdi Roy,BIRBHUM,73563957.11,MP_CONSTITUENCY,17th Lok Sabha,HIGH,explicit_suffix_in_mp_name,STAGE1_SNAPSHOT,Allocated_Limit_for_Honble_MPs__2_.csv,477,STAGE1_SNAPSHOT::Allocated_Limit_for_Honble_MPs__2_.csv::row477,True
Gujarat,Smt Shardaben Anilbhai Patel,Smt Shardaben Anilbhai Patel,MAHESANA,98063957.11,MP_CONSTITUENCY,Unknown,UNKNOWN,no_explicit_term_marker_in_source_record,STAGE1_SNAPSHOT,Allocated_Limit_for_Honble_MPs__2_.csv,478,STAGE1_SNAPSHOT::Allocated_Limit_for_Honble_MPs__2_.csv::row478,True
Karnataka,Smt Sumalatha Ambareesh(17th Lok Sabha),Smt Sumalatha Ambareesh,MANDYA,73563957.11,MP_CONSTITUENCY,17th Lok Sabha,HIGH,explicit_suffix_in_mp_name,STAGE1_SNAPSHOT,Allocated_Limit_for_Honble_MPs__2_.csv,479,STAGE1_SNAPSHOT::Allocated_Limit_for_Honble_MPs__2_.csv::row479,True
Maharashtra,Smt Supriya Sadanand Sule(17th Lok Sabha),Smt Supriya Sadanand Sule,BARAMATI,73563957.11,MP_CONSTITUENCY,17th Lok Sabha,HIGH,explicit_suffix_in_mp_name,STAGE1_SNAPSHOT,Allocated_Limit_for_Honble_MPs__2_.csv,480,STAGE1_SNAPSHOT::Allocated_Limit_for_Honble_MPs__2_.csv::row480,True
Bihar,Smt Veena Devi (17th Lok Sabha),Smt Veena Devi,VAISHALI,117663957.11,MP_CONSTITUENCY,17th Lok Sabha,HIGH,explicit_suffix_in_mp_name,STAGE1_SNAPSHOT,Allocated_Limit_for_Honble_MPs__2_.csv,481,STAGE1_SNAPSHOT::Allocated_Limit_for_Honble_MPs__2_.csv::row481,True
Uttar Pradesh,Smt. Sonia Gandhi (2019-24),Smt. Sonia Gandhi (2019-24),RAE BARELI,127225854.82,MP_CONSTITUENCY,Unknown,UNKNOWN,no_explicit_term_marker_in_source_record,STAGE1_SNAPSHOT,Allocated_Limit_for_Honble_MPs__2_.csv,482,STAGE1_SNAPSHOT::Allocated_Limit_for_Honble_MPs__2_.csv::row482,True
Telangana,Soyam Babu Rao,Soyam Babu Rao,ADILABAD(ST),130343634.86,MP_CONSTITUENCY,Unknown,UNKNOWN,no_explicit_term_marker_in_source_record,STAGE1_SNAPSHOT,Allocated_Limit_for_Honble_MPs__2_.csv,483,STAGE1_SNAPSHOT::Allocated_Limit_for_Honble_MPs__2_.csv::row483,True
Tamil Nadu,SR Parthiban(17th Lok Sabha),SR Parthiban,SALEM,73563957.11,MP_CONSTITUENCY,17th Lok Sabha,HIGH,explicit_suffix_in_mp_name,STAGE1_SNAPSHOT,Allocated_Limit_for_Honble_MPs__2_.csv,484,STAGE1_SNAPSHOT::Allocated_Limit_for_Honble_MPs__2_.csv::row484,True
Andhra Pradesh,Srinivas Kesineni,Srinivas Kesineni,VIJAYAWADA,76653500.49,MP_CONSTITUENCY,Unknown,UNKNOWN,no_explicit_term_marker_in_source_record,STAGE1_SNAPSHOT,Allocated_Limit_for_Honble_MPs__2_.csv,485,STAGE1_SNAPSHOT::Allocated_Limit_for_Honble_MPs__2_.csv::row485,True
Tamil Nadu,Su Thirunavukkarasar(17th Lok Sabha),Su Thirunavukkarasar,TIRUCHIRAPPALLI,73563957.11,MP_CONSTITUENCY,17th Lok Sabha,HIGH,explicit_suffix_in_mp_name,STAGE1_SNAPSHOT,Allocated_Limit_for_Honble_MPs__2_.csv,486,STAGE1_SNAPSHOT::Allocated_Limit_for_Honble_MPs__2_.csv::row486,True
Maharashtra,Subhash Ramrao Bhamre,Subhash Ramrao Bhamre,DHULE,73563957.11,MP_CONSTITUENCY,Unknown,UNKNOWN,no_explicit_term_marker_in_source_record,STAGE1_SNAPSHOT,Allocated_Limit_for_Honble_MPs__2_.csv,487,STAGE1_SNAPSHOT::Allocated_Limit_for_Honble_MPs__2_.csv::row487,True
West Bengal,Subhash Sarkar (17th Lok Sabha),Subhash Sarkar,BANKURA,141416584.8,MP_CONSTITUENCY,17th Lok Sabha,HIGH,explicit_suffix_in_mp_name,STAGE1_SNAPSHOT,Allocated_Limit_for_Honble_MPs__2_.csv,488,STAGE1_SNAPSHOT::Allocated_Limit_for_Honble_MPs__2_.csv::row488,True
Uttar Pradesh,Subrata Pathak(17th Lok Sabha),Subrata Pathak,KANNAUJ,73983013.11,MP_CONSTITUENCY,17th Lok Sabha,HIGH,explicit_suffix_in_mp_name,STAGE1_SNAPSHOT,Allocated_Limit_for_Honble_MPs__2_.csv,489,STAGE1_SNAPSHOT::Allocated_Limit_for_Honble_MPs__2_.csv::row489,True
Jharkhand,Sudarshan Bhagat (17th Lok Sabha),Sudarshan Bhagat,LOHARDAGA(ST),48742000.0,MP_CONSTITUENCY,17th Lok Sabha,HIGH,explicit_suffix_in_mp_name,STAGE1_SNAPSHOT,Allocated_Limit_for_Honble_MPs__2_.csv,490,STAGE1_SNAPSHOT::Allocated_Limit_for_Honble_MPs__2_.csv::row490,True
Maharashtra,Sudhakar Tukaram Shrangre(17th Lok Sabha),Sudhakar Tukaram Shrangre,LATUR(SC),73563957.11,MP_CONSTITUENCY,17th Lok Sabha,HIGH,explicit_suffix_in_mp_name,STAGE1_SNAPSHOT,Allocated_Limit_for_Honble_MPs__2_.csv,491,STAGE1_SNAPSHOT::Allocated_Limit_for_Honble_MPs__2_.csv::row491,True
West Bengal,Sudip Bandyopadhyay (17th Lok Sabha),Sudip Bandyopadhyay,KOLKATA UTTAR,98063957.11,MP_CONSTITUENCY,17th Lok Sabha,HIGH,explicit_suffix_in_mp_name,STAGE1_SNAPSHOT,Allocated_Limit_for_Honble_MPs__2_.csv,492,STAGE1_SNAPSHOT::Allocated_Limit_for_Honble_MPs__2_.csv::row492,True
Maharashtra,Sujay Radhakrishna Vikhepatil(17th Lok Sabha),Sujay Radhakrishna Vikhepatil,AHMEDNAGAR,73563957.11,MP_CONSTITUENCY,17th Lok Sabha,HIGH,explicit_suffix_in_mp_name,STAGE1_SNAPSHOT,Allocated_Limit_for_Honble_MPs__2_.csv,493,STAGE1_SNAPSHOT::Allocated_Limit_for_Honble_MPs__2_.csv::row493,True
Punjab,Sukhbir Singh Badal(17th Lok Sabha),Sukhbir Singh Badal,FIROZPUR,75113991.5,MP_CONSTITUENCY,17th Lok Sabha,HIGH,explicit_suffix_in_mp_name,STAGE1_SNAPSHOT,Allocated_Limit_for_Honble_MPs__2_.csv,494,STAGE1_SNAPSHOT::Allocated_Limit_for_Honble_MPs__2_.csv::row494,True
Rajasthan,Sukhbir Singh Jaunapuria(17th Lok Sabha),Sukhbir Singh Jaunapuria,TONK-SAWAI MADHOPUR,98063957.11,MP_CONSTITUENCY,17th Lok Sabha,HIGH,explicit_suffix_in_mp_name,STAGE1_SNAPSHOT,Allocated_Limit_for_Honble_MPs__2_.csv,495,STAGE1_SNAPSHOT::Allocated_Limit_for_Honble_MPs__2_.csv::row495,True
Rajasthan,Sumedhanand Saraswati(17th Lok Sabha),Sumedhanand Saraswati,SIKAR,54872413.0,MP_CONSTITUENCY,17th Lok Sabha,HIGH,explicit_suffix_in_mp_name,STAGE1_SNAPSHOT,Allocated_Limit_for_Honble_MPs__2_.csv,496,STAGE1_SNAPSHOT::Allocated_Limit_for_Honble_MPs__2_.csv::row496,True
Maharashtra,Sunil Dattatray Tatkare(17th Lok Sabha),Sunil Dattatray Tatkare,RAIGAD,98063957.11,MP_CONSTITUENCY,17th Lok Sabha,HIGH,explicit_suffix_in_mp_name,STAGE1_SNAPSHOT,Allocated_Limit_for_Honble_MPs__2_.csv,497,STAGE1_SNAPSHOT::Allocated_Limit_for_Honble_MPs__2_.csv::row497,True
Bihar,Sunil Kumar,Sunil Kumar,VALMIKI NAGAR,73563957.11,MP_CONSTITUENCY,Unknown,UNKNOWN,no_explicit_term_marker_in_source_record,STAGE1_SNAPSHOT,Allocated_Limit_for_Honble_MPs__2_.csv,498,STAGE1_SNAPSHOT::Allocated_Limit_for_Honble_MPs__2_.csv::row498,True
West Bengal,Sunil Kumar Mondal (17th Lok Sabha),Sunil Kumar Mondal,BARDHAMAN PURBA(SC),98063957.11,MP_CONSTITUENCY,17th Lok Sabha,HIGH,explicit_suffix_in_mp_name,STAGE1_SNAPSHOT,Allocated_Limit_for_Honble_MPs__2_.csv,499,STAGE1_SNAPSHOT::Allocated_Limit_for_Honble_MPs__2_.csv::row499,True
Bihar,Sunil Kumar Pintu,Sunil Kumar Pintu,SITAMARHI,96767761.0,MP_CONSTITUENCY,Unknown,UNKNOWN,no_explicit_term_marker_in_source_record,STAGE1_SNAPSHOT,Allocated_Limit_for_Honble_MPs__2_.csv,500,STAGE1_SNAPSHOT::Allocated_Limit_for_Honble_MPs__2_.csv::row500,True
Jharkhand,Sunil Kumar Singh,Sunil Kumar Singh,CHATRA,73563957.11,MP_CONSTITUENCY,Unknown,UNKNOWN,no_explicit_term_marker_in_source_record,STAGE1_SNAPSHOT,Allocated_Limit_for_Honble_MPs__2_.csv,501,STAGE1_SNAPSHOT::Allocated_Limit_for_Honble_MPs__2_.csv::row501,True
Chhattisgarh,Sunil Kumar Soni,Sunil Kumar Soni,RAIPUR,94456713.0,MP_CONSTITUENCY,Unknown,UNKNOWN,no_explicit_term_marker_in_source_record,STAGE1_SNAPSHOT,Allocated_Limit_for_Honble_MPs__2_.csv,502,STAGE1_SNAPSHOT::Allocated_Limit_for_Honble_MPs__2_.csv::row502,True
Jharkhand,Sunil Soren,Sunil Soren,DUMKA(ST),97699860.0,MP_CONSTITUENCY,Unknown,UNKNOWN,no_explicit_term_marker_in_source_record,STAGE1_SNAPSHOT,Allocated_Limit_for_Honble_MPs__2_.csv,503,STAGE1_SNAPSHOT::Allocated_Limit_for_Honble_MPs__2_.csv::row503,True
Haryana,Sunita Duggal(17TH Lok Sabha),Sunita Duggal,SIRSA(SC),73563957.11,MP_CONSTITUENCY,17th Lok Sabha,HIGH,explicit_suffix_in_mp_name,STAGE1_SNAPSHOT,Allocated_Limit_for_Honble_MPs__2_.csv,504,STAGE1_SNAPSHOT::Allocated_Limit_for_Honble_MPs__2_.csv::row504,True
Himachal Pradesh,Suresh Kumar Kashyap,Suresh Kumar Kashyap,SHIMLA (SC),67691000.0,MP_CONSTITUENCY,Unknown,UNKNOWN,no_explicit_term_marker_in_source_record,STAGE1_SNAPSHOT,Allocated_Limit_for_Honble_MPs__2_.csv,505,STAGE1_SNAPSHOT::Allocated_Limit_for_Honble_MPs__2_.csv::row505,True
Odisha,Suresh Pujari(17th Lok Sabha),Suresh Pujari,BARGARH,73563957.11,MP_CONSTITUENCY,17th Lok Sabha,HIGH,explicit_suffix_in_mp_name,STAGE1_SNAPSHOT,Allocated_Limit_for_Honble_MPs__2_.csv,506,STAGE1_SNAPSHOT::Allocated_Limit_for_Honble_MPs__2_.csv::row506,True
Punjab,Sushil Kumar Rinku (17th Lok Sabha),Sushil Kumar Rinku,JALANDHAR(SC),49063957.11,MP_CONSTITUENCY,17th Lok Sabha,HIGH,explicit_suffix_in_mp_name,STAGE1_SNAPSHOT,Allocated_Limit_for_Honble_MPs__2_.csv,507,STAGE1_SNAPSHOT::Allocated_Limit_for_Honble_MPs__2_.csv::row507,True
Bihar,Sushil Kumar Singh,Sushil Kumar Singh,AURANGABAD_BR,117663957.11,MP_CONSTITUENCY,Unknown,UNKNOWN,no_explicit_term_marker_in_source_record,STAGE1_SNAPSHOT,Allocated_Limit_for_Honble_MPs__2_.csv,508,STAGE1_SNAPSHOT::Allocated_Limit_for_Honble_MPs__2_.csv::row508,True
Uttar Pradesh,Swami Sachchidanandhari Sakshi ji Maharaj,Swami Sachchidanandhari Sakshi ji Maharaj,UNNAO,102347625.03999999,MP_CONSTITUENCY,Unknown,UNKNOWN,no_explicit_term_marker_in_source_record,STAGE1_SNAPSHOT,Allocated_Limit_for_Honble_MPs__2_.csv,509,STAGE1_SNAPSHOT::Allocated_Limit_for_Honble_MPs__2_.csv::row509,True
Maharashtra,Syed Imtiaz Jaleel(17th Lok Sabha),Syed Imtiaz Jaleel,AURANGABAD_MH,73563957.11,MP_CONSTITUENCY,17th Lok Sabha,HIGH,explicit_suffix_in_mp_name,STAGE1_SNAPSHOT,Allocated_Limit_for_Honble_MPs__2_.csv,510,STAGE1_SNAPSHOT::Allocated_Limit_for_Honble_MPs__2_.csv::row510,True
Kerala,T N Prathapan(17th Lok Sabha),T N Prathapan,THRISSUR,98063957.11,MP_CONSTITUENCY,17th Lok Sabha,HIGH,explicit_suffix_in_mp_name,STAGE1_SNAPSHOT,Allocated_Limit_for_Honble_MPs__2_.csv,511,STAGE1_SNAPSHOT::Allocated_Limit_for_Honble_MPs__2_.csv::row511,True
Tamil Nadu,T R Paarivendhar(17th Lok Sabha),T R Paarivendhar,PERAMBALUR,98063957.11,MP_CONSTITUENCY,17th Lok Sabha,HIGH,explicit_suffix_in_mp_name,STAGE1_SNAPSHOT,Allocated_Limit_for_Honble_MPs__2_.csv,512,STAGE1_SNAPSHOT::Allocated_Limit_for_Honble_MPs__2_.csv::row512,True
Tamil Nadu,T Sumathy (A) Thamizhachi Thangapandian,T Sumathy (A) Thamizhachi Thangapandian,CHENNAI SOUTH,147063957.11,MP_CONSTITUENCY,Unknown,UNKNOWN,no_explicit_term_marker_in_source_record,STAGE1_SNAPSHOT,Allocated_Limit_for_Honble_MPs__2_.csv,513,STAGE1_SNAPSHOT::Allocated_Limit_for_Honble_MPs__2_.csv::row513,True
Andhra Pradesh,Talari Rangaiah,Talari Rangaiah,ANANTAPUR,134784337.0,MP_CONSTITUENCY,Unknown,UNKNOWN,no_explicit_term_marker_in_source_record,STAGE1_SNAPSHOT,Allocated_Limit_for_Honble_MPs__2_.csv,514,STAGE1_SNAPSHOT::Allocated_Limit_for_Honble_MPs__2_.csv::row514,True
Tamil Nadu,Thalikkottai Rajuthevar Baalu(17th Lok Sabha),Thalikkottai Rajuthevar Baalu,SRIPERUMBUDUR,92267251.0,MP_CONSTITUENCY,17th Lok Sabha,HIGH,explicit_suffix_in_mp_name,STAGE1_SNAPSHOT,Allocated_Limit_for_Honble_MPs__2_.csv,515,STAGE1_SNAPSHOT::Allocated_Limit_for_Honble_MPs__2_.csv::row515,True
Tamil Nadu,Thiru Dayanidhi Maran (17th Lok Sabha),Thiru Dayanidhi Maran,CHENNAI CENTRAL,98063957.11,MP_CONSTITUENCY,17th Lok Sabha,HIGH,explicit_suffix_in_mp_name,STAGE1_SNAPSHOT,Allocated_Limit_for_Honble_MPs__2_.csv,516,STAGE1_SNAPSHOT::Allocated_Limit_for_Honble_MPs__2_.csv::row516,True
Tamil Nadu,Thirumaa Valavan Thol(17th Lok Sabha),Thirumaa Valavan Thol,CHIDAMBARAM(SC),73563957.11,MP_CONSTITUENCY,17th Lok Sabha,HIGH,explicit_suffix_in_mp_name,STAGE1_SNAPSHOT,Allocated_Limit_for_Honble_MPs__2_.csv,517,STAGE1_SNAPSHOT::Allocated_Limit_for_Honble_MPs__2_.csv::row517,True
Uttarakhand,Tirath Singh Rawat(17th Lok Sabha),Tirath Singh Rawat,GARHWAL,98923946.31,MP_CONSTITUENCY,17th Lok Sabha,HIGH,explicit_suffix_in_mp_name,STAGE1_SNAPSHOT,Allocated_Limit_for_Honble_MPs__2_.csv,518,STAGE1_SNAPSHOT::Allocated_Limit_for_Honble_MPs__2_.csv::row518,True
Assam,Topon Kumar Gogoi,Topon Kumar Gogoi,JORHAT,98063957.11,MP_CONSTITUENCY,Unknown,UNKNOWN,no_explicit_term_marker_in_source_record,STAGE1_SNAPSHOT,Allocated_Limit_for_Honble_MPs__2_.csv,519,STAGE1_SNAPSHOT::Allocated_Limit_for_Honble_MPs__2_.csv::row519,True
Tamil Nadu,TRVS Ramesh(17th Lok Sabha),TRVS Ramesh,CUDDALORE,73563957.11,MP_CONSTITUENCY,17th Lok Sabha,HIGH,explicit_suffix_in_mp_name,STAGE1_SNAPSHOT,Allocated_Limit_for_Honble_MPs__2_.csv,520,STAGE1_SNAPSHOT::Allocated_Limit_for_Honble_MPs__2_.csv::row520,True
Madhya Pradesh,Uday Pratap Singh(17th Lok Sabha),Uday Pratap Singh,HOSHANGABAD,77707605.21,MP_CONSTITUENCY,17th Lok Sabha,HIGH,explicit_suffix_in_mp_name,STAGE1_SNAPSHOT,Allocated_Limit_for_Honble_MPs__2_.csv,521,STAGE1_SNAPSHOT::Allocated_Limit_for_Honble_MPs__2_.csv::row521,True
Maharashtra,Unmesh Bhaiyyasaheb Patil(17th Lok Sabha),Unmesh Bhaiyyasaheb Patil,JALGAON,96956584.0,MP_CONSTITUENCY,17th Lok Sabha,HIGH,explicit_suffix_in_mp_name,STAGE1_SNAPSHOT,Allocated_Limit_for_Honble_MPs__2_.csv,522,STAGE1_SNAPSHOT::Allocated_Limit_for_Honble_MPs__2_.csv::row522,True
Uttar Pradesh,Upendra Singh Rawat(17th Lok Sabha),Upendra Singh Rawat,BARABANKI(SC),72365787.0,MP_CONSTITUENCY,17th Lok Sabha,HIGH,explicit_suffix_in_mp_name,STAGE1_SNAPSHOT,Allocated_Limit_for_Honble_MPs__2_.csv,523,STAGE1_SNAPSHOT::Allocated_Limit_for_Honble_MPs__2_.csv::row523,True
Telangana,Uttam Kumar Nalamada Reddy(17th Lok Sabha),Uttam Kumar Nalamada Reddy,NALGONDA,109602050.0,MP_CONSTITUENCY,17th Lok Sabha,HIGH,explicit_suffix_in_mp_name,STAGE1_SNAPSHOT,Allocated_Limit_for_Honble_MPs__2_.csv,524,STAGE1_SNAPSHOT::Allocated_Limit_for_Honble_MPs__2_.csv::row524,True
Karnataka,V Srinivas Prasad(17th Lok Sabha),V Srinivas Prasad,CHAMARAJANAGAR(SC),73563957.11,MP_CONSTITUENCY,17th Lok Sabha,HIGH,explicit_suffix_in_mp_name,STAGE1_SNAPSHOT,Allocated_Limit_for_Honble_MPs__2_.csv,525,STAGE1_SNAPSHOT::Allocated_Limit_for_Honble_MPs__2_.csv::row525,True
Puducherry,Vaithilingam Ve(17th Lok Sabha),Vaithilingam Ve,Puducherry,78857245.0,MP_CONSTITUENCY,17th Lok Sabha,HIGH,explicit_suffix_in_mp_name,STAGE1_SNAPSHOT,Allocated_Limit_for_Honble_MPs__2_.csv,526,STAGE1_SNAPSHOT::Allocated_Limit_for_Honble_MPs__2_.csv::row526,True
Andhra Pradesh,Vanga Geetha Viswanath (17th Lok Sabha),Vanga Geetha Viswanath,KAKINADA,69918685.35,MP_CONSTITUENCY,17th Lok Sabha,HIGH,explicit_suffix_in_mp_name,STAGE1_SNAPSHOT,Allocated_Limit_for_Honble_MPs__2_.csv,527,STAGE1_SNAPSHOT::Allocated_Limit_for_Honble_MPs__2_.csv::row527,True
Kerala,Vellalath Kochukrishnan Nair Sreekandan,Vellalath Kochukrishnan Nair Sreekandan,PALAKKAD,106770717.11,MP_CONSTITUENCY,Unknown,UNKNOWN,no_explicit_term_marker_in_source_record,STAGE1_SNAPSHOT,Allocated_Limit_for_Honble_MPs__2_.csv,528,STAGE1_SNAPSHOT::Allocated_Limit_for_Honble_MPs__2_.csv::row528,True
Telangana,Venkatesh Netha Borlakunta,Venkatesh Netha Borlakunta,PEDDAPALLE,108548718.0,MP_CONSTITUENCY,Unknown,UNKNOWN,no_explicit_term_marker_in_source_record,STAGE1_SNAPSHOT,Allocated_Limit_for_Honble_MPs__2_.csv,529,STAGE1_SNAPSHOT::Allocated_Limit_for_Honble_MPs__2_.csv::row529,True
Chhattisgarh,Vijay Baghel,Vijay Baghel,DURG,73563957.11,MP_CONSTITUENCY,Unknown,UNKNOWN,no_explicit_term_marker_in_source_record,STAGE1_SNAPSHOT,Allocated_Limit_for_Honble_MPs__2_.csv,530,STAGE1_SNAPSHOT::Allocated_Limit_for_Honble_MPs__2_.csv::row530,True
Bihar,vijay kumar,vijay kumar,GAYA (SC),73563957.11,MP_CONSTITUENCY,Unknown,UNKNOWN,no_explicit_term_marker_in_source_record,STAGE1_SNAPSHOT,Allocated_Limit_for_Honble_MPs__2_.csv,531,STAGE1_SNAPSHOT::Allocated_Limit_for_Honble_MPs__2_.csv::row531,True
Uttar Pradesh,Vijay Kumar Dubey(17th Lok Sabha),Vijay Kumar Dubey,KUSHI NAGAR,47163957.11,MP_CONSTITUENCY,17th Lok Sabha,HIGH,explicit_suffix_in_mp_name,STAGE1_SNAPSHOT,Allocated_Limit_for_Honble_MPs__2_.csv,532,STAGE1_SNAPSHOT::Allocated_Limit_for_Honble_MPs__2_.csv::row532,True
Jharkhand,Vijay Kumar Hansdak,Vijay Kumar Hansdak,RAJMAHAL(ST),122340000.0,MP_CONSTITUENCY,Unknown,UNKNOWN,no_explicit_term_marker_in_source_record,STAGE1_SNAPSHOT,Allocated_Limit_for_Honble_MPs__2_.csv,533,STAGE1_SNAPSHOT::Allocated_Limit_for_Honble_MPs__2_.csv::row533,True
Tamil Nadu,vijayakumar Vasanth,vijayakumar Vasanth,KANNIYAKUMARI,98063957.11,MP_CONSTITUENCY,Unknown,UNKNOWN,no_explicit_term_marker_in_source_record,STAGE1_SNAPSHOT,Allocated_Limit_for_Honble_MPs__2_.csv,534,STAGE1_SNAPSHOT::Allocated_Limit_for_Honble_MPs__2_.csv::row534,True
Maharashtra,Vinayak Bhaurao Raut(17th Lok Sabha),Vinayak Bhaurao Raut,RATNAGIRI-SINDHUDURG,73563957.11,MP_CONSTITUENCY,17th Lok Sabha,HIGH,explicit_suffix_in_mp_name,STAGE1_SNAPSHOT,Allocated_Limit_for_Honble_MPs__2_.csv,535,STAGE1_SNAPSHOT::Allocated_Limit_for_Honble_MPs__2_.csv::row535,True
Meghalaya,Vincent H Pala(17th Lok Sabha),Vincent H Pala,SHILLONG,80709278.66,MP_CONSTITUENCY,17th Lok Sabha,HIGH,explicit_suffix_in_mp_name,STAGE1_SNAPSHOT,Allocated_Limit_for_Honble_MPs__2_.csv,536,STAGE1_SNAPSHOT::Allocated_Limit_for_Honble_MPs__2_.csv::row536,True
Gujarat,Vinod Chavda(17th Lok Sabha),Vinod Chavda,KACHCHH(SC),73563957.11,MP_CONSTITUENCY,17th Lok Sabha,HIGH,explicit_suffix_in_mp_name,STAGE1_SNAPSHOT,Allocated_Limit_for_Honble_MPs__2_.csv,537,STAGE1_SNAPSHOT::Allocated_Limit_for_Honble_MPs__2_.csv::row537,True
Madhya Pradesh,Virendra Kumar(17th Lok Sabha),Virendra Kumar,TIKAMGARH(SC),82223183.49,MP_CONSTITUENCY,17th Lok Sabha,HIGH,explicit_suffix_in_mp_name,STAGE1_SNAPSHOT,Allocated_Limit_for_Honble_MPs__2_.csv,538,STAGE1_SNAPSHOT::Allocated_Limit_for_Honble_MPs__2_.csv::row538,True
Uttar Pradesh,Virendra Singh(17th Lok Sabha),Virendra Singh,BALLIA,94917938.0,MP_CONSTITUENCY,17th Lok Sabha,HIGH,explicit_suffix_in_mp_name,STAGE1_SNAPSHOT,Allocated_Limit_for_Honble_MPs__2_.csv,539,STAGE1_SNAPSHOT::Allocated_Limit_for_Honble_MPs__2_.csv::row539,True
Jharkhand,Vishnu Dayal Ram,Vishnu Dayal Ram,PALAMU(SC),63145484.0,MP_CONSTITUENCY,Unknown,UNKNOWN,no_explicit_term_marker_in_source_record,STAGE1_SNAPSHOT,Allocated_Limit_for_Honble_MPs__2_.csv,540,STAGE1_SNAPSHOT::Allocated_Limit_for_Honble_MPs__2_.csv::row540,True
Madhya Pradesh,Vishnu Dutt Sharma,Vishnu Dutt Sharma,KHAJURAHO,105541100.11,MP_CONSTITUENCY,Unknown,UNKNOWN,no_explicit_term_marker_in_source_record,STAGE1_SNAPSHOT,Allocated_Limit_for_Honble_MPs__2_.csv,541,STAGE1_SNAPSHOT::Allocated_Limit_for_Honble_MPs__2_.csv::row541,True
Madhya Pradesh,Vivek Narayan Shejwalkar(17th Lok Sabha),Vivek Narayan Shejwalkar,GWALIOR,80688857.0,MP_CONSTITUENCY,17th Lok Sabha,HIGH,explicit_suffix_in_mp_name,STAGE1_SNAPSHOT,Allocated_Limit_for_Honble_MPs__2_.csv,542,STAGE1_SNAPSHOT::Allocated_Limit_for_Honble_MPs__2_.csv::row542,True
Karnataka,Y Devendrappa(17th Lok Sabha),Y Devendrappa,BELLARY(ST),98063957.11,MP_CONSTITUENCY,17th Lok Sabha,HIGH,explicit_suffix_in_mp_name,STAGE1_SNAPSHOT,Allocated_Limit_for_Honble_MPs__2_.csv,543,STAGE1_SNAPSHOT::Allocated_Limit_for_Honble_MPs__2_.csv::row543,True
Andhra Pradesh,Y S Avinash Reddy,Y S Avinash Reddy,KADAPA,100834247.0,MP_CONSTITUENCY,Unknown,UNKNOWN,no_explicit_term_marker_in_source_record,STAGE1_SNAPSHOT,Allocated_Limit_for_Honble_MPs__2_.csv,544,STAGE1_SNAPSHOT::Allocated_Limit_for_Honble_MPs__2_.csv::row544,True
,,,,47624036541.52,MP_CONSTITUENCY,Unknown,UNKNOWN,no_mp_name_available,STAGE1_SNAPSHOT,Allocated_Limit_for_Honble_MPs__2_.csv,545,STAGE1_SNAPSHOT::Allocated_Limit_for_Honble_MPs__2_.csv::row545,True
Maharashtra,AASHTIKAR PATIL NAGESH BAPURAO,AASHTIKAR PATIL NAGESH BAPURAO,HINGOLI,190289442.0,MP_CONSTITUENCY,Unknown,UNKNOWN,no_explicit_term_marker_in_source_record,STAGE1_5_SNAPSHOT,Allocated_Limit_for_Honble_MPs__2_.csv,2,STAGE1_5_SNAPSHOT::Allocated_Limit_for_Honble_MPs__2_.csv::row2,True
Jammu And Kashmir,ABDUL RASHID SHEIKH,ABDUL RASHID SHEIKH,BARAMULLAH,154773472.11,MP_CONSTITUENCY,Unknown,UNKNOWN,no_explicit_term_marker_in_source_record,STAGE1_5_SNAPSHOT,Allocated_Limit_for_Honble_MPs__2_.csv,3,STAGE1_5_SNAPSHOT::Allocated_Limit_for_Honble_MPs__2_.csv::row3,True
Bihar,ABHAY KUMAR SINHA,ABHAY KUMAR SINHA,AURANGABAD_BR,147000000.0,MP_CONSTITUENCY,Unknown,UNKNOWN,no_explicit_term_marker_in_source_record,STAGE1_5_SNAPSHOT,Allocated_Limit_for_Honble_MPs__2_.csv,4,STAGE1_5_SNAPSHOT::Allocated_Limit_for_Honble_MPs__2_.csv::row4,True
West Bengal,ABHIJIT GANGOPADHYAY,ABHIJIT GANGOPADHYAY,TAMLUK,147000000.0,MP_CONSTITUENCY,Unknown,UNKNOWN,no_explicit_term_marker_in_source_record,STAGE1_5_SNAPSHOT,Allocated_Limit_for_Honble_MPs__2_.csv,5,STAGE1_5_SNAPSHOT::Allocated_Limit_for_Honble_MPs__2_.csv::row5,True
West Bengal,Abu Taher Khan,Abu Taher Khan,MURSHIDABAD,147000000.0,MP_CONSTITUENCY,Unknown,UNKNOWN,no_explicit_term_marker_in_source_record,STAGE1_5_SNAPSHOT,Allocated_Limit_for_Honble_MPs__2_.csv,6,STAGE1_5_SNAPSHOT::Allocated_Limit_for_Honble_MPs__2_.csv::row6,True
West Bengal,ADHIKARI SOUMENDU,ADHIKARI SOUMENDU,KANTHI,147000000.0,MP_CONSTITUENCY,Unknown,UNKNOWN,no_explicit_term_marker_in_source_record,STAGE1_5_SNAPSHOT,Allocated_Limit_for_Honble_MPs__2_.csv,7,STAGE1_5_SNAPSHOT::Allocated_Limit_for_Honble_MPs__2_.csv::row7,True
Uttar Pradesh,ADITYA YADAV,ADITYA YADAV,BADAUN,147000000.0,MP_CONSTITUENCY,Unknown,UNKNOWN,no_explicit_term_marker_in_source_record,STAGE1_5_SNAPSHOT,Allocated_Limit_for_Honble_MPs__2_.csv,8,STAGE1_5_SNAPSHOT::Allocated_Limit_for_Honble_MPs__2_.csv::row8,True
Kerala,Adv Adoor Prakash,Adv Adoor Prakash,ATTINGAL,147000000.0,MP_CONSTITUENCY,Unknown,UNKNOWN,no_explicit_term_marker_in_source_record,STAGE1_5_SNAPSHOT,Allocated_Limit_for_Honble_MPs__2_.csv,9,STAGE1_5_SNAPSHOT::Allocated_Limit_for_Honble_MPs__2_.csv::row9,True
Kerala,Adv Dean Kuriakose,Adv Dean Kuriakose,IDUKKI,147000000.0,MP_CONSTITUENCY,Unknown,UNKNOWN,no_explicit_term_marker_in_source_record,STAGE1_5_SNAPSHOT,Allocated_Limit_for_Honble_MPs__2_.csv,10,STAGE1_5_SNAPSHOT::Allocated_Limit_for_Honble_MPs__2_.csv::row10,True
Maharashtra,ADV GOWAAL KAGADA PADAVI,ADV GOWAAL KAGADA PADAVI,NANDURBAR(ST),147816309.11,MP_CONSTITUENCY,Unknown,UNKNOWN,no_explicit_term_marker_in_source_record,STAGE1_5_SNAPSHOT,Allocated_Limit_for_Honble_MPs__2_.csv,11,STAGE1_5_SNAPSHOT::Allocated_Limit_for_Honble_MPs__2_.csv::row11,True
Kerala,ADV K FRANCIS GEORGE,ADV K FRANCIS GEORGE,KOTTAYAM,188722256.11,MP_CONSTITUENCY,Unknown,UNKNOWN,no_explicit_term_marker_in_source_record,STAGE1_5_SNAPSHOT,Allocated_Limit_for_Honble_MPs__2_.csv,12,STAGE1_5_SNAPSHOT::Allocated_Limit_for_Honble_MPs__2_.csv::row12,True
Uttar Pradesh,AFZAL ANSARI,AFZAL ANSARI,GHAZIPUR,220500000.0,MP_CONSTITUENCY,Unknown,UNKNOWN,no_explicit_term_marker_in_source_record,STAGE1_5_SNAPSHOT,Allocated_Limit_for_Honble_MPs__2_.csv,13,STAGE1_5_SNAPSHOT::Allocated_Limit_for_Honble_MPs__2_.csv::row13,True
Jammu And Kashmir,AGA SYED RUHULLAH MEHDI,AGA SYED RUHULLAH MEHDI,SRINAGAR,147000000.0,MP_CONSTITUENCY,Unknown,UNKNOWN,no_explicit_term_marker_in_source_record,STAGE1_5_SNAPSHOT,Allocated_Limit_for_Honble_MPs__2_.csv,14,STAGE1_5_SNAPSHOT::Allocated_Limit_for_Honble_MPs__2_.csv::row14,True
Uttarakhand,Ajay Bhatt,Ajay Bhatt,NAINITAL UDHAM SINGH NAG.,147000000.0,MP_CONSTITUENCY,Unknown,UNKNOWN,no_explicit_term_marker_in_source_record,STAGE1_5_SNAPSHOT,Allocated_Limit_for_Honble_MPs__2_.csv,15,STAGE1_5_SNAPSHOT::Allocated_Limit_for_Honble_MPs__2_.csv::row15,True
Bihar,Ajay Kumar Mandal,Ajay Kumar Mandal,BHAGALPUR,147000000.0,MP_CONSTITUENCY,Unknown,UNKNOWN,no_explicit_term_marker_in_source_record,STAGE1_5_SNAPSHOT,Allocated_Limit_for_Honble_MPs__2_.csv,16,STAGE1_5_SNAPSHOT::Allocated_Limit_for_Honble_MPs__2_.csv::row16,True
Uttarakhand,Ajay Tamta,Ajay Tamta,ALMORA(SC),147000000.0,MP_CONSTITUENCY,Unknown,UNKNOWN,no_explicit_term_marker_in_source_record,STAGE1_5_SNAPSHOT,Allocated_Limit_for_Honble_MPs__2_.csv,17,STAGE1_5_SNAPSHOT::Allocated_Limit_for_Honble_MPs__2_.csv::row17,True
Uttar Pradesh,AJENDRA SINGH LODHI,AJENDRA SINGH LODHI,HAMIRPUR_UP,147000000.0,MP_CONSTITUENCY,Unknown,UNKNOWN,no_explicit_term_marker_in_source_record,STAGE1_5_SNAPSHOT,Allocated_Limit_for_Honble_MPs__2_.csv,18,STAGE1_5_SNAPSHOT::Allocated_Limit_for_Honble_MPs__2_.csv::row18,True
Uttar Pradesh,AKHILESH YADAV,AKHILESH YADAV,KANNAUJ,147000000.0,MP_CONSTITUENCY,Unknown,UNKNOWN,no_explicit_term_marker_in_source_record,STAGE1_5_SNAPSHOT,Allocated_Limit_for_Honble_MPs__2_.csv,19,STAGE1_5_SNAPSHOT::Allocated_Limit_for_Honble_MPs__2_.csv::row19,True
Uttar Pradesh,AKSHAYA YADAV,AKSHAYA YADAV,FIROZABAD,147000000.0,MP_CONSTITUENCY,Unknown,UNKNOWN,no_explicit_term_marker_in_source_record,STAGE1_5_SNAPSHOT,Allocated_Limit_for_Honble_MPs__2_.csv,20,STAGE1_5_SNAPSHOT::Allocated_Limit_for_Honble_MPs__2_.csv::row20,True
Manipur,ALFRED KANNGAM S ARTHUR,ALFRED KANNGAM S ARTHUR,OUTER MANIPUR(ST),147000000.0,MP_CONSTITUENCY,Unknown,UNKNOWN,no_explicit_term_marker_in_source_record,STAGE1_5_SNAPSHOT,Allocated_Limit_for_Honble_MPs__2_.csv,21,STAGE1_5_SNAPSHOT::Allocated_Limit_for_Honble_MPs__2_.csv::row21,True
Bihar,Alok Kumar Suman,Alok Kumar Suman,GOPALGANJ (SC),147000000.0,MP_CONSTITUENCY,Unknown,UNKNOWN,no_explicit_term_marker_in_source_record,STAGE1_5_SNAPSHOT,Allocated_Limit_for_Honble_MPs__2_.csv,22,STAGE1_5_SNAPSHOT::Allocated_Limit_for_Honble_MPs__2_.csv::row22,True
Madhya Pradesh,ALOK SHARMA,ALOK SHARMA,BHOPAL,147000000.0,MP_CONSTITUENCY,Unknown,UNKNOWN,no_explicit_term_marker_in_source_record,STAGE1_5_SNAPSHOT,Allocated_Limit_for_Honble_MPs__2_.csv,23,STAGE1_5_SNAPSHOT::Allocated_Limit_for_Honble_MPs__2_.csv::row23,True
Maharashtra,AMAR SHARADRAO KALE,AMAR SHARADRAO KALE,WARDHA,147000000.0,MP_CONSTITUENCY,Unknown,UNKNOWN,no_explicit_term_marker_in_source_record,STAGE1_5_SNAPSHOT,Allocated_Limit_for_Honble_MPs__2_.csv,24,STAGE1_5_SNAPSHOT::Allocated_Limit_for_Honble_MPs__2_.csv::row24,True
Assam,AMARSING TISSO,AMARSING TISSO,Diphu (ST),147000000.0,MP_CONSTITUENCY,Unknown,UNKNOWN,no_explicit_term_marker_in_source_record,STAGE1_5_SNAPSHOT,Allocated_Limit_for_Honble_MPs__2_.csv,25,STAGE1_5_SNAPSHOT::Allocated_Limit_for_Honble_MPs__2_.csv::row25,True
Andhra Pradesh,AMBICA G LAKSHMINARAYANA VALMIKI,AMBICA G LAKSHMINARAYANA VALMIKI,ANANTAPUR,201899064.11,MP_CONSTITUENCY,Unknown,UNKNOWN,no_explicit_term_marker_in_source_record,STAGE1_5_SNAPSHOT,Allocated_Limit_for_Honble_MPs__2_.csv,26,STAGE1_5_SNAPSHOT::Allocated_Limit_for_Honble_MPs__2_.csv::row26,True
Maharashtra,Amol Ramsing Kolhe,Amol Ramsing Kolhe,SHIRUR,147000000.0,MP_CONSTITUENCY,Unknown,UNKNOWN,no_explicit_term_marker_in_source_record,STAGE1_5_SNAPSHOT,Allocated_Limit_for_Honble_MPs__2_.csv,27,STAGE1_5_SNAPSHOT::Allocated_Limit_for_Honble_MPs__2_.csv::row27,True
Rajasthan,AMRARAM,AMRARAM,SIKAR,165691544.11,MP_CONSTITUENCY,Unknown,UNKNOWN,no_explicit_term_marker_in_source_record,STAGE1_5_SNAPSHOT,Allocated_Limit_for_Honble_MPs__2_.csv,28,STAGE1_5_SNAPSHOT::Allocated_Limit_for_Honble_MPs__2_.csv::row28,True
Punjab,AMRINDER SINGH RAJA WARRING,AMRINDER SINGH RAJA WARRING,LUDHIANA,147000000.0,MP_CONSTITUENCY,Unknown,UNKNOWN,no_explicit_term_marker_in_source_record,STAGE1_5_SNAPSHOT,Allocated_Limit_for_Honble_MPs__2_.csv,29,STAGE1_5_SNAPSHOT::Allocated_Limit_for_Honble_MPs__2_.csv::row29,True
Uttar Pradesh,ANAND BHADAURIYA,ANAND BHADAURIYA,DHAURAHRA,147000000.0,MP_CONSTITUENCY,Unknown,UNKNOWN,no_explicit_term_marker_in_source_record,STAGE1_5_SNAPSHOT,Allocated_Limit_for_Honble_MPs__2_.csv,30,STAGE1_5_SNAPSHOT::Allocated_Limit_for_Honble_MPs__2_.csv::row30,True
Uttar Pradesh,ANAND KUMAR,ANAND KUMAR,BAHRAICH(SC),147000000.0,MP_CONSTITUENCY,Unknown,UNKNOWN,no_explicit_term_marker_in_source_record,STAGE1_5_SNAPSHOT,Allocated_Limit_for_Honble_MPs__2_.csv,31,STAGE1_5_SNAPSHOT::Allocated_Limit_for_Honble_MPs__2_.csv::row31,True
Odisha,ANANTA NAYAK,ANANTA NAYAK,KEONJHAR(ST),147000000.0,MP_CONSTITUENCY,Unknown,UNKNOWN,no_explicit_term_marker_in_source_record,STAGE1_5_SNAPSHOT,Allocated_Limit_for_Honble_MPs__2_.csv,32,STAGE1_5_SNAPSHOT::Allocated_Limit_for_Honble_MPs__2_.csv::row32,True
Tamil Nadu,Andimuthu Raja,Andimuthu Raja,NILGIRIS(SC),147000000.0,MP_CONSTITUENCY,Unknown,UNKNOWN,no_explicit_term_marker_in_source_record,STAGE1_5_SNAPSHOT,Allocated_Limit_for_Honble_MPs__2_.csv,33,STAGE1_5_SNAPSHOT::Allocated_Limit_for_Honble_MPs__2_.csv::row33,True
Meghalaya,ANDREW J. SYNGKON,ANDREW J. SYNGKON,SHILLONG,98000000.0,MP_CONSTITUENCY,Unknown,UNKNOWN,no_explicit_term_marker_in_source_record,STAGE1_5_SNAPSHOT,Allocated_Limit_for_Honble_MPs__2_.csv,34,STAGE1_5_SNAPSHOT::Allocated_Limit_for_Honble_MPs__2_.csv::row34,True
Manipur,ANGOMCHA BIMOL AKOIJAM,ANGOMCHA BIMOL AKOIJAM,INNER MANIPUR,147000000.0,MP_CONSTITUENCY,Unknown,UNKNOWN,no_explicit_term_marker_in_source_record,STAGE1_5_SNAPSHOT,Allocated_Limit_for_Honble_MPs__2_.csv,35,STAGE1_5_SNAPSHOT::Allocated_Limit_for_Honble_MPs__2_.csv::row35,True
Uttarakhand,ANIL BALUNI,ANIL BALUNI,GARHWAL,147000000.0,MP_CONSTITUENCY,Unknown,UNKNOWN,no_explicit_term_marker_in_source_record,STAGE1_5_SNAPSHOT,Allocated_Limit_for_Honble_MPs__2_.csv,36,STAGE1_5_SNAPSHOT::Allocated_Limit_for_Honble_MPs__2_.csv::row36,True
Maharashtra,ANIL YESHWANT DESAI,ANIL YESHWANT DESAI,MUMBAI SOUTH CENTRAL,147000000.0,MP_CONSTITUENCY,Unknown,UNKNOWN,no_explicit_term_marker_in_source_record,STAGE1_5_SNAPSHOT,Allocated_Limit_for_Honble_MPs__2_.csv,37,STAGE1_5_SNAPSHOT::Allocated_Limit_for_Honble_MPs__2_.csv::row37,True
Madhya Pradesh,ANITA NAGARSINGH CHOUHAN,ANITA NAGARSINGH CHOUHAN,RATLAM(ST),147000000.0,MP_CONSTITUENCY,Unknown,UNKNOWN,no_explicit_term_marker_in_source_record,STAGE1_5_SNAPSHOT,Allocated_Limit_for_Honble_MPs__2_.csv,38,STAGE1_5_SNAPSHOT::Allocated_Limit_for_Honble_MPs__2_.csv::row38,True
Odisha,ANITA SUBHADARSHINI,ANITA SUBHADARSHINI,ASKA,147000000.0,MP_CONSTITUENCY,Unknown,UNKNOWN,no_explicit_term_marker_in_source_record,STAGE1_5_SNAPSHOT,Allocated_Limit_for_Honble_MPs__2_.csv,39,STAGE1_5_SNAPSHOT::Allocated_Limit_for_Honble_MPs__2_.csv::row39,True
Jharkhand,Annpurna Devi,Annpurna Devi,KODARMA,166665931.8,MP_CONSTITUENCY,Unknown,UNKNOWN,no_explicit_term_marker_in_source_record,STAGE1_5_SNAPSHOT,Allocated_Limit_for_Honble_MPs__2_.csv,40,STAGE1_5_SNAPSHOT::Allocated_Limit_for_Honble_MPs__2_.csv::row40,True
Uttar Pradesh,ANOOP PRADHAN BALMIKI,ANOOP PRADHAN BALMIKI,HATHRAS (SC),147000000.0,MP_CONSTITUENCY,Unknown,UNKNOWN,no_explicit_term_marker_in_source_record,STAGE1_5_SNAPSHOT,Allocated_Limit_for_Honble_MPs__2_.csv,41,STAGE1_5_SNAPSHOT::Allocated_Limit_for_Honble_MPs__2_.csv::row41,True
Kerala,Anto Antony,Anto Antony,PATHANAMTHITTA,147000000.0,MP_CONSTITUENCY,Unknown,UNKNOWN,no_explicit_term_marker_in_source_record,STAGE1_5_SNAPSHOT,Allocated_Limit_for_Honble_MPs__2_.csv,42,STAGE1_5_SNAPSHOT::Allocated_Limit_for_Honble_MPs__2_.csv::row42,True
Maharashtra,ANUP SANJAY DHOTRE,ANUP SANJAY DHOTRE,AKOLA,147000000.0,MP_CONSTITUENCY,Unknown,UNKNOWN,no_explicit_term_marker_in_source_record,STAGE1_5_SNAPSHOT,Allocated_Limit_for_Honble_MPs__2_.csv,43,STAGE1_5_SNAPSHOT::Allocated_Limit_for_Honble_MPs__2_.csv::row43,True
Uttar Pradesh,Anurag Sharma,Anurag Sharma,JHANSI,147000000.0,MP_CONSTITUENCY,Unknown,UNKNOWN,no_explicit_term_marker_in_source_record,STAGE1_5_SNAPSHOT,Allocated_Limit_for_Honble_MPs__2_.csv,44,STAGE1_5_SNAPSHOT::Allocated_Limit_for_Honble_MPs__2_.csv::row44,True
Himachal Pradesh,Anurag Singh Thakur,Anurag Singh Thakur,HAMIRPUR_HP,149570117.11,MP_CONSTITUENCY,Unknown,UNKNOWN,no_explicit_term_marker_in_source_record,STAGE1_5_SNAPSHOT,Allocated_Limit_for_Honble_MPs__2_.csv,45,STAGE1_5_SNAPSHOT::Allocated_Limit_for_Honble_MPs__2_.csv::row45,True
Andhra Pradesh,Appalanaidu Kalisetti,Appalanaidu Kalisetti,VIZIANAGARAM,147000000.0,MP_CONSTITUENCY,Unknown,UNKNOWN,no_explicit_term_marker_in_source_record,STAGE1_5_SNAPSHOT,Allocated_Limit_for_Honble_MPs__2_.csv,46,STAGE1_5_SNAPSHOT::Allocated_Limit_for_Honble_MPs__2_.csv::row46,True
Bihar,ARUN BHARTI,ARUN BHARTI,JAMUI(SC),194924621.11,MP_CONSTITUENCY,Unknown,UNKNOWN,no_explicit_term_marker_in_source_record,STAGE1_5_SNAPSHOT,Allocated_Limit_for_Honble_MPs__2_.csv,47,STAGE1_5_SNAPSHOT::Allocated_Limit_for_Honble_MPs__2_.csv::row47,True
Uttar Pradesh,ARUN GOVIL,ARUN GOVIL,MEERUT,147000000.0,MP_CONSTITUENCY,Unknown,UNKNOWN,no_explicit_term_marker_in_source_record,STAGE1_5_SNAPSHOT,Allocated_Limit_for_Honble_MPs__2_.csv,48,STAGE1_5_SNAPSHOT::Allocated_Limit_for_Honble_MPs__2_.csv::row48,True
Tamil Nadu,ARUN NEHRU,ARUN NEHRU,PERAMBALUR,147000000.0,MP_CONSTITUENCY,Unknown,UNKNOWN,no_explicit_term_marker_in_source_record,STAGE1_5_SNAPSHOT,Allocated_Limit_for_Honble_MPs__2_.csv,49,STAGE1_5_SNAPSHOT::Allocated_Limit_for_Honble_MPs__2_.csv::row49,True
Telangana,ARUNA. D. K,ARUNA. D. K,MAHABUBNAGAR,147000000.0,MP_CONSTITUENCY,Unknown,UNKNOWN,no_explicit_term_marker_in_source_record,STAGE1_5_SNAPSHOT,Allocated_Limit_for_Honble_MPs__2_.csv,50,STAGE1_5_SNAPSHOT::Allocated_Limit_for_Honble_MPs__2_.csv::row50,True
West Bengal,ARUP CHAKRABORTY,ARUP CHAKRABORTY,BANKURA,147000000.0,MP_CONSTITUENCY,Unknown,UNKNOWN,no_explicit_term_marker_in_source_record,STAGE1_5_SNAPSHOT,Allocated_Limit_for_Honble_MPs__2_.csv,51,STAGE1_5_SNAPSHOT::Allocated_Limit_for_Honble_MPs__2_.csv::row51,True
Telangana,Arvind Dharmapuri,Arvind Dharmapuri,NIZAMABAD,281396355.11,MP_CONSTITUENCY,Unknown,UNKNOWN,no_explicit_term_marker_in_source_record,STAGE1_5_SNAPSHOT,Allocated_Limit_for_Honble_MPs__2_.csv,52,STAGE1_5_SNAPSHOT::Allocated_Limit_for_Honble_MPs__2_.csv::row52,True
Maharashtra,Arvind Ganpat Sawant,Arvind Ganpat Sawant,MUMBAI SOUTH,147000000.0,MP_CONSTITUENCY,Unknown,UNKNOWN,no_explicit_term_marker_in_source_record,STAGE1_5_SNAPSHOT,Allocated_Limit_for_Honble_MPs__2_.csv,53,STAGE1_5_SNAPSHOT::Allocated_Limit_for_Honble_MPs__2_.csv::row53,True
Telangana,Asaduddin Owaisi,Asaduddin Owaisi,HYDERABAD,147000000.0,MP_CONSTITUENCY,Unknown,UNKNOWN,no_explicit_term_marker_in_source_record,STAGE1_5_SNAPSHOT,Allocated_Limit_for_Honble_MPs__2_.csv,54,STAGE1_5_SNAPSHOT::Allocated_Limit_for_Honble_MPs__2_.csv::row54,True
Madhya Pradesh,ASHISH DUBEY,ASHISH DUBEY,JABALPUR,147000000.0,MP_CONSTITUENCY,Unknown,UNKNOWN,no_explicit_term_marker_in_source_record,STAGE1_5_SNAPSHOT,Allocated_Limit_for_Honble_MPs__2_.csv,55,STAGE1_5_SNAPSHOT::Allocated_Limit_for_Honble_MPs__2_.csv::row55,True
Uttar Pradesh,Ashok Kumar Rawat,Ashok Kumar Rawat,MISRIKH(SC),147000000.0,MP_CONSTITUENCY,Unknown,UNKNOWN,no_explicit_term_marker_in_source_record,STAGE1_5_SNAPSHOT,Allocated_Limit_for_Honble_MPs__2_.csv,56,STAGE1_5_SNAPSHOT::Allocated_Limit_for_Honble_MPs__2_.csv::row56,True
Bihar,Ashok Kumar Yadav,Ashok Kumar Yadav,MADHUBANI,147000000.0,MP_CONSTITUENCY,Unknown,UNKNOWN,no_explicit_term_marker_in_source_record,STAGE1_5_SNAPSHOT,Allocated_Limit_for_Honble_MPs__2_.csv,57,STAGE1_5_SNAPSHOT::Allocated_Limit_for_Honble_MPs__2_.csv::row57,True
West Bengal,Asit Kumar Mal,Asit Kumar Mal,BOLPUR(SC),275694456.74,MP_CONSTITUENCY,Unknown,UNKNOWN,no_explicit_term_marker_in_source_record,STAGE1_5_SNAPSHOT,Allocated_Limit_for_Honble_MPs__2_.csv,58,STAGE1_5_SNAPSHOT::Allocated_Limit_for_Honble_MPs__2_.csv::row58,True
Uttar Pradesh,ATUL GARG,ATUL GARG,GHAZIABAD,155336470.0,MP_CONSTITUENCY,Unknown,UNKNOWN,no_explicit_term_marker_in_source_record,STAGE1_5_SNAPSHOT,Allocated_Limit_for_Honble_MPs__2_.csv,59,STAGE1_5_SNAPSHOT::Allocated_Limit_for_Honble_MPs__2_.csv::row59,True
Odisha,AVIMANYU SETHI,AVIMANYU SETHI,BHADRAK(SC),147000000.0,MP_CONSTITUENCY,Unknown,UNKNOWN,no_explicit_term_marker_in_source_record,STAGE1_5_SNAPSHOT,Allocated_Limit_for_Honble_MPs__2_.csv,60,STAGE1_5_SNAPSHOT::Allocated_Limit_for_Honble_MPs__2_.csv::row60,True
Uttar Pradesh,AWADHESH PRASAD,AWADHESH PRASAD,FAIZABAD,147000000.0,MP_CONSTITUENCY,Unknown,UNKNOWN,no_explicit_term_marker_in_source_record,STAGE1_5_SNAPSHOT,Allocated_Limit_for_Honble_MPs__2_.csv,61,STAGE1_5_SNAPSHOT::Allocated_Limit_for_Honble_MPs__2_.csv::row61,True
West Bengal,AZAD KIRTI JHA,AZAD KIRTI JHA,BARDHAMAN-DURGAPUR,179658399.98,MP_CONSTITUENCY,Unknown,UNKNOWN,no_explicit_term_marker_in_source_record,STAGE1_5_SNAPSHOT,Allocated_Limit_for_Honble_MPs__2_.csv,62,STAGE1_5_SNAPSHOT::Allocated_Limit_for_Honble_MPs__2_.csv::row62,True
Andhra Pradesh,B K PARTHASARATHI,B K PARTHASARATHI,HINDUPUR,160491894.11,MP_CONSTITUENCY,Unknown,UNKNOWN,no_explicit_term_marker_in_source_record,STAGE1_5_SNAPSHOT,Allocated_Limit_for_Honble_MPs__2_.csv,63,STAGE1_5_SNAPSHOT::Allocated_Limit_for_Honble_MPs__2_.csv::row63,True
Uttar Pradesh,BABU SINGH KUSHWAHA,BABU SINGH KUSHWAHA,JAUNPUR,147000000.0,MP_CONSTITUENCY,Unknown,UNKNOWN,no_explicit_term_marker_in_source_record,STAGE1_5_SNAPSHOT,Allocated_Limit_for_Honble_MPs__2_.csv,64,STAGE1_5_SNAPSHOT::Allocated_Limit_for_Honble_MPs__2_.csv::row64,True
Maharashtra,BACHHAV SHOBHA DINESH,BACHHAV SHOBHA DINESH,DHULE,147000000.0,MP_CONSTITUENCY,Unknown,UNKNOWN,no_explicit_term_marker_in_source_record,STAGE1_5_SNAPSHOT,Allocated_Limit_for_Honble_MPs__2_.csv,65,STAGE1_5_SNAPSHOT::Allocated_Limit_for_Honble_MPs__2_.csv::row65,True
West Bengal,BAG MITALI,BAG MITALI,ARAMBAG(SC),147000000.0,MP_CONSTITUENCY,Unknown,UNKNOWN,no_explicit_term_marker_in_source_record,STAGE1_5_SNAPSHOT,Allocated_Limit_for_Honble_MPs__2_.csv,66,STAGE1_5_SNAPSHOT::Allocated_Limit_for_Honble_MPs__2_.csv::row66,True
Odisha,BAIJAYANT PANDA,BAIJAYANT PANDA,KENDRAPARA,147000000.0,MP_CONSTITUENCY,Unknown,UNKNOWN,no_explicit_term_marker_in_source_record,STAGE1_5_SNAPSHOT,Allocated_Limit_for_Honble_MPs__2_.csv,67,STAGE1_5_SNAPSHOT::Allocated_Limit_for_Honble_MPs__2_.csv::row67,True
Maharashtra,BAJRANG MANOHAR SONWANE,BAJRANG MANOHAR SONWANE,BEED,165899107.19,MP_CONSTITUENCY,Unknown,UNKNOWN,no_explicit_term_marker_in_source_record,STAGE1_5_SNAPSHOT,Allocated_Limit_for_Honble_MPs__2_.csv,68,STAGE1_5_SNAPSHOT::Allocated_Limit_for_Honble_MPs__2_.csv::row68,True
Odisha,BALABHADRA MAJHI,BALABHADRA MAJHI,NABARANGPUR(ST),147413962.11,MP_CONSTITUENCY,Unknown,UNKNOWN,no_explicit_term_marker_in_source_record,STAGE1_5_SNAPSHOT,Allocated_Limit_for_Honble_MPs__2_.csv,69,STAGE1_5_SNAPSHOT::Allocated_Limit_for_Honble_MPs__2_.csv::row69,True
Andhra Pradesh,Balashowry Vallabbhaneni,Balashowry Vallabbhaneni,MACHILIPATNAM,147000000.0,MP_CONSTITUENCY,Unknown,UNKNOWN,no_explicit_term_marker_in_source_record,STAGE1_5_SNAPSHOT,Allocated_Limit_for_Honble_MPs__2_.csv,70,STAGE1_5_SNAPSHOT::Allocated_Limit_for_Honble_MPs__2_.csv::row70,True
Telangana,BALRAM NAIK PORIKA,BALRAM NAIK PORIKA,MAHABUBABAD,147000000.0,MP_CONSTITUENCY,Unknown,UNKNOWN,no_explicit_term_marker_in_source_record,STAGE1_5_SNAPSHOT,Allocated_Limit_for_Honble_MPs__2_.csv,71,STAGE1_5_SNAPSHOT::Allocated_Limit_for_Honble_MPs__2_.csv::row71,True
Maharashtra,BALWANT BASWANT WANKHADE,BALWANT BASWANT WANKHADE,AMRAVATI(SC),198293678.0,MP_CONSTITUENCY,Unknown,UNKNOWN,no_explicit_term_marker_in_source_record,STAGE1_5_SNAPSHOT,Allocated_Limit_for_Honble_MPs__2_.csv,72,STAGE1_5_SNAPSHOT::Allocated_Limit_for_Honble_MPs__2_.csv::row72,True
Maharashtra,BALYA MAMA SURESH GOPINATH MHATRE,BALYA MAMA SURESH GOPINATH MHATRE,BHIWANDI,147000000.0,MP_CONSTITUENCY,Unknown,UNKNOWN,no_explicit_term_marker_in_source_record,STAGE1_5_SNAPSHOT,Allocated_Limit_for_Honble_MPs__2_.csv,73,STAGE1_5_SNAPSHOT::Allocated_Limit_for_Honble_MPs__2_.csv::row73,True
Delhi,Bansuri Swaraj,Bansuri Swaraj,NEW DELHI,154306950.0,MP_CONSTITUENCY,Unknown,UNKNOWN,no_explicit_term_marker_in_source_record,STAGE1_5_SNAPSHOT,Allocated_Limit_for_Honble_MPs__2_.csv,74,STAGE1_5_SNAPSHOT::Allocated_Limit_for_Honble_MPs__2_.csv::row74,True
West Bengal,BAPI HALDAR,BAPI HALDAR,MATHURAPUR(SC),147000000.0,MP_CONSTITUENCY,Unknown,UNKNOWN,no_explicit_term_marker_in_source_record,STAGE1_5_SNAPSHOT,Allocated_Limit_for_Honble_MPs__2_.csv,75,STAGE1_5_SNAPSHOT::Allocated_Limit_for_Honble_MPs__2_.csv::row75,True
Karnataka,BASAVARAJ BOMMAI,BASAVARAJ BOMMAI,HAVERI,147000000.0,MP_CONSTITUENCY,Unknown,UNKNOWN,no_explicit_term_marker_in_source_record,STAGE1_5_SNAPSHOT,Allocated_Limit_for_Honble_MPs__2_.csv,76,STAGE1_5_SNAPSHOT::Allocated_Limit_for_Honble_MPs__2_.csv::row76,True
Andhra Pradesh,BASTIPATI NAGARAJU PANCHALINGALA,BASTIPATI NAGARAJU PANCHALINGALA,KURNOOL,159998515.11,MP_CONSTITUENCY,Unknown,UNKNOWN,no_explicit_term_marker_in_source_record,STAGE1_5_SNAPSHOT,Allocated_Limit_for_Honble_MPs__2_.csv,77,STAGE1_5_SNAPSHOT::Allocated_Limit_for_Honble_MPs__2_.csv::row77,True
Rajasthan,Bhagirath Chaudhary,Bhagirath Chaudhary,AJMER,147000000.0,MP_CONSTITUENCY,Unknown,UNKNOWN,no_explicit_term_marker_in_source_record,STAGE1_5_SNAPSHOT,Allocated_Limit_for_Honble_MPs__2_.csv,78,STAGE1_5_SNAPSHOT::Allocated_Limit_for_Honble_MPs__2_.csv::row78,True
Rajasthan,BHAJAN LAL JATAV,BHAJAN LAL JATAV,KARAULI-DHOLPUR(SC),147000000.0,MP_CONSTITUENCY,Unknown,UNKNOWN,no_explicit_term_marker_in_source_record,STAGE1_5_SNAPSHOT,Allocated_Limit_for_Honble_MPs__2_.csv,79,STAGE1_5_SNAPSHOT::Allocated_Limit_for_Honble_MPs__2_.csv::row79,True
Madhya Pradesh,BHARAT SINGH KUSHWAH,BHARAT SINGH KUSHWAH,GWALIOR,151455276.04,MP_CONSTITUENCY,Unknown,UNKNOWN,no_explicit_term_marker_in_source_record,STAGE1_5_SNAPSHOT,Allocated_Limit_for_Honble_MPs__2_.csv,80,STAGE1_5_SNAPSHOT::Allocated_Limit_for_Honble_MPs__2_.csv::row80,True
Gujarat,BHARATBHAI MANUBHAI SUTARIYA,BHARATBHAI MANUBHAI SUTARIYA,AMRELI,147000000.0,MP_CONSTITUENCY,Unknown,UNKNOWN,no_explicit_term_marker_in_source_record,STAGE1_5_SNAPSHOT,Allocated_Limit_for_Honble_MPs__2_.csv,81,STAGE1_5_SNAPSHOT::Allocated_Limit_for_Honble_MPs__2_.csv::row81,True
Gujarat,Bharatsinhji Shankarji Dabhi,Bharatsinhji Shankarji Dabhi,PATAN,147000000.0,MP_CONSTITUENCY,Unknown,UNKNOWN,no_explicit_term_marker_in_source_record,STAGE1_5_SNAPSHOT,Allocated_Limit_for_Honble_MPs__2_.csv,82,STAGE1_5_SNAPSHOT::Allocated_Limit_for_Honble_MPs__2_.csv::row82,True
Madhya Pradesh,BHARTI PARDHI,BHARTI PARDHI,BALAGHAT,154398389.01,MP_CONSTITUENCY,Unknown,UNKNOWN,no_explicit_term_marker_in_source_record,STAGE1_5_SNAPSHOT,Allocated_Limit_for_Honble_MPs__2_.csv,83,STAGE1_5_SNAPSHOT::Allocated_Limit_for_Honble_MPs__2_.csv::row83,True
Maharashtra,BHASKAR MURLIDHAR BHAGARE,BHASKAR MURLIDHAR BHAGARE,DINDORI(ST),147000000.0,MP_CONSTITUENCY,Unknown,UNKNOWN,no_explicit_term_marker_in_source_record,STAGE1_5_SNAPSHOT,Allocated_Limit_for_Honble_MPs__2_.csv,84,STAGE1_5_SNAPSHOT::Allocated_Limit_for_Honble_MPs__2_.csv::row84,True
Maharashtra,BHAUSAHEB RAJARAM WAKCHAURE,BHAUSAHEB RAJARAM WAKCHAURE,SHIRDI(SC),147000000.0,MP_CONSTITUENCY,Unknown,UNKNOWN,no_explicit_term_marker_in_source_record,STAGE1_5_SNAPSHOT,Allocated_Limit_for_Honble_MPs__2_.csv,85,STAGE1_5_SNAPSHOT::Allocated_Limit_for_Honble_MPs__2_.csv::row85,True
Chhattisgarh,BHOJRAJ NAG,BHOJRAJ NAG,KANKER(ST),164672734.11,MP_CONSTITUENCY,Unknown,UNKNOWN,no_explicit_term_marker_in_source_record,STAGE1_5_SNAPSHOT,Allocated_Limit_for_Honble_MPs__2_.csv,86,STAGE1_5_SNAPSHOT::Allocated_Limit_for_Honble_MPs__2_.csv::row86,True
Uttar Pradesh,Bhola Singh,Bhola Singh,BULANDSHAHR(SC),147000000.0,MP_CONSTITUENCY,Unknown,UNKNOWN,no_explicit_term_marker_in_source_record,STAGE1_5_SNAPSHOT,Allocated_Limit_for_Honble_MPs__2_.csv,87,STAGE1_5_SNAPSHOT::Allocated_Limit_for_Honble_MPs__2_.csv::row87,True
Maharashtra,BHUMARE SANDIPANRAO ASARAM,BHUMARE SANDIPANRAO ASARAM,AURANGABAD_MH,147000000.0,MP_CONSTITUENCY,Unknown,UNKNOWN,no_explicit_term_marker_in_source_record,STAGE1_5_SNAPSHOT,Allocated_Limit_for_Honble_MPs__2_.csv,88,STAGE1_5_SNAPSHOT::Allocated_Limit_for_Honble_MPs__2_.csv::row88,True
Andhra Pradesh,Bhupathiraju Srinivasa varma,Bhupathiraju Srinivasa varma,NARASAPURAM,147000000.0,MP_CONSTITUENCY,Unknown,UNKNOWN,no_explicit_term_marker_in_source_record,STAGE1_5_SNAPSHOT,Allocated_Limit_for_Honble_MPs__2_.csv,89,STAGE1_5_SNAPSHOT::Allocated_Limit_for_Honble_MPs__2_.csv::row89,True
Rajasthan,BHUPENDER YADAV,BHUPENDER YADAV,ALWAR,147000000.0,MP_CONSTITUENCY,Unknown,UNKNOWN,no_explicit_term_marker_in_source_record,STAGE1_5_SNAPSHOT,Allocated_Limit_for_Honble_MPs__2_.csv,90,STAGE1_5_SNAPSHOT::Allocated_Limit_for_Honble_MPs__2_.csv::row90,True
Odisha,BIBHU PRASAD TARAI,BIBHU PRASAD TARAI,JAGATSINGHPUR(SC),147000000.0,MP_CONSTITUENCY,Unknown,UNKNOWN,no_explicit_term_marker_in_source_record,STAGE1_5_SNAPSHOT,Allocated_Limit_for_Honble_MPs__2_.csv,91,STAGE1_5_SNAPSHOT::Allocated_Limit_for_Honble_MPs__2_.csv::row91,True
Jharkhand,Bidyut Baran Mahato,Bidyut Baran Mahato,JAMSHEDPUR,147000000.0,MP_CONSTITUENCY,Unknown,UNKNOWN,no_explicit_term_marker_in_source_record,STAGE1_5_SNAPSHOT,Allocated_Limit_for_Honble_MPs__2_.csv,92,STAGE1_5_SNAPSHOT::Allocated_Limit_for_Honble_MPs__2_.csv::row92,True
Assam,BIJULI KALITA MEDHI,BIJULI KALITA MEDHI,GUWAHATI,147000000.0,MP_CONSTITUENCY,Unknown,UNKNOWN,no_explicit_term_marker_in_source_record,STAGE1_5_SNAPSHOT,Allocated_Limit_for_Honble_MPs__2_.csv,93,STAGE1_5_SNAPSHOT::Allocated_Limit_for_Honble_MPs__2_.csv::row93,True
Tripura,BIPLAB KUMAR DEB,BIPLAB KUMAR DEB,TRIPURA WEST,147000000.0,MP_CONSTITUENCY,Unknown,UNKNOWN,no_explicit_term_marker_in_source_record,STAGE1_5_SNAPSHOT,Allocated_Limit_for_Honble_MPs__2_.csv,94,STAGE1_5_SNAPSHOT::Allocated_Limit_for_Honble_MPs__2_.csv::row94,True
Andaman And Nicobar Islands,BISHNU PADA RAY,BISHNU PADA RAY,ANDAMAN AND NICOBAR ISLANDS,147000000.0,MP_CONSTITUENCY,Unknown,UNKNOWN,no_explicit_term_marker_in_source_record,STAGE1_5_SNAPSHOT,Allocated_Limit_for_Honble_MPs__2_.csv,95,STAGE1_5_SNAPSHOT::Allocated_Limit_for_Honble_MPs__2_.csv::row95,True
Rajasthan,BRIJENDRA SINGH OLA,BRIJENDRA SINGH OLA,JHUNJHUNU,147000000.0,MP_CONSTITUENCY,Unknown,UNKNOWN,no_explicit_term_marker_in_source_record,STAGE1_5_SNAPSHOT,Allocated_Limit_for_Honble_MPs__2_.csv,96,STAGE1_5_SNAPSHOT::Allocated_Limit_for_Honble_MPs__2_.csv::row96,True
Chhattisgarh,BRIJMOHAN AGRAWAL,BRIJMOHAN AGRAWAL,RAIPUR,153766451.11,MP_CONSTITUENCY,Unknown,UNKNOWN,no_explicit_term_marker_in_source_record,STAGE1_5_SNAPSHOT,Allocated_Limit_for_Honble_MPs__2_.csv,97,STAGE1_5_SNAPSHOT::Allocated_Limit_for_Honble_MPs__2_.csv::row97,True
Madhya Pradesh,BUNTY VIVEK SAHU,BUNTY VIVEK SAHU,CHHINDWARA,147000000.0,MP_CONSTITUENCY,Unknown,UNKNOWN,no_explicit_term_marker_in_source_record,STAGE1_5_SNAPSHOT,Allocated_Limit_for_Honble_MPs__2_.csv,98,STAGE1_5_SNAPSHOT::Allocated_Limit_for_Honble_MPs__2_.csv::row98,True
Gujarat,C R Patil,C R Patil,NAVSARI,158532494.36,MP_CONSTITUENCY,Unknown,UNKNOWN,no_explicit_term_marker_in_source_record,STAGE1_5_SNAPSHOT,Allocated_Limit_for_Honble_MPs__2_.csv,99,STAGE1_5_SNAPSHOT::Allocated_Limit_for_Honble_MPs__2_.csv::row99,True
Andhra Pradesh,C.M.RAMESH,C.M.RAMESH,ANAKAPALLE,202531656.11,MP_CONSTITUENCY,Unknown,UNKNOWN,no_explicit_term_marker_in_source_record,STAGE1_5_SNAPSHOT,Allocated_Limit_for_Honble_MPs__2_.csv,100,STAGE1_5_SNAPSHOT::Allocated_Limit_for_Honble_MPs__2_.csv::row100,True
Karnataka,CAPTAIN BRIJESH CHOWTA,CAPTAIN BRIJESH CHOWTA,DAKSHINA KANNADA,147000000.0,MP_CONSTITUENCY,Unknown,UNKNOWN,no_explicit_term_marker_in_source_record,STAGE1_5_SNAPSHOT,Allocated_Limit_for_Honble_MPs__2_.csv,101,STAGE1_5_SNAPSHOT::Allocated_Limit_for_Honble_MPs__2_.csv::row101,True
Goa,CAPTAIN VIRIATO FERNANDES,CAPTAIN VIRIATO FERNANDES,SOUTH GOA,147000000.0,MP_CONSTITUENCY,Unknown,UNKNOWN,no_explicit_term_marker_in_source_record,STAGE1_5_SNAPSHOT,Allocated_Limit_for_Honble_MPs__2_.csv,102,STAGE1_5_SNAPSHOT::Allocated_Limit_for_Honble_MPs__2_.csv::row102,True
Telangana,CHAMALA KIRAN KUMAR REDDY,CHAMALA KIRAN KUMAR REDDY,BHONGIR,147000000.0,MP_CONSTITUENCY,Unknown,UNKNOWN,no_explicit_term_marker_in_source_record,STAGE1_5_SNAPSHOT,Allocated_Limit_for_Honble_MPs__2_.csv,103,STAGE1_5_SNAPSHOT::Allocated_Limit_for_Honble_MPs__2_.csv::row103,True
Uttar Pradesh,CHANDAN CHAUHAN,CHANDAN CHAUHAN,BIJNOR,147000000.0,MP_CONSTITUENCY,Unknown,UNKNOWN,no_explicit_term_marker_in_source_record,STAGE1_5_SNAPSHOT,Allocated_Limit_for_Honble_MPs__2_.csv,104,STAGE1_5_SNAPSHOT::Allocated_Limit_for_Honble_MPs__2_.csv::row104,True
Rajasthan,Chandra Prakash Joshi,Chandra Prakash Joshi,CHITTORGARH,147000000.0,MP_CONSTITUENCY,Unknown,UNKNOWN,no_explicit_term_marker_in_source_record,STAGE1_5_SNAPSHOT,Allocated_Limit_for_Honble_MPs__2_.csv,105,STAGE1_5_SNAPSHOT::Allocated_Limit_for_Honble_MPs__2_.csv::row105,True
Uttar Pradesh,CHANDRA SHEKHAR,CHANDRA SHEKHAR,NAGINA(SC),147000000.0,MP_CONSTITUENCY,Unknown,UNKNOWN,no_explicit_term_marker_in_source_record,STAGE1_5_SNAPSHOT,Allocated_Limit_for_Honble_MPs__2_.csv,106,STAGE1_5_SNAPSHOT::Allocated_Limit_for_Honble_MPs__2_.csv::row106,True
Gujarat,CHANDUBHAI CHHAGANBHAI SHIHORA,CHANDUBHAI CHHAGANBHAI SHIHORA,SURENDRANAGAR,147000000.0,MP_CONSTITUENCY,Unknown,UNKNOWN,no_explicit_term_marker_in_source_record,STAGE1_5_SNAPSHOT,Allocated_Limit_for_Honble_MPs__2_.csv,107,STAGE1_5_SNAPSHOT::Allocated_Limit_for_Honble_MPs__2_.csv::row107,True
Punjab,CHARANJIT SINGH CHANNI,CHARANJIT SINGH CHANNI,JALANDHAR(SC),147000000.0,MP_CONSTITUENCY,Unknown,UNKNOWN,no_explicit_term_marker_in_source_record,STAGE1_5_SNAPSHOT,Allocated_Limit_for_Honble_MPs__2_.csv,108,STAGE1_5_SNAPSHOT::Allocated_Limit_for_Honble_MPs__2_.csv::row108,True
Maharashtra,CHAVAN VASANTRAO BALWANTRAO,CHAVAN VASANTRAO BALWANTRAO,NANDED,,MP_CONSTITUENCY,Unknown,UNKNOWN,no_explicit_term_marker_in_source_record,STAGE1_5_SNAPSHOT,Allocated_Limit_for_Honble_MPs__2_.csv,109,STAGE1_5_SNAPSHOT::Allocated_Limit_for_Honble_MPs__2_.csv::row109,True
Uttar Pradesh,CHHATRA PAL SINGH GANGWAR,CHHATRA PAL SINGH GANGWAR,BAREILLY,147000000.0,MP_CONSTITUENCY,Unknown,UNKNOWN,no_explicit_term_marker_in_source_record,STAGE1_5_SNAPSHOT,Allocated_Limit_for_Honble_MPs__2_.csv,110,STAGE1_5_SNAPSHOT::Allocated_Limit_for_Honble_MPs__2_.csv::row110,True
Maharashtra,CHHATRAPATI SHAHU SHAHAJI,CHHATRAPATI SHAHU SHAHAJI,KOLHAPUR,147000000.0,MP_CONSTITUENCY,Unknown,UNKNOWN,no_explicit_term_marker_in_source_record,STAGE1_5_SNAPSHOT,Allocated_Limit_for_Honble_MPs__2_.csv,111,STAGE1_5_SNAPSHOT::Allocated_Limit_for_Honble_MPs__2_.csv::row111,True
Uttar Pradesh,CHHOTELAL,CHHOTELAL,ROBERTSGANJ(SC),147000000.0,MP_CONSTITUENCY,Unknown,UNKNOWN,no_explicit_term_marker_in_source_record,STAGE1_5_SNAPSHOT,Allocated_Limit_for_Honble_MPs__2_.csv,112,STAGE1_5_SNAPSHOT::Allocated_Limit_for_Honble_MPs__2_.csv::row112,True
Chhattisgarh,CHINTAMANI MAHARAJ,CHINTAMANI MAHARAJ,SARGUJA(ST),147000000.0,MP_CONSTITUENCY,Unknown,UNKNOWN,no_explicit_term_marker_in_source_record,STAGE1_5_SNAPSHOT,Allocated_Limit_for_Honble_MPs__2_.csv,113,STAGE1_5_SNAPSHOT::Allocated_Limit_for_Honble_MPs__2_.csv::row113,True
Bihar,CHIRAG PASWAN,CHIRAG PASWAN,HAJIPUR(SC),147000000.0,MP_CONSTITUENCY,Unknown,UNKNOWN,no_explicit_term_marker_in_source_record,STAGE1_5_SNAPSHOT,Allocated_Limit_for_Honble_MPs__2_.csv,114,STAGE1_5_SNAPSHOT::Allocated_Limit_for_Honble_MPs__2_.csv::row114,True
Tamil Nadu,CN Annadurai,CN Annadurai,TIRUVANNAMALAI,148579509.11,MP_CONSTITUENCY,Unknown,UNKNOWN,no_explicit_term_marker_in_source_record,STAGE1_5_SNAPSHOT,Allocated_Limit_for_Honble_MPs__2_.csv,115,STAGE1_5_SNAPSHOT::Allocated_Limit_for_Honble_MPs__2_.csv::row115,True
Tamil Nadu,D M Kathir Anand,D M Kathir Anand,VELLORE,160196941.11,MP_CONSTITUENCY,Unknown,UNKNOWN,no_explicit_term_marker_in_source_record,STAGE1_5_SNAPSHOT,Allocated_Limit_for_Honble_MPs__2_.csv,116,STAGE1_5_SNAPSHOT::Allocated_Limit_for_Honble_MPs__2_.csv::row116,True
Tamil Nadu,D Ravikumar,D Ravikumar,VILUPPURAM(SC),197598306.11,MP_CONSTITUENCY,Unknown,UNKNOWN,no_explicit_term_marker_in_source_record,STAGE1_5_SNAPSHOT,Allocated_Limit_for_Honble_MPs__2_.csv,117,STAGE1_5_SNAPSHOT::Allocated_Limit_for_Honble_MPs__2_.csv::row117,True
Andhra Pradesh,Daggubati Purandeshwari,Daggubati Purandeshwari,RAJAHMUNDRY,147000000.0,MP_CONSTITUENCY,Unknown,UNKNOWN,no_explicit_term_marker_in_source_record,STAGE1_5_SNAPSHOT,Allocated_Limit_for_Honble_MPs__2_.csv,118,STAGE1_5_SNAPSHOT::Allocated_Limit_for_Honble_MPs__2_.csv::row118,True
Andhra Pradesh,DAGGUMALLA PRASADA RAO,DAGGUMALLA PRASADA RAO,CHITTOOR,147000000.0,MP_CONSTITUENCY,Unknown,UNKNOWN,no_explicit_term_marker_in_source_record,STAGE1_5_SNAPSHOT,Allocated_Limit_for_Honble_MPs__2_.csv,119,STAGE1_5_SNAPSHOT::Allocated_Limit_for_Honble_MPs__2_.csv::row119,True
Rajasthan,DAMODAR AGARWAL,DAMODAR AGARWAL,BHILWARA,147000000.0,MP_CONSTITUENCY,Unknown,UNKNOWN,no_explicit_term_marker_in_source_record,STAGE1_5_SNAPSHOT,Allocated_Limit_for_Honble_MPs__2_.csv,120,STAGE1_5_SNAPSHOT::Allocated_Limit_for_Honble_MPs__2_.csv::row120,True
Uttar Pradesh,DAROGA PRASAD SAROJ,DAROGA PRASAD SAROJ,LALGANJ (SC),147000000.0,MP_CONSTITUENCY,Unknown,UNKNOWN,no_explicit_term_marker_in_source_record,STAGE1_5_SNAPSHOT,Allocated_Limit_for_Honble_MPs__2_.csv,121,STAGE1_5_SNAPSHOT::Allocated_Limit_for_Honble_MPs__2_.csv::row121,True
Madhya Pradesh,DARSHAN SINGH CHOUDHARY,DARSHAN SINGH CHOUDHARY,HOSHANGABAD,147000000.0,MP_CONSTITUENCY,Unknown,UNKNOWN,no_explicit_term_marker_in_source_record,STAGE1_5_SNAPSHOT,Allocated_Limit_for_Honble_MPs__2_.csv,122,STAGE1_5_SNAPSHOT::Allocated_Limit_for_Honble_MPs__2_.csv::row122,True
Haryana,DEEPENDER SINGH HOODA,DEEPENDER SINGH HOODA,ROHTAK,147000000.0,MP_CONSTITUENCY,Unknown,UNKNOWN,no_explicit_term_marker_in_source_record,STAGE1_5_SNAPSHOT,Allocated_Limit_for_Honble_MPs__2_.csv,123,STAGE1_5_SNAPSHOT::Allocated_Limit_for_Honble_MPs__2_.csv::row123,True
Uttar Pradesh,Devendra Alias Bhole Singh,Devendra Alias Bhole Singh,AKBARPUR,147000000.0,MP_CONSTITUENCY,Unknown,UNKNOWN,no_explicit_term_marker_in_source_record,STAGE1_5_SNAPSHOT,Allocated_Limit_for_Honble_MPs__2_.csv,124,STAGE1_5_SNAPSHOT::Allocated_Limit_for_Honble_MPs__2_.csv::row124,True
Bihar,DEVESH CHANDRA THAKUR,DEVESH CHANDRA THAKUR,SITAMARHI,163809205.11,MP_CONSTITUENCY,Unknown,UNKNOWN,no_explicit_term_marker_in_source_record,STAGE1_5_SNAPSHOT,Allocated_Limit_for_Honble_MPs__2_.csv,125,STAGE1_5_SNAPSHOT::Allocated_Limit_for_Honble_MPs__2_.csv::row125,True
Uttar Pradesh,DEVESH SHAKYA,DEVESH SHAKYA,ETAH,147000000.0,MP_CONSTITUENCY,Unknown,UNKNOWN,no_explicit_term_marker_in_source_record,STAGE1_5_SNAPSHOT,Allocated_Limit_for_Honble_MPs__2_.csv,126,STAGE1_5_SNAPSHOT::Allocated_Limit_for_Honble_MPs__2_.csv::row126,True
Gujarat,Devusinh Jesingbhai Chauhan,Devusinh Jesingbhai Chauhan,KHEDA,147000000.0,MP_CONSTITUENCY,Unknown,UNKNOWN,no_explicit_term_marker_in_source_record,STAGE1_5_SNAPSHOT,Allocated_Limit_for_Honble_MPs__2_.csv,127,STAGE1_5_SNAPSHOT::Allocated_Limit_for_Honble_MPs__2_.csv::row127,True
Maharashtra,Dhairyasheel Sambhajirao Mane,Dhairyasheel Sambhajirao Mane,HATKANANGLE,147000000.0,MP_CONSTITUENCY,Unknown,UNKNOWN,no_explicit_term_marker_in_source_record,STAGE1_5_SNAPSHOT,Allocated_Limit_for_Honble_MPs__2_.csv,128,STAGE1_5_SNAPSHOT::Allocated_Limit_for_Honble_MPs__2_.csv::row128,True
Maharashtra,DHANORKAR PRATIBHA SURESH ALIAS BALUBHAU,DHANORKAR PRATIBHA SURESH ALIAS BALUBHAU,CHANDRAPUR,147000000.0,MP_CONSTITUENCY,Unknown,UNKNOWN,no_explicit_term_marker_in_source_record,STAGE1_5_SNAPSHOT,Allocated_Limit_for_Honble_MPs__2_.csv,129,STAGE1_5_SNAPSHOT::Allocated_Limit_for_Honble_MPs__2_.csv::row129,True
Odisha,DHARMENDRA PRADHAN,DHARMENDRA PRADHAN,SAMBALPUR,147000000.0,MP_CONSTITUENCY,Unknown,UNKNOWN,no_explicit_term_marker_in_source_record,STAGE1_5_SNAPSHOT,Allocated_Limit_for_Honble_MPs__2_.csv,130,STAGE1_5_SNAPSHOT::Allocated_Limit_for_Honble_MPs__2_.csv::row130,True
Uttar Pradesh,DHARMENDRA YADAV,DHARMENDRA YADAV,AZAMGARH,147000000.0,MP_CONSTITUENCY,Unknown,UNKNOWN,no_explicit_term_marker_in_source_record,STAGE1_5_SNAPSHOT,Allocated_Limit_for_Honble_MPs__2_.csv,131,STAGE1_5_SNAPSHOT::Allocated_Limit_for_Honble_MPs__2_.csv::row131,True
Gujarat,DHAVAL LAXMANBHAI PATEL,DHAVAL LAXMANBHAI PATEL,VALSAD(ST),147000000.0,MP_CONSTITUENCY,Unknown,UNKNOWN,no_explicit_term_marker_in_source_record,STAGE1_5_SNAPSHOT,Allocated_Limit_for_Honble_MPs__2_.csv,132,STAGE1_5_SNAPSHOT::Allocated_Limit_for_Honble_MPs__2_.csv::row132,True
Bihar,Dileshwar Kamait,Dileshwar Kamait,SUPAUL,150450930.89,MP_CONSTITUENCY,Unknown,UNKNOWN,no_explicit_term_marker_in_source_record,STAGE1_5_SNAPSHOT,Allocated_Limit_for_Honble_MPs__2_.csv,133,STAGE1_5_SNAPSHOT::Allocated_Limit_for_Honble_MPs__2_.csv::row133,True
Assam,Dilip Saikia,Dilip Saikia,Darrang-Udalguri,147000000.0,MP_CONSTITUENCY,Unknown,UNKNOWN,no_explicit_term_marker_in_source_record,STAGE1_5_SNAPSHOT,Allocated_Limit_for_Honble_MPs__2_.csv,134,STAGE1_5_SNAPSHOT::Allocated_Limit_for_Honble_MPs__2_.csv::row134,True
Bihar,Dinesh Chandra Yadav,Dinesh Chandra Yadav,MADHEPURA,150070866.11,MP_CONSTITUENCY,Unknown,UNKNOWN,no_explicit_term_marker_in_source_record,STAGE1_5_SNAPSHOT,Allocated_Limit_for_Honble_MPs__2_.csv,135,STAGE1_5_SNAPSHOT::Allocated_Limit_for_Honble_MPs__2_.csv::row135,True
Gujarat,DINESHBHAI MAKWANA,DINESHBHAI MAKWANA,AHMEDABAD WEST(SC),160434965.11,MP_CONSTITUENCY,Unknown,UNKNOWN,no_explicit_term_marker_in_source_record,STAGE1_5_SNAPSHOT,Allocated_Limit_for_Honble_MPs__2_.csv,136,STAGE1_5_SNAPSHOT::Allocated_Limit_for_Honble_MPs__2_.csv::row136,True
Andhra Pradesh,DR BYREDDY SHABARI,DR BYREDDY SHABARI,NANDYAL,150675889.11,MP_CONSTITUENCY,Unknown,UNKNOWN,no_explicit_term_marker_in_source_record,STAGE1_5_SNAPSHOT,Allocated_Limit_for_Honble_MPs__2_.csv,137,STAGE1_5_SNAPSHOT::Allocated_Limit_for_Honble_MPs__2_.csv::row137,True
Karnataka,DR C N MANJUNATH,DR C N MANJUNATH,BANGALORE RURAL,147000000.0,MP_CONSTITUENCY,Unknown,UNKNOWN,no_explicit_term_marker_in_source_record,STAGE1_5_SNAPSHOT,Allocated_Limit_for_Honble_MPs__2_.csv,138,STAGE1_5_SNAPSHOT::Allocated_Limit_for_Honble_MPs__2_.csv::row138,True
Andhra Pradesh,Dr Chandra Sekhar Pemmasani,Dr Chandra Sekhar Pemmasani,GUNTUR,159774113.11,MP_CONSTITUENCY,Unknown,UNKNOWN,no_explicit_term_marker_in_source_record,STAGE1_5_SNAPSHOT,Allocated_Limit_for_Honble_MPs__2_.csv,139,STAGE1_5_SNAPSHOT::Allocated_Limit_for_Honble_MPs__2_.csv::row139,True
Punjab,DR DHARAMVIRA GANDHI,DR DHARAMVIRA GANDHI,PATIALA,147000000.0,MP_CONSTITUENCY,Unknown,UNKNOWN,no_explicit_term_marker_in_source_record,STAGE1_5_SNAPSHOT,Allocated_Limit_for_Honble_MPs__2_.csv,140,STAGE1_5_SNAPSHOT::Allocated_Limit_for_Honble_MPs__2_.csv::row140,True
West Bengal,Dr Jayanta Kumar Roy,Dr Jayanta Kumar Roy,JALPAIGURI(SC),147000000.0,MP_CONSTITUENCY,Unknown,UNKNOWN,no_explicit_term_marker_in_source_record,STAGE1_5_SNAPSHOT,Allocated_Limit_for_Honble_MPs__2_.csv,141,STAGE1_5_SNAPSHOT::Allocated_Limit_for_Honble_MPs__2_.csv::row141,True
Maharashtra,DR KALGE SHIVAJI BANDAPPA,DR KALGE SHIVAJI BANDAPPA,LATUR(SC),147000000.0,MP_CONSTITUENCY,Unknown,UNKNOWN,no_explicit_term_marker_in_source_record,STAGE1_5_SNAPSHOT,Allocated_Limit_for_Honble_MPs__2_.csv,142,STAGE1_5_SNAPSHOT::Allocated_Limit_for_Honble_MPs__2_.csv::row142,True
Bihar,Dr Mohammad Jawed,Dr Mohammad Jawed,KISHANGANJ,148669229.11,MP_CONSTITUENCY,Unknown,UNKNOWN,no_explicit_term_marker_in_source_record,STAGE1_5_SNAPSHOT,Allocated_Limit_for_Honble_MPs__2_.csv,143,STAGE1_5_SNAPSHOT::Allocated_Limit_for_Honble_MPs__2_.csv::row143,True
Uttar Pradesh,DR RAJKUMAR SANGWAN,DR RAJKUMAR SANGWAN,BAGHPAT,147000000.0,MP_CONSTITUENCY,Unknown,UNKNOWN,no_explicit_term_marker_in_source_record,STAGE1_5_SNAPSHOT,Allocated_Limit_for_Honble_MPs__2_.csv,144,STAGE1_5_SNAPSHOT::Allocated_Limit_for_Honble_MPs__2_.csv::row144,True
Tamil Nadu,DR RANI SRI KUMAR,DR RANI SRI KUMAR,TENKASI(SC),153060922.82,MP_CONSTITUENCY,Unknown,UNKNOWN,no_explicit_term_marker_in_source_record,STAGE1_5_SNAPSHOT,Allocated_Limit_for_Honble_MPs__2_.csv,145,STAGE1_5_SNAPSHOT::Allocated_Limit_for_Honble_MPs__2_.csv::row145,True
Kerala,Dr Shashi Tharoor,Dr Shashi Tharoor,THIRUVANANTHAPURAM,147000000.0,MP_CONSTITUENCY,Unknown,UNKNOWN,no_explicit_term_marker_in_source_record,STAGE1_5_SNAPSHOT,Allocated_Limit_for_Honble_MPs__2_.csv,146,STAGE1_5_SNAPSHOT::Allocated_Limit_for_Honble_MPs__2_.csv::row146,True
West Bengal,Dr Sukanta Majumdar,Dr Sukanta Majumdar,BALURGHAT,157085364.9,MP_CONSTITUENCY,Unknown,UNKNOWN,no_explicit_term_marker_in_source_record,STAGE1_5_SNAPSHOT,Allocated_Limit_for_Honble_MPs__2_.csv,147,STAGE1_5_SNAPSHOT::Allocated_Limit_for_Honble_MPs__2_.csv::row147,True
Gujarat,DR. HEMANG JOSHI,DR. HEMANG JOSHI,VADODARA,147000000.0,MP_CONSTITUENCY,Unknown,UNKNOWN,no_explicit_term_marker_in_source_record,STAGE1_5_SNAPSHOT,Allocated_Limit_for_Honble_MPs__2_.csv,148,STAGE1_5_SNAPSHOT::Allocated_Limit_for_Honble_MPs__2_.csv::row148,True
Maharashtra,DR. HEMANT VISHNU SAVARA,DR. HEMANT VISHNU SAVARA,PALGHAR(ST),147000000.0,MP_CONSTITUENCY,Unknown,UNKNOWN,no_explicit_term_marker_in_source_record,STAGE1_5_SNAPSHOT,Allocated_Limit_for_Honble_MPs__2_.csv,149,STAGE1_5_SNAPSHOT::Allocated_Limit_for_Honble_MPs__2_.csv::row149,True
Maharashtra,DR. KIRSAN NAMDEO,DR. KIRSAN NAMDEO,GADCHIROLI-CHIMUR(ST),147000000.0,MP_CONSTITUENCY,Unknown,UNKNOWN,no_explicit_term_marker_in_source_record,STAGE1_5_SNAPSHOT,Allocated_Limit_for_Honble_MPs__2_.csv,150,STAGE1_5_SNAPSHOT::Allocated_Limit_for_Honble_MPs__2_.csv::row150,True
Madhya Pradesh,DR. LATA WANKHEDE,DR. LATA WANKHEDE,SAGAR,147000000.0,MP_CONSTITUENCY,Unknown,UNKNOWN,no_explicit_term_marker_in_source_record,STAGE1_5_SNAPSHOT,Allocated_Limit_for_Honble_MPs__2_.csv,151,STAGE1_5_SNAPSHOT::Allocated_Limit_for_Honble_MPs__2_.csv::row151,True
Kerala,DR. M.P ABDUSSAMAD SAMADANI,DR. M.P ABDUSSAMAD SAMADANI,PONNANI,170434031.11,MP_CONSTITUENCY,Unknown,UNKNOWN,no_explicit_term_marker_in_source_record,STAGE1_5_SNAPSHOT,Allocated_Limit_for_Honble_MPs__2_.csv,152,STAGE1_5_SNAPSHOT::Allocated_Limit_for_Honble_MPs__2_.csv::row152,True
Gujarat,DR. MANSUKH MANDAVIYA,DR. MANSUKH MANDAVIYA,PORBANDAR,147000000.0,MP_CONSTITUENCY,Unknown,UNKNOWN,no_explicit_term_marker_in_source_record,STAGE1_5_SNAPSHOT,Allocated_Limit_for_Honble_MPs__2_.csv,153,STAGE1_5_SNAPSHOT::Allocated_Limit_for_Honble_MPs__2_.csv::row153,True
Karnataka,DR. PRABHA MALLIKARJUN,DR. PRABHA MALLIKARJUN,DAVANAGERE,147000000.0,MP_CONSTITUENCY,Unknown,UNKNOWN,no_explicit_term_marker_in_source_record,STAGE1_5_SNAPSHOT,Allocated_Limit_for_Honble_MPs__2_.csv,154,STAGE1_5_SNAPSHOT::Allocated_Limit_for_Honble_MPs__2_.csv::row154,True
Odisha,DR. PRADEEP KUMAR PANIGRAHY,DR. PRADEEP KUMAR PANIGRAHY,BERHAMPUR,147000000.0,MP_CONSTITUENCY,Unknown,UNKNOWN,no_explicit_term_marker_in_source_record,STAGE1_5_SNAPSHOT,Allocated_Limit_for_Honble_MPs__2_.csv,155,STAGE1_5_SNAPSHOT::Allocated_Limit_for_Honble_MPs__2_.csv::row155,True
Maharashtra,DR. PRASHANT YADAORAO PADOLE,DR. PRASHANT YADAORAO PADOLE,BHANDARA-GONDIYA,159680283.39,MP_CONSTITUENCY,Unknown,UNKNOWN,no_explicit_term_marker_in_source_record,STAGE1_5_SNAPSHOT,Allocated_Limit_for_Honble_MPs__2_.csv,156,STAGE1_5_SNAPSHOT::Allocated_Limit_for_Honble_MPs__2_.csv::row156,True
Punjab,DR. RAJ KUMAR CHABBEWAL,DR. RAJ KUMAR CHABBEWAL,HOSHIARPUR(SC),147000000.0,MP_CONSTITUENCY,Unknown,UNKNOWN,no_explicit_term_marker_in_source_record,STAGE1_5_SNAPSHOT,Allocated_Limit_for_Honble_MPs__2_.csv,157,STAGE1_5_SNAPSHOT::Allocated_Limit_for_Honble_MPs__2_.csv::row157,True
Madhya Pradesh,DR. RAJESH MISHRA,DR. RAJESH MISHRA,SIDHI,262724510.35,MP_CONSTITUENCY,Unknown,UNKNOWN,no_explicit_term_marker_in_source_record,STAGE1_5_SNAPSHOT,Allocated_Limit_for_Honble_MPs__2_.csv,158,STAGE1_5_SNAPSHOT::Allocated_Limit_for_Honble_MPs__2_.csv::row158,True
Uttar Pradesh,DR. S P SINGH,DR. S P SINGH,PRATAPGARH,147000000.0,MP_CONSTITUENCY,Unknown,UNKNOWN,no_explicit_term_marker_in_source_record,STAGE1_5_SNAPSHOT,Allocated_Limit_for_Honble_MPs__2_.csv,159,STAGE1_5_SNAPSHOT::Allocated_Limit_for_Honble_MPs__2_.csv::row159,True
West Bengal,DR. SHARMILA SARKAR,DR. SHARMILA SARKAR,BARDHAMAN PURBA(SC),147000000.0,MP_CONSTITUENCY,Unknown,UNKNOWN,no_explicit_term_marker_in_source_record,STAGE1_5_SNAPSHOT,Allocated_Limit_for_Honble_MPs__2_.csv,160,STAGE1_5_SNAPSHOT::Allocated_Limit_for_Honble_MPs__2_.csv::row160,True
Karnataka,DR.K.SUDHAKAR,DR.K.SUDHAKAR,CHIKBALLAPUR,147000000.0,MP_CONSTITUENCY,Unknown,UNKNOWN,no_explicit_term_marker_in_source_record,STAGE1_5_SNAPSHOT,Allocated_Limit_for_Honble_MPs__2_.csv,161,STAGE1_5_SNAPSHOT::Allocated_Limit_for_Honble_MPs__2_.csv::row161,True
Telangana,DR.MALLU RAVI,DR.MALLU RAVI,NAGARKURNOOL(SC),147000000.0,MP_CONSTITUENCY,Unknown,UNKNOWN,no_explicit_term_marker_in_source_record,STAGE1_5_SNAPSHOT,Allocated_Limit_for_Honble_MPs__2_.csv,162,STAGE1_5_SNAPSHOT::Allocated_Limit_for_Honble_MPs__2_.csv::row162,True
Jharkhand,DULU MAHATO,DULU MAHATO,DHANBAD,147000000.0,MP_CONSTITUENCY,Unknown,UNKNOWN,no_explicit_term_marker_in_source_record,STAGE1_5_SNAPSHOT,Allocated_Limit_for_Honble_MPs__2_.csv,163,STAGE1_5_SNAPSHOT::Allocated_Limit_for_Honble_MPs__2_.csv::row163,True
Tamil Nadu,DURAI VAIKO,DURAI VAIKO,TIRUCHIRAPPALLI,147000000.0,MP_CONSTITUENCY,Unknown,UNKNOWN,no_explicit_term_marker_in_source_record,STAGE1_5_SNAPSHOT,Allocated_Limit_for_Honble_MPs__2_.csv,164,STAGE1_5_SNAPSHOT::Allocated_Limit_for_Honble_MPs__2_.csv::row164,True
Madhya Pradesh,Durga Das Uikey,Durga Das Uikey,BETUL(ST),151569502.91,MP_CONSTITUENCY,Unknown,UNKNOWN,no_explicit_term_marker_in_source_record,STAGE1_5_SNAPSHOT,Allocated_Limit_for_Honble_MPs__2_.csv,165,STAGE1_5_SNAPSHOT::Allocated_Limit_for_Honble_MPs__2_.csv::row165,True
Rajasthan,Dushyant Singh,Dushyant Singh,JHALAWAR-BARAN,147000000.0,MP_CONSTITUENCY,Unknown,UNKNOWN,no_explicit_term_marker_in_source_record,STAGE1_5_SNAPSHOT,Allocated_Limit_for_Honble_MPs__2_.csv,166,STAGE1_5_SNAPSHOT::Allocated_Limit_for_Honble_MPs__2_.csv::row166,True
Karnataka,E. TUKARAM,E. TUKARAM,BELLARY(ST),147000000.0,MP_CONSTITUENCY,Unknown,UNKNOWN,no_explicit_term_marker_in_source_record,STAGE1_5_SNAPSHOT,Allocated_Limit_for_Honble_MPs__2_.csv,167,STAGE1_5_SNAPSHOT::Allocated_Limit_for_Honble_MPs__2_.csv::row167,True
Kerala,E.T. MOHAMMED BASHEER,E.T. MOHAMMED BASHEER,MALAPPURAM,163895872.11,MP_CONSTITUENCY,Unknown,UNKNOWN,no_explicit_term_marker_in_source_record,STAGE1_5_SNAPSHOT,Allocated_Limit_for_Honble_MPs__2_.csv,168,STAGE1_5_SNAPSHOT::Allocated_Limit_for_Honble_MPs__2_.csv::row168,True
Telangana,EATALA RAJENDER,EATALA RAJENDER,MALKAJGIRI,327477390.86,MP_CONSTITUENCY,Unknown,UNKNOWN,no_explicit_term_marker_in_source_record,STAGE1_5_SNAPSHOT,Allocated_Limit_for_Honble_MPs__2_.csv,169,STAGE1_5_SNAPSHOT::Allocated_Limit_for_Honble_MPs__2_.csv::row169,True
Tamil Nadu,ESWARASAMY K,ESWARASAMY K,POLLACHI,162315106.11,MP_CONSTITUENCY,Unknown,UNKNOWN,no_explicit_term_marker_in_source_record,STAGE1_5_SNAPSHOT,Allocated_Limit_for_Honble_MPs__2_.csv,170,STAGE1_5_SNAPSHOT::Allocated_Limit_for_Honble_MPs__2_.csv::row170,True
Madhya Pradesh,Faggan Singh Kulaste,Faggan Singh Kulaste,MANDLA(ST),151861648.41,MP_CONSTITUENCY,Unknown,UNKNOWN,no_explicit_term_marker_in_source_record,STAGE1_5_SNAPSHOT,Allocated_Limit_for_Honble_MPs__2_.csv,171,STAGE1_5_SNAPSHOT::Allocated_Limit_for_Honble_MPs__2_.csv::row171,True
Karnataka,G. KUMAR NAIK,G. KUMAR NAIK,RAICHUR(ST),147000000.0,MP_CONSTITUENCY,Unknown,UNKNOWN,no_explicit_term_marker_in_source_record,STAGE1_5_SNAPSHOT,Allocated_Limit_for_Honble_MPs__2_.csv,172,STAGE1_5_SNAPSHOT::Allocated_Limit_for_Honble_MPs__2_.csv::row172,True
Maharashtra,GAIKWAD VARSHA EKNATH,GAIKWAD VARSHA EKNATH,MUMBAI NORTH-CENTRAL,147000000.0,MP_CONSTITUENCY,Unknown,UNKNOWN,no_explicit_term_marker_in_source_record,STAGE1_5_SNAPSHOT,Allocated_Limit_for_Honble_MPs__2_.csv,173,STAGE1_5_SNAPSHOT::Allocated_Limit_for_Honble_MPs__2_.csv::row173,True
Madhya Pradesh,Gajendra Singh Patel,Gajendra Singh Patel,KHARGONE(ST),147000000.0,MP_CONSTITUENCY,Unknown,UNKNOWN,no_explicit_term_marker_in_source_record,STAGE1_5_SNAPSHOT,Allocated_Limit_for_Honble_MPs__2_.csv,174,STAGE1_5_SNAPSHOT::Allocated_Limit_for_Honble_MPs__2_.csv::row174,True
Rajasthan,Gajendra Singh Shekhawat,Gajendra Singh Shekhawat,JODHPUR,147000000.0,MP_CONSTITUENCY,Unknown,UNKNOWN,no_explicit_term_marker_in_source_record,STAGE1_5_SNAPSHOT,Allocated_Limit_for_Honble_MPs__2_.csv,175,STAGE1_5_SNAPSHOT::Allocated_Limit_for_Honble_MPs__2_.csv::row175,True
Tamil Nadu,GANAPATHY RAJKUMAR P,GANAPATHY RAJKUMAR P,COIMBATORE,147370490.11,MP_CONSTITUENCY,Unknown,UNKNOWN,no_explicit_term_marker_in_source_record,STAGE1_5_SNAPSHOT,Allocated_Limit_for_Honble_MPs__2_.csv,176,STAGE1_5_SNAPSHOT::Allocated_Limit_for_Honble_MPs__2_.csv::row176,True
Tamil Nadu,Ganesan Selvam,Ganesan Selvam,KANCHEEPURAM(SC),186508749.11,MP_CONSTITUENCY,Unknown,UNKNOWN,no_explicit_term_marker_in_source_record,STAGE1_5_SNAPSHOT,Allocated_Limit_for_Honble_MPs__2_.csv,177,STAGE1_5_SNAPSHOT::Allocated_Limit_for_Honble_MPs__2_.csv::row177,True
Madhya Pradesh,Ganesh Singh,Ganesh Singh,SATNA,147000000.0,MP_CONSTITUENCY,Unknown,UNKNOWN,no_explicit_term_marker_in_source_record,STAGE1_5_SNAPSHOT,Allocated_Limit_for_Honble_MPs__2_.csv,178,STAGE1_5_SNAPSHOT::Allocated_Limit_for_Honble_MPs__2_.csv::row178,True
Assam,GAURAV GOGOI,GAURAV GOGOI,JORHAT,147000000.0,MP_CONSTITUENCY,Unknown,UNKNOWN,no_explicit_term_marker_in_source_record,STAGE1_5_SNAPSHOT,Allocated_Limit_for_Honble_MPs__2_.csv,179,STAGE1_5_SNAPSHOT::Allocated_Limit_for_Honble_MPs__2_.csv::row179,True
Gujarat,GENIBEN NAGAJI THAKOR,GENIBEN NAGAJI THAKOR,BANASKANTHA,147000000.0,MP_CONSTITUENCY,Unknown,UNKNOWN,no_explicit_term_marker_in_source_record,STAGE1_5_SNAPSHOT,Allocated_Limit_for_Honble_MPs__2_.csv,180,STAGE1_5_SNAPSHOT::Allocated_Limit_for_Honble_MPs__2_.csv::row180,True
Bihar,Giridhari Yadav,Giridhari Yadav,BANKA,147000000.0,MP_CONSTITUENCY,Unknown,UNKNOWN,no_explicit_term_marker_in_source_record,STAGE1_5_SNAPSHOT,Allocated_Limit_for_Honble_MPs__2_.csv,181,STAGE1_5_SNAPSHOT::Allocated_Limit_for_Honble_MPs__2_.csv::row181,True
Bihar,Giriraj Singh,Giriraj Singh,BEGUSARAI,147000000.0,MP_CONSTITUENCY,Unknown,UNKNOWN,no_explicit_term_marker_in_source_record,STAGE1_5_SNAPSHOT,Allocated_Limit_for_Honble_MPs__2_.csv,182,STAGE1_5_SNAPSHOT::Allocated_Limit_for_Honble_MPs__2_.csv::row182,True
Andhra Pradesh,GM Harish Balayogi,GM Harish Balayogi,AMALAPURAM(SC),147000000.0,MP_CONSTITUENCY,Unknown,UNKNOWN,no_explicit_term_marker_in_source_record,STAGE1_5_SNAPSHOT,Allocated_Limit_for_Honble_MPs__2_.csv,183,STAGE1_5_SNAPSHOT::Allocated_Limit_for_Honble_MPs__2_.csv::row183,True
Telangana,GODAM NAGESH,GODAM NAGESH,ADILABAD(ST),147000000.0,MP_CONSTITUENCY,Unknown,UNKNOWN,no_explicit_term_marker_in_source_record,STAGE1_5_SNAPSHOT,Allocated_Limit_for_Honble_MPs__2_.csv,184,STAGE1_5_SNAPSHOT::Allocated_Limit_for_Honble_MPs__2_.csv::row184,True
Tamil Nadu,GOPINATH K,GOPINATH K,KRISHNAGIRI,147000000.0,MP_CONSTITUENCY,Unknown,UNKNOWN,no_explicit_term_marker_in_source_record,STAGE1_5_SNAPSHOT,Allocated_Limit_for_Honble_MPs__2_.csv,185,STAGE1_5_SNAPSHOT::Allocated_Limit_for_Honble_MPs__2_.csv::row185,True
Karnataka,GOVIND MAKTHAPPA KARJOL,GOVIND MAKTHAPPA KARJOL,CHITRADURGA(SC),147000000.0,MP_CONSTITUENCY,Unknown,UNKNOWN,no_explicit_term_marker_in_source_record,STAGE1_5_SNAPSHOT,Allocated_Limit_for_Honble_MPs__2_.csv,186,STAGE1_5_SNAPSHOT::Allocated_Limit_for_Honble_MPs__2_.csv::row186,True
Andhra Pradesh,Gumma Thanuja Rani,Gumma Thanuja Rani,ARAKU(ST),149458905.11,MP_CONSTITUENCY,Unknown,UNKNOWN,no_explicit_term_marker_in_source_record,STAGE1_5_SNAPSHOT,Allocated_Limit_for_Honble_MPs__2_.csv,187,STAGE1_5_SNAPSHOT::Allocated_Limit_for_Honble_MPs__2_.csv::row187,True
Punjab,GURMEET SINGH MEET HAYER,GURMEET SINGH MEET HAYER,SANGRUR,147000000.0,MP_CONSTITUENCY,Unknown,UNKNOWN,no_explicit_term_marker_in_source_record,STAGE1_5_SNAPSHOT,Allocated_Limit_for_Honble_MPs__2_.csv,188,STAGE1_5_SNAPSHOT::Allocated_Limit_for_Honble_MPs__2_.csv::row188,True
Madhya Pradesh,Gyaneshwar Patil,Gyaneshwar Patil,KHANDWA,155690684.77,MP_CONSTITUENCY,Unknown,UNKNOWN,no_explicit_term_marker_in_source_record,STAGE1_5_SNAPSHOT,Allocated_Limit_for_Honble_MPs__2_.csv,189,STAGE1_5_SNAPSHOT::Allocated_Limit_for_Honble_MPs__2_.csv::row189,True
Karnataka,H.D. KUMARASWAMY,H.D. KUMARASWAMY,MANDYA,147000000.0,MP_CONSTITUENCY,Unknown,UNKNOWN,no_explicit_term_marker_in_source_record,STAGE1_5_SNAPSHOT,Allocated_Limit_for_Honble_MPs__2_.csv,190,STAGE1_5_SNAPSHOT::Allocated_Limit_for_Honble_MPs__2_.csv::row190,True
Uttar Pradesh,HARENDRA SINGH MALIK,HARENDRA SINGH MALIK,MUZAFFARNAGAR,147000000.0,MP_CONSTITUENCY,Unknown,UNKNOWN,no_explicit_term_marker_in_source_record,STAGE1_5_SNAPSHOT,Allocated_Limit_for_Honble_MPs__2_.csv,191,STAGE1_5_SNAPSHOT::Allocated_Limit_for_Honble_MPs__2_.csv::row191,True
Gujarat,HARIBHAI PATEL,HARIBHAI PATEL,MAHESANA,147000000.0,MP_CONSTITUENCY,Unknown,UNKNOWN,no_explicit_term_marker_in_source_record,STAGE1_5_SNAPSHOT,Allocated_Limit_for_Honble_MPs__2_.csv,192,STAGE1_5_SNAPSHOT::Allocated_Limit_for_Honble_MPs__2_.csv::row192,True
Rajasthan,HARISH CHANDRA MEENA,HARISH CHANDRA MEENA,TONK-SAWAI MADHOPUR,147000000.0,MP_CONSTITUENCY,Unknown,UNKNOWN,no_explicit_term_marker_in_source_record,STAGE1_5_SNAPSHOT,Allocated_Limit_for_Honble_MPs__2_.csv,193,STAGE1_5_SNAPSHOT::Allocated_Limit_for_Honble_MPs__2_.csv::row193,True
Delhi,Harsh Malhotra,Harsh Malhotra,EAST DELHI,147134131.0,MP_CONSTITUENCY,Unknown,UNKNOWN,no_explicit_term_marker_in_source_record,STAGE1_5_SNAPSHOT,Allocated_Limit_for_Honble_MPs__2_.csv,194,STAGE1_5_SNAPSHOT::Allocated_Limit_for_Honble_MPs__2_.csv::row194,True
Gujarat,Hasmukh Bhai Soma Bhai Patel,Hasmukh Bhai Soma Bhai Patel,AHMEDABAD EAST,147000000.0,MP_CONSTITUENCY,Unknown,UNKNOWN,no_explicit_term_marker_in_source_record,STAGE1_5_SNAPSHOT,Allocated_Limit_for_Honble_MPs__2_.csv,195,STAGE1_5_SNAPSHOT::Allocated_Limit_for_Honble_MPs__2_.csv::row195,True
Uttar Pradesh,IMRAN MASOOD,IMRAN MASOOD,SAHARANPUR,147000000.0,MP_CONSTITUENCY,Unknown,UNKNOWN,no_explicit_term_marker_in_source_record,STAGE1_5_SNAPSHOT,Allocated_Limit_for_Honble_MPs__2_.csv,196,STAGE1_5_SNAPSHOT::Allocated_Limit_for_Honble_MPs__2_.csv::row196,True
Sikkim,Indra Hang Subba,Indra Hang Subba,SIKKIM,152003923.11,MP_CONSTITUENCY,Unknown,UNKNOWN,no_explicit_term_marker_in_source_record,STAGE1_5_SNAPSHOT,Allocated_Limit_for_Honble_MPs__2_.csv,197,STAGE1_5_SNAPSHOT::Allocated_Limit_for_Honble_MPs__2_.csv::row197,True
Uttar Pradesh,IQRA CHOUDHARY,IQRA CHOUDHARY,KAIRANA,147000000.0,MP_CONSTITUENCY,Unknown,UNKNOWN,no_explicit_term_marker_in_source_record,STAGE1_5_SNAPSHOT,Allocated_Limit_for_Honble_MPs__2_.csv,198,STAGE1_5_SNAPSHOT::Allocated_Limit_for_Honble_MPs__2_.csv::row198,True
West Bengal,ISHA KHAN CHOUDHURY,ISHA KHAN CHOUDHURY,MALDAHA DAKSHIN,147000000.0,MP_CONSTITUENCY,Unknown,UNKNOWN,no_explicit_term_marker_in_source_record,STAGE1_5_SNAPSHOT,Allocated_Limit_for_Honble_MPs__2_.csv,199,STAGE1_5_SNAPSHOT::Allocated_Limit_for_Honble_MPs__2_.csv::row199,True
West Bengal,JAGADISH CHANDRA BARMA BASUNIA,JAGADISH CHANDRA BARMA BASUNIA,COOCHBEHAR(SC),168604641.11,MP_CONSTITUENCY,Unknown,UNKNOWN,no_explicit_term_marker_in_source_record,STAGE1_5_SNAPSHOT,Allocated_Limit_for_Honble_MPs__2_.csv,200,STAGE1_5_SNAPSHOT::Allocated_Limit_for_Honble_MPs__2_.csv::row200,True
Karnataka,JAGADISH SHETTAR,JAGADISH SHETTAR,BELGAUM,147000000.0,MP_CONSTITUENCY,Unknown,UNKNOWN,no_explicit_term_marker_in_source_record,STAGE1_5_SNAPSHOT,Allocated_Limit_for_Honble_MPs__2_.csv,201,STAGE1_5_SNAPSHOT::Allocated_Limit_for_Honble_MPs__2_.csv::row201,True
West Bengal,Jagannath Sarkar,Jagannath Sarkar,RANAGHAT(SC),147000000.0,MP_CONSTITUENCY,Unknown,UNKNOWN,no_explicit_term_marker_in_source_record,STAGE1_5_SNAPSHOT,Allocated_Limit_for_Honble_MPs__2_.csv,202,STAGE1_5_SNAPSHOT::Allocated_Limit_for_Honble_MPs__2_.csv::row202,True
Uttar Pradesh,Jagdambika Pal,Jagdambika Pal,DOMARIYAGANJ,160643957.11,MP_CONSTITUENCY,Unknown,UNKNOWN,no_explicit_term_marker_in_source_record,STAGE1_5_SNAPSHOT,Allocated_Limit_for_Honble_MPs__2_.csv,203,STAGE1_5_SNAPSHOT::Allocated_Limit_for_Honble_MPs__2_.csv::row203,True
Haryana,JAI PARKASH,JAI PARKASH,HISAR,147000000.0,MP_CONSTITUENCY,Unknown,UNKNOWN,no_explicit_term_marker_in_source_record,STAGE1_5_SNAPSHOT,Allocated_Limit_for_Honble_MPs__2_.csv,204,STAGE1_5_SNAPSHOT::Allocated_Limit_for_Honble_MPs__2_.csv::row204,True
Uttar Pradesh,Jai Prakash,Jai Prakash,HARDOI (SC),147000000.0,MP_CONSTITUENCY,Unknown,UNKNOWN,no_explicit_term_marker_in_source_record,STAGE1_5_SNAPSHOT,Allocated_Limit_for_Honble_MPs__2_.csv,205,STAGE1_5_SNAPSHOT::Allocated_Limit_for_Honble_MPs__2_.csv::row205,True
Madhya Pradesh,Janardan Mishra,Janardan Mishra,REWA,147000000.0,MP_CONSTITUENCY,Unknown,UNKNOWN,no_explicit_term_marker_in_source_record,STAGE1_5_SNAPSHOT,Allocated_Limit_for_Honble_MPs__2_.csv,206,STAGE1_5_SNAPSHOT::Allocated_Limit_for_Honble_MPs__2_.csv::row206,True
Gujarat,JASHUBHAI BHILUBHAI RATHVA,JASHUBHAI BHILUBHAI RATHVA,CHHOTA UDAIPUR(ST),147000000.0,MP_CONSTITUENCY,Unknown,UNKNOWN,no_explicit_term_marker_in_source_record,STAGE1_5_SNAPSHOT,Allocated_Limit_for_Honble_MPs__2_.csv,207,STAGE1_5_SNAPSHOT::Allocated_Limit_for_Honble_MPs__2_.csv::row207,True
Gujarat,Jaswantsinh Sumanbhai Bhabhor,Jaswantsinh Sumanbhai Bhabhor,DAHOD(ST),147000000.0,MP_CONSTITUENCY,Unknown,UNKNOWN,no_explicit_term_marker_in_source_record,STAGE1_5_SNAPSHOT,Allocated_Limit_for_Honble_MPs__2_.csv,208,STAGE1_5_SNAPSHOT::Allocated_Limit_for_Honble_MPs__2_.csv::row208,True
Bihar,JITAN RAM MANJHI,JITAN RAM MANJHI,GAYA (SC),147000000.0,MP_CONSTITUENCY,Unknown,UNKNOWN,no_explicit_term_marker_in_source_record,STAGE1_5_SNAPSHOT,Allocated_Limit_for_Honble_MPs__2_.csv,209,STAGE1_5_SNAPSHOT::Allocated_Limit_for_Honble_MPs__2_.csv::row209,True
Uttar Pradesh,JITENDRA KUMAR DOHARE,JITENDRA KUMAR DOHARE,ETAWAH(SC),188747306.26,MP_CONSTITUENCY,Unknown,UNKNOWN,no_explicit_term_marker_in_source_record,STAGE1_5_SNAPSHOT,Allocated_Limit_for_Honble_MPs__2_.csv,210,STAGE1_5_SNAPSHOT::Allocated_Limit_for_Honble_MPs__2_.csv::row210,True
Jammu And Kashmir,Jitendra Singh,Jitendra Singh,UDHAMPUR,147000000.0,MP_CONSTITUENCY,Unknown,UNKNOWN,no_explicit_term_marker_in_source_record,STAGE1_5_SNAPSHOT,Allocated_Limit_for_Honble_MPs__2_.csv,211,STAGE1_5_SNAPSHOT::Allocated_Limit_for_Honble_MPs__2_.csv::row211,True
Uttar Pradesh,JITIN PRASADA,JITIN PRASADA,PILIBHIT,147000000.0,MP_CONSTITUENCY,Unknown,UNKNOWN,no_explicit_term_marker_in_source_record,STAGE1_5_SNAPSHOT,Allocated_Limit_for_Honble_MPs__2_.csv,212,STAGE1_5_SNAPSHOT::Allocated_Limit_for_Honble_MPs__2_.csv::row212,True
Jharkhand,JOBA MAJHI,JOBA MAJHI,SINGHBHUM(ST),147000000.0,MP_CONSTITUENCY,Unknown,UNKNOWN,no_explicit_term_marker_in_source_record,STAGE1_5_SNAPSHOT,Allocated_Limit_for_Honble_MPs__2_.csv,213,STAGE1_5_SNAPSHOT::Allocated_Limit_for_Honble_MPs__2_.csv::row213,True
Assam,JOYANTA BASUMATARY,JOYANTA BASUMATARY,KOKRAJHAR (ST),147000000.0,MP_CONSTITUENCY,Unknown,UNKNOWN,no_explicit_term_marker_in_source_record,STAGE1_5_SNAPSHOT,Allocated_Limit_for_Honble_MPs__2_.csv,214,STAGE1_5_SNAPSHOT::Allocated_Limit_for_Honble_MPs__2_.csv::row214,True
West Bengal,JUNE MALIAH,JUNE MALIAH,MEDINIPUR,147000000.0,MP_CONSTITUENCY,Unknown,UNKNOWN,no_explicit_term_marker_in_source_record,STAGE1_5_SNAPSHOT,Allocated_Limit_for_Honble_MPs__2_.csv,215,STAGE1_5_SNAPSHOT::Allocated_Limit_for_Honble_MPs__2_.csv::row215,True
Madhya Pradesh,JYOTIRADITYA M. SCINDIA,JYOTIRADITYA M. SCINDIA,GUNA,147000000.0,MP_CONSTITUENCY,Unknown,UNKNOWN,no_explicit_term_marker_in_source_record,STAGE1_5_SNAPSHOT,Allocated_Limit_for_Honble_MPs__2_.csv,216,STAGE1_5_SNAPSHOT::Allocated_Limit_for_Honble_MPs__2_.csv::row216,True
Chhattisgarh,Jyotsna Charandas Mahant,Jyotsna Charandas Mahant,KORBA,155153738.11,MP_CONSTITUENCY,Unknown,UNKNOWN,no_explicit_term_marker_in_source_record,STAGE1_5_SNAPSHOT,Allocated_Limit_for_Honble_MPs__2_.csv,217,STAGE1_5_SNAPSHOT::Allocated_Limit_for_Honble_MPs__2_.csv::row217,True
Tamil Nadu,K E PRAKASH,K E PRAKASH,ERODE,147000000.0,MP_CONSTITUENCY,Unknown,UNKNOWN,no_explicit_term_marker_in_source_record,STAGE1_5_SNAPSHOT,Allocated_Limit_for_Honble_MPs__2_.csv,218,STAGE1_5_SNAPSHOT::Allocated_Limit_for_Honble_MPs__2_.csv::row218,True
Kerala,K RADHAKRISHNAN,K RADHAKRISHNAN,ALATHUR(SC),147000000.0,MP_CONSTITUENCY,Unknown,UNKNOWN,no_explicit_term_marker_in_source_record,STAGE1_5_SNAPSHOT,Allocated_Limit_for_Honble_MPs__2_.csv,219,STAGE1_5_SNAPSHOT::Allocated_Limit_for_Honble_MPs__2_.csv::row219,True
Tamil Nadu,K Subbarayan,K Subbarayan,TIRUPPUR,147000000.0,MP_CONSTITUENCY,Unknown,UNKNOWN,no_explicit_term_marker_in_source_record,STAGE1_5_SNAPSHOT,Allocated_Limit_for_Honble_MPs__2_.csv,220,STAGE1_5_SNAPSHOT::Allocated_Limit_for_Honble_MPs__2_.csv::row220,True
Kerala,K. C VENUGOPAL,K. C VENUGOPAL,ALAPPUZHA,147000000.0,MP_CONSTITUENCY,Unknown,UNKNOWN,no_explicit_term_marker_in_source_record,STAGE1_5_SNAPSHOT,Allocated_Limit_for_Honble_MPs__2_.csv,221,STAGE1_5_SNAPSHOT::Allocated_Limit_for_Honble_MPs__2_.csv::row221,True
Karnataka,K. RAJASHEKAR BASAVARAJ HITNAL,K. RAJASHEKAR BASAVARAJ HITNAL,KOPPAL,147000000.0,MP_CONSTITUENCY,Unknown,UNKNOWN,no_explicit_term_marker_in_source_record,STAGE1_5_SNAPSHOT,Allocated_Limit_for_Honble_MPs__2_.csv,222,STAGE1_5_SNAPSHOT::Allocated_Limit_for_Honble_MPs__2_.csv::row222,True
Telangana,KADIYAM KAVYA,KADIYAM KAVYA,WARANGEL(SC),147000000.0,MP_CONSTITUENCY,Unknown,UNKNOWN,no_explicit_term_marker_in_source_record,STAGE1_5_SNAPSHOT,Allocated_Limit_for_Honble_MPs__2_.csv,223,STAGE1_5_SNAPSHOT::Allocated_Limit_for_Honble_MPs__2_.csv::row223,True
West Bengal,Kakoli Ghosh Dastidar,Kakoli Ghosh Dastidar,BARASAT,147000000.0,MP_CONSTITUENCY,Unknown,UNKNOWN,no_explicit_term_marker_in_source_record,STAGE1_5_SNAPSHOT,Allocated_Limit_for_Honble_MPs__2_.csv,224,STAGE1_5_SNAPSHOT::Allocated_Limit_for_Honble_MPs__2_.csv::row224,True
The Dadra And Nagar Haveli And Daman And Diu,Kalaben Mohanbhai Delkar,Kalaben Mohanbhai Delkar,DADRA & NAGAR HAVELI (ST),147000000.0,MP_CONSTITUENCY,Unknown,UNKNOWN,no_explicit_term_marker_in_source_record,STAGE1_5_SNAPSHOT,Allocated_Limit_for_Honble_MPs__2_.csv,225,STAGE1_5_SNAPSHOT::Allocated_Limit_for_Honble_MPs__2_.csv::row225,True
Tamil Nadu,Kalanidhi Veeraswamy,Kalanidhi Veeraswamy,CHENNAI NORTH,171500000.0,MP_CONSTITUENCY,Unknown,UNKNOWN,no_explicit_term_marker_in_source_record,STAGE1_5_SNAPSHOT,Allocated_Limit_for_Honble_MPs__2_.csv,226,STAGE1_5_SNAPSHOT::Allocated_Limit_for_Honble_MPs__2_.csv::row226,True
Jharkhand,KALI CHARAN MUNDA,KALI CHARAN MUNDA,KHUNTI(ST),147000000.0,MP_CONSTITUENCY,Unknown,UNKNOWN,no_explicit_term_marker_in_source_record,STAGE1_5_SNAPSHOT,Allocated_Limit_for_Honble_MPs__2_.csv,227,STAGE1_5_SNAPSHOT::Allocated_Limit_for_Honble_MPs__2_.csv::row227,True
Jharkhand,KALI CHARAN SINGH,KALI CHARAN SINGH,CHATRA,147000000.0,MP_CONSTITUENCY,Unknown,UNKNOWN,no_explicit_term_marker_in_source_record,STAGE1_5_SNAPSHOT,Allocated_Limit_for_Honble_MPs__2_.csv,228,STAGE1_5_SNAPSHOT::Allocated_Limit_for_Honble_MPs__2_.csv::row228,True
West Bengal,KALIPADA SAREN,KALIPADA SAREN,JHARGRAM(ST),147000000.0,MP_CONSTITUENCY,Unknown,UNKNOWN,no_explicit_term_marker_in_source_record,STAGE1_5_SNAPSHOT,Allocated_Limit_for_Honble_MPs__2_.csv,229,STAGE1_5_SNAPSHOT::Allocated_Limit_for_Honble_MPs__2_.csv::row229,True
West Bengal,Kalyan Banerjee,Kalyan Banerjee,SREERAMPUR,147000000.0,MP_CONSTITUENCY,Unknown,UNKNOWN,no_explicit_term_marker_in_source_record,STAGE1_5_SNAPSHOT,Allocated_Limit_for_Honble_MPs__2_.csv,230,STAGE1_5_SNAPSHOT::Allocated_Limit_for_Honble_MPs__2_.csv::row230,True
Maharashtra,KALYAN VAIJINATHRAO KALE,KALYAN VAIJINATHRAO KALE,JALNA,147000000.0,MP_CONSTITUENCY,Unknown,UNKNOWN,no_explicit_term_marker_in_source_record,STAGE1_5_SNAPSHOT,Allocated_Limit_for_Honble_MPs__2_.csv,231,STAGE1_5_SNAPSHOT::Allocated_Limit_for_Honble_MPs__2_.csv::row231,True
Assam,KAMAKHYA PRASAD TASA,KAMAKHYA PRASAD TASA,Kaziranga,147000000.0,MP_CONSTITUENCY,Unknown,UNKNOWN,no_explicit_term_marker_in_source_record,STAGE1_5_SNAPSHOT,Allocated_Limit_for_Honble_MPs__2_.csv,232,STAGE1_5_SNAPSHOT::Allocated_Limit_for_Honble_MPs__2_.csv::row232,True
Delhi,Kamaljeet Sehrawat,Kamaljeet Sehrawat,WEST DELHI,147000000.0,MP_CONSTITUENCY,Unknown,UNKNOWN,no_explicit_term_marker_in_source_record,STAGE1_5_SNAPSHOT,Allocated_Limit_for_Honble_MPs__2_.csv,233,STAGE1_5_SNAPSHOT::Allocated_Limit_for_Honble_MPs__2_.csv::row233,True
Chhattisgarh,KAMLESH JANGDE,KAMLESH JANGDE,JANJGIR CHAMPA(SC),150384382.11,MP_CONSTITUENCY,Unknown,UNKNOWN,no_explicit_term_marker_in_source_record,STAGE1_5_SNAPSHOT,Allocated_Limit_for_Honble_MPs__2_.csv,234,STAGE1_5_SNAPSHOT::Allocated_Limit_for_Honble_MPs__2_.csv::row234,True
Uttar Pradesh,Kamlesh Paswan,Kamlesh Paswan,BANSGAON(SC),147000000.0,MP_CONSTITUENCY,Unknown,UNKNOWN,no_explicit_term_marker_in_source_record,STAGE1_5_SNAPSHOT,Allocated_Limit_for_Honble_MPs__2_.csv,235,STAGE1_5_SNAPSHOT::Allocated_Limit_for_Honble_MPs__2_.csv::row235,True
Himachal Pradesh,Kangana Ranaut,Kangana Ranaut,MANDI,147000000.0,MP_CONSTITUENCY,Unknown,UNKNOWN,no_explicit_term_marker_in_source_record,STAGE1_5_SNAPSHOT,Allocated_Limit_for_Honble_MPs__2_.csv,236,STAGE1_5_SNAPSHOT::Allocated_Limit_for_Honble_MPs__2_.csv::row236,True
Tamil Nadu,Kani K Navas,Kani K Navas,RAMANATHAPURAM,147000000.0,MP_CONSTITUENCY,Unknown,UNKNOWN,no_explicit_term_marker_in_source_record,STAGE1_5_SNAPSHOT,Allocated_Limit_for_Honble_MPs__2_.csv,237,STAGE1_5_SNAPSHOT::Allocated_Limit_for_Honble_MPs__2_.csv::row237,True
Tamil Nadu,Kanimozhi Karunanidhi,Kanimozhi Karunanidhi,THOOTHUKKUDI,147000000.0,MP_CONSTITUENCY,Unknown,UNKNOWN,no_explicit_term_marker_in_source_record,STAGE1_5_SNAPSHOT,Allocated_Limit_for_Honble_MPs__2_.csv,238,STAGE1_5_SNAPSHOT::Allocated_Limit_for_Honble_MPs__2_.csv::row238,True
Uttar Pradesh,KANWAR SINGH TANWAR,KANWAR SINGH TANWAR,AMROHA,147000000.0,MP_CONSTITUENCY,Unknown,UNKNOWN,no_explicit_term_marker_in_source_record,STAGE1_5_SNAPSHOT,Allocated_Limit_for_Honble_MPs__2_.csv,239,STAGE1_5_SNAPSHOT::Allocated_Limit_for_Honble_MPs__2_.csv::row239,True
Uttar Pradesh,KARAN BHUSHAN SINGH,KARAN BHUSHAN SINGH,KAISERGANJ,147000000.0,MP_CONSTITUENCY,Unknown,UNKNOWN,no_explicit_term_marker_in_source_record,STAGE1_5_SNAPSHOT,Allocated_Limit_for_Honble_MPs__2_.csv,240,STAGE1_5_SNAPSHOT::Allocated_Limit_for_Honble_MPs__2_.csv::row240,True
West Bengal,KARTICK CHANDRA PAUL,KARTICK CHANDRA PAUL,RAIGANJ,202677986.56,MP_CONSTITUENCY,Unknown,UNKNOWN,no_explicit_term_marker_in_source_record,STAGE1_5_SNAPSHOT,Allocated_Limit_for_Honble_MPs__2_.csv,241,STAGE1_5_SNAPSHOT::Allocated_Limit_for_Honble_MPs__2_.csv::row241,True
Bihar,Kaushalendra Kumar,Kaushalendra Kumar,NALANDA,147000000.0,MP_CONSTITUENCY,Unknown,UNKNOWN,no_explicit_term_marker_in_source_record,STAGE1_5_SNAPSHOT,Allocated_Limit_for_Honble_MPs__2_.csv,242,STAGE1_5_SNAPSHOT::Allocated_Limit_for_Honble_MPs__2_.csv::row242,True
West Bengal,Khagen Murmu,Khagen Murmu,MALDAHA UTTAR,147000000.0,MP_CONSTITUENCY,Unknown,UNKNOWN,no_explicit_term_marker_in_source_record,STAGE1_5_SNAPSHOT,Allocated_Limit_for_Honble_MPs__2_.csv,243,STAGE1_5_SNAPSHOT::Allocated_Limit_for_Honble_MPs__2_.csv::row243,True
West Bengal,Khalilur Rahaman,Khalilur Rahaman,JANGIPUR,147000000.0,MP_CONSTITUENCY,Unknown,UNKNOWN,no_explicit_term_marker_in_source_record,STAGE1_5_SNAPSHOT,Allocated_Limit_for_Honble_MPs__2_.csv,244,STAGE1_5_SNAPSHOT::Allocated_Limit_for_Honble_MPs__2_.csv::row244,True
Andhra Pradesh,Kinjarapu Ram Mohan Naidu,Kinjarapu Ram Mohan Naidu,SRIKAKULAM,171200630.11,MP_CONSTITUENCY,Unknown,UNKNOWN,no_explicit_term_marker_in_source_record,STAGE1_5_SNAPSHOT,Allocated_Limit_for_Honble_MPs__2_.csv,245,STAGE1_5_SNAPSHOT::Allocated_Limit_for_Honble_MPs__2_.csv::row245,True
Arunachal Pradesh,Kiren Rijiju,Kiren Rijiju,ARUNACHAL WEST,147000000.0,MP_CONSTITUENCY,Unknown,UNKNOWN,no_explicit_term_marker_in_source_record,STAGE1_5_SNAPSHOT,Allocated_Limit_for_Honble_MPs__2_.csv,246,STAGE1_5_SNAPSHOT::Allocated_Limit_for_Honble_MPs__2_.csv::row246,True
Uttar Pradesh,Kirti Vardhan Singh,Kirti Vardhan Singh,GONDA,147000000.0,MP_CONSTITUENCY,Unknown,UNKNOWN,no_explicit_term_marker_in_source_record,STAGE1_5_SNAPSHOT,Allocated_Limit_for_Honble_MPs__2_.csv,247,STAGE1_5_SNAPSHOT::Allocated_Limit_for_Honble_MPs__2_.csv::row247,True
Telangana,Kishan Reddy Gangapuram,Kishan Reddy Gangapuram,SECUNDERABAD,147000000.0,MP_CONSTITUENCY,Unknown,UNKNOWN,no_explicit_term_marker_in_source_record,STAGE1_5_SNAPSHOT,Allocated_Limit_for_Honble_MPs__2_.csv,248,STAGE1_5_SNAPSHOT::Allocated_Limit_for_Honble_MPs__2_.csv::row248,True
Uttar Pradesh,KISHORI LAL,KISHORI LAL,AMETHI,171500000.0,MP_CONSTITUENCY,Unknown,UNKNOWN,no_explicit_term_marker_in_source_record,STAGE1_5_SNAPSHOT,Allocated_Limit_for_Honble_MPs__2_.csv,249,STAGE1_5_SNAPSHOT::Allocated_Limit_for_Honble_MPs__2_.csv::row249,True
Telangana,KONDA VISHWESHWAR REDDY,KONDA VISHWESHWAR REDDY,CHELVELLA,233721420.96,MP_CONSTITUENCY,Unknown,UNKNOWN,no_explicit_term_marker_in_source_record,STAGE1_5_SNAPSHOT,Allocated_Limit_for_Honble_MPs__2_.csv,250,STAGE1_5_SNAPSHOT::Allocated_Limit_for_Honble_MPs__2_.csv::row250,True
Karnataka,KOTA SRINIVAS POOJARY,KOTA SRINIVAS POOJARY,UDUPI CHIKMAGALUR,147000000.0,MP_CONSTITUENCY,Unknown,UNKNOWN,no_explicit_term_marker_in_source_record,STAGE1_5_SNAPSHOT,Allocated_Limit_for_Honble_MPs__2_.csv,251,STAGE1_5_SNAPSHOT::Allocated_Limit_for_Honble_MPs__2_.csv::row251,True
Assam,Kripanath Mallah,Kripanath Mallah,KARIMGANJ (SC),147000000.0,MP_CONSTITUENCY,Unknown,UNKNOWN,no_explicit_term_marker_in_source_record,STAGE1_5_SNAPSHOT,Allocated_Limit_for_Honble_MPs__2_.csv,252,STAGE1_5_SNAPSHOT::Allocated_Limit_for_Honble_MPs__2_.csv::row252,True
Haryana,Krishan Pal Gurjar,Krishan Pal Gurjar,FARIDABAD,147000000.0,MP_CONSTITUENCY,Unknown,UNKNOWN,no_explicit_term_marker_in_source_record,STAGE1_5_SNAPSHOT,Allocated_Limit_for_Honble_MPs__2_.csv,253,STAGE1_5_SNAPSHOT::Allocated_Limit_for_Honble_MPs__2_.csv::row253,True
Uttar Pradesh,KRISHNA DEVI SHIVSHANKER PATEL,KRISHNA DEVI SHIVSHANKER PATEL,BANDA,147000000.0,MP_CONSTITUENCY,Unknown,UNKNOWN,no_explicit_term_marker_in_source_record,STAGE1_5_SNAPSHOT,Allocated_Limit_for_Honble_MPs__2_.csv,254,STAGE1_5_SNAPSHOT::Allocated_Limit_for_Honble_MPs__2_.csv::row254,True
Andhra Pradesh,Krishna Prasad Tenneti,Krishna Prasad Tenneti,BAPATLA,167796849.11,MP_CONSTITUENCY,Unknown,UNKNOWN,no_explicit_term_marker_in_source_record,STAGE1_5_SNAPSHOT,Allocated_Limit_for_Honble_MPs__2_.csv,255,STAGE1_5_SNAPSHOT::Allocated_Limit_for_Honble_MPs__2_.csv::row255,True
Tripura,KRITI DEVI DEBBARMAN,KRITI DEVI DEBBARMAN,TRIPURA EAST(ST),147000000.0,MP_CONSTITUENCY,Unknown,UNKNOWN,no_explicit_term_marker_in_source_record,STAGE1_5_SNAPSHOT,Allocated_Limit_for_Honble_MPs__2_.csv,256,STAGE1_5_SNAPSHOT::Allocated_Limit_for_Honble_MPs__2_.csv::row256,True
Rajasthan,KULDEEP INDORA,KULDEEP INDORA,GANGANAGAR(SC),147000000.0,MP_CONSTITUENCY,Unknown,UNKNOWN,no_explicit_term_marker_in_source_record,STAGE1_5_SNAPSHOT,Allocated_Limit_for_Honble_MPs__2_.csv,257,STAGE1_5_SNAPSHOT::Allocated_Limit_for_Honble_MPs__2_.csv::row257,True
Telangana,KUNDURU RAGHUVEER,KUNDURU RAGHUVEER,NALGONDA,162952022.0,MP_CONSTITUENCY,Unknown,UNKNOWN,no_explicit_term_marker_in_source_record,STAGE1_5_SNAPSHOT,Allocated_Limit_for_Honble_MPs__2_.csv,258,STAGE1_5_SNAPSHOT::Allocated_Limit_for_Honble_MPs__2_.csv::row258,True
Uttar Pradesh,LALJI VERMA,LALJI VERMA,AMBEDKAR NAGAR,147000000.0,MP_CONSTITUENCY,Unknown,UNKNOWN,no_explicit_term_marker_in_source_record,STAGE1_5_SNAPSHOT,Allocated_Limit_for_Honble_MPs__2_.csv,259,STAGE1_5_SNAPSHOT::Allocated_Limit_for_Honble_MPs__2_.csv::row259,True
Andhra Pradesh,Lavu Sri Krishna Devarayalu,Lavu Sri Krishna Devarayalu,NARASARAOPET,174009663.11,MP_CONSTITUENCY,Unknown,UNKNOWN,no_explicit_term_marker_in_source_record,STAGE1_5_SNAPSHOT,Allocated_Limit_for_Honble_MPs__2_.csv,260,STAGE1_5_SNAPSHOT::Allocated_Limit_for_Honble_MPs__2_.csv::row260,True
Uttar Pradesh,LAXMIKANT PAPPU NISHAD,LAXMIKANT PAPPU NISHAD,SANT KABIR NAGAR,147000000.0,MP_CONSTITUENCY,Unknown,UNKNOWN,no_explicit_term_marker_in_source_record,STAGE1_5_SNAPSHOT,Allocated_Limit_for_Honble_MPs__2_.csv,261,STAGE1_5_SNAPSHOT::Allocated_Limit_for_Honble_MPs__2_.csv::row261,True
Bihar,LOVELY ANAND,LOVELY ANAND,SHEOHAR,147000000.0,MP_CONSTITUENCY,Unknown,UNKNOWN,no_explicit_term_marker_in_source_record,STAGE1_5_SNAPSHOT,Allocated_Limit_for_Honble_MPs__2_.csv,262,STAGE1_5_SNAPSHOT::Allocated_Limit_for_Honble_MPs__2_.csv::row262,True
Rajasthan,LUMBARAM,LUMBARAM,JALORE,147000000.0,MP_CONSTITUENCY,Unknown,UNKNOWN,no_explicit_term_marker_in_source_record,STAGE1_5_SNAPSHOT,Allocated_Limit_for_Honble_MPs__2_.csv,263,STAGE1_5_SNAPSHOT::Allocated_Limit_for_Honble_MPs__2_.csv::row263,True
Karnataka,M. MALLESH BABU,M. MALLESH BABU,KOLAR(SC),147065957.11,MP_CONSTITUENCY,Unknown,UNKNOWN,no_explicit_term_marker_in_source_record,STAGE1_5_SNAPSHOT,Allocated_Limit_for_Honble_MPs__2_.csv,264,STAGE1_5_SNAPSHOT::Allocated_Limit_for_Honble_MPs__2_.csv::row264,True
Tamil Nadu,M.K. VISHNUPRASAD,M.K. VISHNUPRASAD,CUDDALORE,147000000.0,MP_CONSTITUENCY,Unknown,UNKNOWN,no_explicit_term_marker_in_source_record,STAGE1_5_SNAPSHOT,Allocated_Limit_for_Honble_MPs__2_.csv,265,STAGE1_5_SNAPSHOT::Allocated_Limit_for_Honble_MPs__2_.csv::row265,True
Andhra Pradesh,Maddila Gurumoorthy,Maddila Gurumoorthy,TIRUPATI(SC),180399007.0,MP_CONSTITUENCY,Unknown,UNKNOWN,no_explicit_term_marker_in_source_record,STAGE1_5_SNAPSHOT,Allocated_Limit_for_Honble_MPs__2_.csv,266,STAGE1_5_SNAPSHOT::Allocated_Limit_for_Honble_MPs__2_.csv::row266,True
Telangana,MADHAVANENI RAGHUNANDAN RAO,MADHAVANENI RAGHUNANDAN RAO,MEDAK,147000000.0,MP_CONSTITUENCY,Unknown,UNKNOWN,no_explicit_term_marker_in_source_record,STAGE1_5_SNAPSHOT,Allocated_Limit_for_Honble_MPs__2_.csv,267,STAGE1_5_SNAPSHOT::Allocated_Limit_for_Honble_MPs__2_.csv::row267,True
Andhra Pradesh,Magunta Sreenivasulu Reddy,Magunta Sreenivasulu Reddy,ONGOLE,147000000.0,MP_CONSTITUENCY,Unknown,UNKNOWN,no_explicit_term_marker_in_source_record,STAGE1_5_SNAPSHOT,Allocated_Limit_for_Honble_MPs__2_.csv,268,STAGE1_5_SNAPSHOT::Allocated_Limit_for_Honble_MPs__2_.csv::row268,True
Madhya Pradesh,Mahendra Singh Solanky,Mahendra Singh Solanky,DEWAS(SC),147000000.0,MP_CONSTITUENCY,Unknown,UNKNOWN,no_explicit_term_marker_in_source_record,STAGE1_5_SNAPSHOT,Allocated_Limit_for_Honble_MPs__2_.csv,269,STAGE1_5_SNAPSHOT::Allocated_Limit_for_Honble_MPs__2_.csv::row269,True
Chhattisgarh,MAHESH KASHYAP,MAHESH KASHYAP,BASTAR(ST),147000000.0,MP_CONSTITUENCY,Unknown,UNKNOWN,no_explicit_term_marker_in_source_record,STAGE1_5_SNAPSHOT,Allocated_Limit_for_Honble_MPs__2_.csv,270,STAGE1_5_SNAPSHOT::Allocated_Limit_for_Honble_MPs__2_.csv::row270,True
Uttar Pradesh,Mahesh Sharma,Mahesh Sharma,GAUTAM BUDDHA NAGAR,148816284.11,MP_CONSTITUENCY,Unknown,UNKNOWN,no_explicit_term_marker_in_source_record,STAGE1_5_SNAPSHOT,Allocated_Limit_for_Honble_MPs__2_.csv,271,STAGE1_5_SNAPSHOT::Allocated_Limit_for_Honble_MPs__2_.csv::row271,True
Rajasthan,MAHIMA KUMARI MEWAR,MAHIMA KUMARI MEWAR,RAJSAMAND,183892143.0,MP_CONSTITUENCY,Unknown,UNKNOWN,no_explicit_term_marker_in_source_record,STAGE1_5_SNAPSHOT,Allocated_Limit_for_Honble_MPs__2_.csv,272,STAGE1_5_SNAPSHOT::Allocated_Limit_for_Honble_MPs__2_.csv::row272,True
Uttarakhand,Mala Rajya Laxmi Shah,Mala Rajya Laxmi Shah,TEHRI GARHWAL,147000000.0,MP_CONSTITUENCY,Unknown,UNKNOWN,no_explicit_term_marker_in_source_record,STAGE1_5_SNAPSHOT,Allocated_Limit_for_Honble_MPs__2_.csv,273,STAGE1_5_SNAPSHOT::Allocated_Limit_for_Honble_MPs__2_.csv::row273,True
West Bengal,Mala Roy,Mala Roy,KOLKATA DAKSHIN,147000000.0,MP_CONSTITUENCY,Unknown,UNKNOWN,no_explicit_term_marker_in_source_record,STAGE1_5_SNAPSHOT,Allocated_Limit_for_Honble_MPs__2_.csv,274,STAGE1_5_SNAPSHOT::Allocated_Limit_for_Honble_MPs__2_.csv::row274,True
Tamil Nadu,MALAIYARASAN D,MALAIYARASAN D,KALLAKURICHI,196416465.0,MP_CONSTITUENCY,Unknown,UNKNOWN,no_explicit_term_marker_in_source_record,STAGE1_5_SNAPSHOT,Allocated_Limit_for_Honble_MPs__2_.csv,275,STAGE1_5_SNAPSHOT::Allocated_Limit_for_Honble_MPs__2_.csv::row275,True
Odisha,MALVIKA DEVI,MALVIKA DEVI,KALAHANDI,147000000.0,MP_CONSTITUENCY,Unknown,UNKNOWN,no_explicit_term_marker_in_source_record,STAGE1_5_SNAPSHOT,Allocated_Limit_for_Honble_MPs__2_.csv,276,STAGE1_5_SNAPSHOT::Allocated_Limit_for_Honble_MPs__2_.csv::row276,True
Punjab,MALVINDER SINGH KANG,MALVINDER SINGH KANG,ANANDPUR SAHIB,147000000.0,MP_CONSTITUENCY,Unknown,UNKNOWN,no_explicit_term_marker_in_source_record,STAGE1_5_SNAPSHOT,Allocated_Limit_for_Honble_MPs__2_.csv,277,STAGE1_5_SNAPSHOT::Allocated_Limit_for_Honble_MPs__2_.csv::row277,True
Tamil Nadu,MANI. A.,MANI. A.,DHARAMAPURI,164515071.11,MP_CONSTITUENCY,Unknown,UNKNOWN,no_explicit_term_marker_in_source_record,STAGE1_5_SNAPSHOT,Allocated_Limit_for_Honble_MPs__2_.csv,278,STAGE1_5_SNAPSHOT::Allocated_Limit_for_Honble_MPs__2_.csv::row278,True
Tamil Nadu,Manickam Tagore B,Manickam Tagore B,VIRUDHUNAGAR,147000000.0,MP_CONSTITUENCY,Unknown,UNKNOWN,no_explicit_term_marker_in_source_record,STAGE1_5_SNAPSHOT,Allocated_Limit_for_Honble_MPs__2_.csv,279,STAGE1_5_SNAPSHOT::Allocated_Limit_for_Honble_MPs__2_.csv::row279,True
Jharkhand,MANISH JAISWAL,MANISH JAISWAL,HAZARIBAGH,147000000.0,MP_CONSTITUENCY,Unknown,UNKNOWN,no_explicit_term_marker_in_source_record,STAGE1_5_SNAPSHOT,Allocated_Limit_for_Honble_MPs__2_.csv,280,STAGE1_5_SNAPSHOT::Allocated_Limit_for_Honble_MPs__2_.csv::row280,True
Chandigarh,MANISH TEWARI,MANISH TEWARI,CHANDIGARH,178351443.75,MP_CONSTITUENCY,Unknown,UNKNOWN,no_explicit_term_marker_in_source_record,STAGE1_5_SNAPSHOT,Allocated_Limit_for_Honble_MPs__2_.csv,281,STAGE1_5_SNAPSHOT::Allocated_Limit_for_Honble_MPs__2_.csv::row281,True
Rajasthan,MANJU SHARMA,MANJU SHARMA,JAIPUR,167082901.11,MP_CONSTITUENCY,Unknown,UNKNOWN,no_explicit_term_marker_in_source_record,STAGE1_5_SNAPSHOT,Allocated_Limit_for_Honble_MPs__2_.csv,282,STAGE1_5_SNAPSHOT::Allocated_Limit_for_Honble_MPs__2_.csv::row282,True
Rajasthan,MANNA LAL RAWAT,MANNA LAL RAWAT,UDAIPUR(ST),147000000.0,MP_CONSTITUENCY,Unknown,UNKNOWN,no_explicit_term_marker_in_source_record,STAGE1_5_SNAPSHOT,Allocated_Limit_for_Honble_MPs__2_.csv,283,STAGE1_5_SNAPSHOT::Allocated_Limit_for_Honble_MPs__2_.csv::row283,True
Haryana,MANOHAR LAL,MANOHAR LAL,KARNAL,147000000.0,MP_CONSTITUENCY,Unknown,UNKNOWN,no_explicit_term_marker_in_source_record,STAGE1_5_SNAPSHOT,Allocated_Limit_for_Honble_MPs__2_.csv,284,STAGE1_5_SNAPSHOT::Allocated_Limit_for_Honble_MPs__2_.csv::row284,True
Bihar,MANOJ KUMAR,MANOJ KUMAR,SASARAM(SC),147000000.0,MP_CONSTITUENCY,Unknown,UNKNOWN,no_explicit_term_marker_in_source_record,STAGE1_5_SNAPSHOT,Allocated_Limit_for_Honble_MPs__2_.csv,285,STAGE1_5_SNAPSHOT::Allocated_Limit_for_Honble_MPs__2_.csv::row285,True
West Bengal,MANOJ TIGGA,MANOJ TIGGA,ALIPURDUARS(ST),147000000.0,MP_CONSTITUENCY,Unknown,UNKNOWN,no_explicit_term_marker_in_source_record,STAGE1_5_SNAPSHOT,Allocated_Limit_for_Honble_MPs__2_.csv,286,STAGE1_5_SNAPSHOT::Allocated_Limit_for_Honble_MPs__2_.csv::row286,True
Delhi,Manoj Tiwari,Manoj Tiwari,NORTH EAST DELHI,225843858.0,MP_CONSTITUENCY,Unknown,UNKNOWN,no_explicit_term_marker_in_source_record,STAGE1_5_SNAPSHOT,Allocated_Limit_for_Honble_MPs__2_.csv,287,STAGE1_5_SNAPSHOT::Allocated_Limit_for_Honble_MPs__2_.csv::row287,True
Gujarat,Mansukhbhai Dhanjibhai Vasava,Mansukhbhai Dhanjibhai Vasava,BHARUCH,147000000.0,MP_CONSTITUENCY,Unknown,UNKNOWN,no_explicit_term_marker_in_source_record,STAGE1_5_SNAPSHOT,Allocated_Limit_for_Honble_MPs__2_.csv,288,STAGE1_5_SNAPSHOT::Allocated_Limit_for_Honble_MPs__2_.csv::row288,True
Jammu And Kashmir,MIAN ALTAF AHMAD,MIAN ALTAF AHMAD,ANANTNAG,147000000.0,MP_CONSTITUENCY,Unknown,UNKNOWN,no_explicit_term_marker_in_source_record,STAGE1_5_SNAPSHOT,Allocated_Limit_for_Honble_MPs__2_.csv,289,STAGE1_5_SNAPSHOT::Allocated_Limit_for_Honble_MPs__2_.csv::row289,True
Andhra Pradesh,Midhun Reddy,Midhun Reddy,RAJAMPET,178951477.11,MP_CONSTITUENCY,Unknown,UNKNOWN,no_explicit_term_marker_in_source_record,STAGE1_5_SNAPSHOT,Allocated_Limit_for_Honble_MPs__2_.csv,290,STAGE1_5_SNAPSHOT::Allocated_Limit_for_Honble_MPs__2_.csv::row290,True
Bihar,MISHA BHARTI,MISHA BHARTI,PATALIPUTRA,147000000.0,MP_CONSTITUENCY,Unknown,UNKNOWN,no_explicit_term_marker_in_source_record,STAGE1_5_SNAPSHOT,Allocated_Limit_for_Honble_MPs__2_.csv,291,STAGE1_5_SNAPSHOT::Allocated_Limit_for_Honble_MPs__2_.csv::row291,True
Gujarat,Mitesh Rameshbhai Bakabhai Patel,Mitesh Rameshbhai Bakabhai Patel,ANAND,147000000.0,MP_CONSTITUENCY,Unknown,UNKNOWN,no_explicit_term_marker_in_source_record,STAGE1_5_SNAPSHOT,Allocated_Limit_for_Honble_MPs__2_.csv,292,STAGE1_5_SNAPSHOT::Allocated_Limit_for_Honble_MPs__2_.csv::row292,True
Ladakh,Mohamed Haneefa,Mohamed Haneefa,LADAKH,161114542.0,MP_CONSTITUENCY,Unknown,UNKNOWN,no_explicit_term_marker_in_source_record,STAGE1_5_SNAPSHOT,Allocated_Limit_for_Honble_MPs__2_.csv,293,STAGE1_5_SNAPSHOT::Allocated_Limit_for_Honble_MPs__2_.csv::row293,True
Uttar Pradesh,MOHIBBULLAH,MOHIBBULLAH,RAMPUR,147000000.0,MP_CONSTITUENCY,Unknown,UNKNOWN,no_explicit_term_marker_in_source_record,STAGE1_5_SNAPSHOT,Allocated_Limit_for_Honble_MPs__2_.csv,294,STAGE1_5_SNAPSHOT::Allocated_Limit_for_Honble_MPs__2_.csv::row294,True
Maharashtra,MOHITE PATIL DHAIRYASHEEL RAJSINH,MOHITE PATIL DHAIRYASHEEL RAJSINH,MADHA,195613601.7,MP_CONSTITUENCY,Unknown,UNKNOWN,no_explicit_term_marker_in_source_record,STAGE1_5_SNAPSHOT,Allocated_Limit_for_Honble_MPs__2_.csv,295,STAGE1_5_SNAPSHOT::Allocated_Limit_for_Honble_MPs__2_.csv::row295,True
Bihar,Mr Gopal Jee Thakur,Mr Gopal Jee Thakur,DARBHANGA,147000000.0,MP_CONSTITUENCY,Unknown,UNKNOWN,no_explicit_term_marker_in_source_record,STAGE1_5_SNAPSHOT,Allocated_Limit_for_Honble_MPs__2_.csv,296,STAGE1_5_SNAPSHOT::Allocated_Limit_for_Honble_MPs__2_.csv::row296,True
West Bengal,Ms Mahua Moitra,Ms Mahua Moitra,KRISHNANAGAR,159865046.0,MP_CONSTITUENCY,Unknown,UNKNOWN,no_explicit_term_marker_in_source_record,STAGE1_5_SNAPSHOT,Allocated_Limit_for_Honble_MPs__2_.csv,297,STAGE1_5_SNAPSHOT::Allocated_Limit_for_Honble_MPs__2_.csv::row297,True
Lakshadweep,MUHAMMED HAMDULLAH SAYEED,MUHAMMED HAMDULLAH SAYEED,LAKSHADWEEP(ST),153942460.41,MP_CONSTITUENCY,Unknown,UNKNOWN,no_explicit_term_marker_in_source_record,STAGE1_5_SNAPSHOT,Allocated_Limit_for_Honble_MPs__2_.csv,298,STAGE1_5_SNAPSHOT::Allocated_Limit_for_Honble_MPs__2_.csv::row298,True
Uttar Pradesh,Mukesh Rajput,Mukesh Rajput,FARRUKHABAD,147000000.0,MP_CONSTITUENCY,Unknown,UNKNOWN,no_explicit_term_marker_in_source_record,STAGE1_5_SNAPSHOT,Allocated_Limit_for_Honble_MPs__2_.csv,299,STAGE1_5_SNAPSHOT::Allocated_Limit_for_Honble_MPs__2_.csv::row299,True
Gujarat,MUKESHKUMAR CHANDRAKAANT DALAL,MUKESHKUMAR CHANDRAKAANT DALAL,SURAT,147000000.0,MP_CONSTITUENCY,Unknown,UNKNOWN,no_explicit_term_marker_in_source_record,STAGE1_5_SNAPSHOT,Allocated_Limit_for_Honble_MPs__2_.csv,300,STAGE1_5_SNAPSHOT::Allocated_Limit_for_Honble_MPs__2_.csv::row300,True
Rajasthan,MURARI LAL MEENA,MURARI LAL MEENA,DAUSA(ST),147000000.0,MP_CONSTITUENCY,Unknown,UNKNOWN,no_explicit_term_marker_in_source_record,STAGE1_5_SNAPSHOT,Allocated_Limit_for_Honble_MPs__2_.csv,301,STAGE1_5_SNAPSHOT::Allocated_Limit_for_Honble_MPs__2_.csv::row301,True
Tamil Nadu,MURASOLI S,MURASOLI S,THANJAVUR,147000000.0,MP_CONSTITUENCY,Unknown,UNKNOWN,no_explicit_term_marker_in_source_record,STAGE1_5_SNAPSHOT,Allocated_Limit_for_Honble_MPs__2_.csv,302,STAGE1_5_SNAPSHOT::Allocated_Limit_for_Honble_MPs__2_.csv::row302,True
Maharashtra,MURLIDHAR MOHOL,MURLIDHAR MOHOL,PUNE,147000000.0,MP_CONSTITUENCY,Unknown,UNKNOWN,no_explicit_term_marker_in_source_record,STAGE1_5_SNAPSHOT,Allocated_Limit_for_Honble_MPs__2_.csv,303,STAGE1_5_SNAPSHOT::Allocated_Limit_for_Honble_MPs__2_.csv::row303,True
Odisha,NABA CHARAN MAJHI,NABA CHARAN MAJHI,MAYURBHANJ (ST),147563957.11,MP_CONSTITUENCY,Unknown,UNKNOWN,no_explicit_term_marker_in_source_record,STAGE1_5_SNAPSHOT,Allocated_Limit_for_Honble_MPs__2_.csv,304,STAGE1_5_SNAPSHOT::Allocated_Limit_for_Honble_MPs__2_.csv::row304,True
Jharkhand,NALIN SOREN,NALIN SOREN,DUMKA(ST),147364097.11,MP_CONSTITUENCY,Unknown,UNKNOWN,no_explicit_term_marker_in_source_record,STAGE1_5_SNAPSHOT,Allocated_Limit_for_Honble_MPs__2_.csv,305,STAGE1_5_SNAPSHOT::Allocated_Limit_for_Honble_MPs__2_.csv::row305,True
Uttar Pradesh,NARAYAN DAS AHIRWAR,NARAYAN DAS AHIRWAR,JALAUN(SC),147000000.0,MP_CONSTITUENCY,Unknown,UNKNOWN,no_explicit_term_marker_in_source_record,STAGE1_5_SNAPSHOT,Allocated_Limit_for_Honble_MPs__2_.csv,306,STAGE1_5_SNAPSHOT::Allocated_Limit_for_Honble_MPs__2_.csv::row306,True
Maharashtra,NARAYAN TATU RANE,NARAYAN TATU RANE,RATNAGIRI-SINDHUDURG,147000000.0,MP_CONSTITUENCY,Unknown,UNKNOWN,no_explicit_term_marker_in_source_record,STAGE1_5_SNAPSHOT,Allocated_Limit_for_Honble_MPs__2_.csv,307,STAGE1_5_SNAPSHOT::Allocated_Limit_for_Honble_MPs__2_.csv::row307,True
Uttar Pradesh,NARESH CHANDRA UTTAM PATEL,NARESH CHANDRA UTTAM PATEL,FATEHPUR,147000000.0,MP_CONSTITUENCY,Unknown,UNKNOWN,no_explicit_term_marker_in_source_record,STAGE1_5_SNAPSHOT,Allocated_Limit_for_Honble_MPs__2_.csv,308,STAGE1_5_SNAPSHOT::Allocated_Limit_for_Honble_MPs__2_.csv::row308,True
Maharashtra,NARESH GANPAT MHASKE,NARESH GANPAT MHASKE,THANE,147000000.0,MP_CONSTITUENCY,Unknown,UNKNOWN,no_explicit_term_marker_in_source_record,STAGE1_5_SNAPSHOT,Allocated_Limit_for_Honble_MPs__2_.csv,309,STAGE1_5_SNAPSHOT::Allocated_Limit_for_Honble_MPs__2_.csv::row309,True
Haryana,NAVEEN JINDAL,NAVEEN JINDAL,KURUKSHETRA,147000000.0,MP_CONSTITUENCY,Unknown,UNKNOWN,no_explicit_term_marker_in_source_record,STAGE1_5_SNAPSHOT,Allocated_Limit_for_Honble_MPs__2_.csv,310,STAGE1_5_SNAPSHOT::Allocated_Limit_for_Honble_MPs__2_.csv::row310,True
Uttar Pradesh,NEERAJ MAURYA,NEERAJ MAURYA,AONLA,147000000.0,MP_CONSTITUENCY,Unknown,UNKNOWN,no_explicit_term_marker_in_source_record,STAGE1_5_SNAPSHOT,Allocated_Limit_for_Honble_MPs__2_.csv,311,STAGE1_5_SNAPSHOT::Allocated_Limit_for_Honble_MPs__2_.csv::row311,True
Maharashtra,NILESH DNYANDEV LANKE,NILESH DNYANDEV LANKE,AHMEDNAGAR,147000000.0,MP_CONSTITUENCY,Unknown,UNKNOWN,no_explicit_term_marker_in_source_record,STAGE1_5_SNAPSHOT,Allocated_Limit_for_Honble_MPs__2_.csv,312,STAGE1_5_SNAPSHOT::Allocated_Limit_for_Honble_MPs__2_.csv::row312,True
Gujarat,NIMUBEN JAYANTIBHAI BAMBHANIYA,NIMUBEN JAYANTIBHAI BAMBHANIYA,BHAVNAGAR,147000000.0,MP_CONSTITUENCY,Unknown,UNKNOWN,no_explicit_term_marker_in_source_record,STAGE1_5_SNAPSHOT,Allocated_Limit_for_Honble_MPs__2_.csv,313,STAGE1_5_SNAPSHOT::Allocated_Limit_for_Honble_MPs__2_.csv::row313,True
Jharkhand,Nishikant Dubey,Nishikant Dubey,GODDA,147000000.0,MP_CONSTITUENCY,Unknown,UNKNOWN,no_explicit_term_marker_in_source_record,STAGE1_5_SNAPSHOT,Allocated_Limit_for_Honble_MPs__2_.csv,314,STAGE1_5_SNAPSHOT::Allocated_Limit_for_Honble_MPs__2_.csv::row314,True
Maharashtra,Nitin Jairam Gadkari,Nitin Jairam Gadkari,NAGPUR,168195086.11,MP_CONSTITUENCY,Unknown,UNKNOWN,no_explicit_term_marker_in_source_record,STAGE1_5_SNAPSHOT,Allocated_Limit_for_Honble_MPs__2_.csv,315,STAGE1_5_SNAPSHOT::Allocated_Limit_for_Honble_MPs__2_.csv::row315,True
Bihar,Nityanand Rai,Nityanand Rai,UJJARPUR,147000000.0,MP_CONSTITUENCY,Unknown,UNKNOWN,no_explicit_term_marker_in_source_record,STAGE1_5_SNAPSHOT,Allocated_Limit_for_Honble_MPs__2_.csv,316,STAGE1_5_SNAPSHOT::Allocated_Limit_for_Honble_MPs__2_.csv::row316,True
Rajasthan,Om Birla,Om Birla,KOTA,163906956.6,MP_CONSTITUENCY,Unknown,UNKNOWN,no_explicit_term_marker_in_source_record,STAGE1_5_SNAPSHOT,Allocated_Limit_for_Honble_MPs__2_.csv,317,STAGE1_5_SNAPSHOT::Allocated_Limit_for_Honble_MPs__2_.csv::row317,True
Maharashtra,Omprakash Bhupalsinh Alias Pawan Rajenimbalkar,Omprakash Bhupalsinh Alias Pawan Rajenimbalkar,OSMANABAD,184758519.11,MP_CONSTITUENCY,Unknown,UNKNOWN,no_explicit_term_marker_in_source_record,STAGE1_5_SNAPSHOT,Allocated_Limit_for_Honble_MPs__2_.csv,318,STAGE1_5_SNAPSHOT::Allocated_Limit_for_Honble_MPs__2_.csv::row318,True
Karnataka,P C Mohan,P C Mohan,BANGALORE CENTRAL,159995711.11,MP_CONSTITUENCY,Unknown,UNKNOWN,no_explicit_term_marker_in_source_record,STAGE1_5_SNAPSHOT,Allocated_Limit_for_Honble_MPs__2_.csv,319,STAGE1_5_SNAPSHOT::Allocated_Limit_for_Honble_MPs__2_.csv::row319,True
Uttar Pradesh,Pankaj Chowdhary,Pankaj Chowdhary,MAHARAJGANJ_UP,147000000.0,MP_CONSTITUENCY,Unknown,UNKNOWN,no_explicit_term_marker_in_source_record,STAGE1_5_SNAPSHOT,Allocated_Limit_for_Honble_MPs__2_.csv,320,STAGE1_5_SNAPSHOT::Allocated_Limit_for_Honble_MPs__2_.csv::row320,True
Assam,PARIMAL SUKLABAIDYA,PARIMAL SUKLABAIDYA,SILCHAR,148300157.11,MP_CONSTITUENCY,Unknown,UNKNOWN,no_explicit_term_marker_in_source_record,STAGE1_5_SNAPSHOT,Allocated_Limit_for_Honble_MPs__2_.csv,321,STAGE1_5_SNAPSHOT::Allocated_Limit_for_Honble_MPs__2_.csv::row321,True
Gujarat,PARSHOTTAMBHAI RUPALA,PARSHOTTAMBHAI RUPALA,RAJKOT,147000000.0,MP_CONSTITUENCY,Unknown,UNKNOWN,no_explicit_term_marker_in_source_record,STAGE1_5_SNAPSHOT,Allocated_Limit_for_Honble_MPs__2_.csv,322,STAGE1_5_SNAPSHOT::Allocated_Limit_for_Honble_MPs__2_.csv::row322,True
West Bengal,PARTHA BHOWMICK,PARTHA BHOWMICK,BARRACKPUR,147000000.0,MP_CONSTITUENCY,Unknown,UNKNOWN,no_explicit_term_marker_in_source_record,STAGE1_5_SNAPSHOT,Allocated_Limit_for_Honble_MPs__2_.csv,323,STAGE1_5_SNAPSHOT::Allocated_Limit_for_Honble_MPs__2_.csv::row323,True
Karnataka,Parvatagouda Chandanagouda Gaddigoudar,Parvatagouda Chandanagouda Gaddigoudar,BAGALKOT,167541747.11,MP_CONSTITUENCY,Unknown,UNKNOWN,no_explicit_term_marker_in_source_record,STAGE1_5_SNAPSHOT,Allocated_Limit_for_Honble_MPs__2_.csv,324,STAGE1_5_SNAPSHOT::Allocated_Limit_for_Honble_MPs__2_.csv::row324,True
The Dadra And Nagar Haveli And Daman And Diu,PATEL UMESHBHAI BABUBHAI,PATEL UMESHBHAI BABUBHAI,DAMAN and DIU,245063957.0,MP_CONSTITUENCY,Unknown,UNKNOWN,no_explicit_term_marker_in_source_record,STAGE1_5_SNAPSHOT,Allocated_Limit_for_Honble_MPs__2_.csv,325,STAGE1_5_SNAPSHOT::Allocated_Limit_for_Honble_MPs__2_.csv::row325,True
West Bengal,PATHAN YUSUF,PATHAN YUSUF,BAHARAMPUR,147000000.0,MP_CONSTITUENCY,Unknown,UNKNOWN,no_explicit_term_marker_in_source_record,STAGE1_5_SNAPSHOT,Allocated_Limit_for_Honble_MPs__2_.csv,326,STAGE1_5_SNAPSHOT::Allocated_Limit_for_Honble_MPs__2_.csv::row326,True
Assam,PHANI BHUSAN CHOUDHURY,PHANI BHUSAN CHOUDHURY,BARPETA,147000000.0,MP_CONSTITUENCY,Unknown,UNKNOWN,no_explicit_term_marker_in_source_record,STAGE1_5_SNAPSHOT,Allocated_Limit_for_Honble_MPs__2_.csv,327,STAGE1_5_SNAPSHOT::Allocated_Limit_for_Honble_MPs__2_.csv::row327,True
Maharashtra,Piyush Vedprakash Goyal,Piyush Vedprakash Goyal,MUMBAI NORTH,147000000.0,MP_CONSTITUENCY,Unknown,UNKNOWN,no_explicit_term_marker_in_source_record,STAGE1_5_SNAPSHOT,Allocated_Limit_for_Honble_MPs__2_.csv,328,STAGE1_5_SNAPSHOT::Allocated_Limit_for_Honble_MPs__2_.csv::row328,True
Andhra Pradesh,PRABHAKAR REDDY VEMIREDDY,PRABHAKAR REDDY VEMIREDDY,NELLORE(SC),147000000.0,MP_CONSTITUENCY,Unknown,UNKNOWN,no_explicit_term_marker_in_source_record,STAGE1_5_SNAPSHOT,Allocated_Limit_for_Honble_MPs__2_.csv,329,STAGE1_5_SNAPSHOT::Allocated_Limit_for_Honble_MPs__2_.csv::row329,True
Gujarat,Prabhubhai Nagarbhai Vasava,Prabhubhai Nagarbhai Vasava,BARDOLI(ST),147000000.0,MP_CONSTITUENCY,Unknown,UNKNOWN,no_explicit_term_marker_in_source_record,STAGE1_5_SNAPSHOT,Allocated_Limit_for_Honble_MPs__2_.csv,330,STAGE1_5_SNAPSHOT::Allocated_Limit_for_Honble_MPs__2_.csv::row330,True
Assam,Pradan Baruah,Pradan Baruah,LAKHIMPUR,147000000.0,MP_CONSTITUENCY,Unknown,UNKNOWN,no_explicit_term_marker_in_source_record,STAGE1_5_SNAPSHOT,Allocated_Limit_for_Honble_MPs__2_.csv,331,STAGE1_5_SNAPSHOT::Allocated_Limit_for_Honble_MPs__2_.csv::row331,True
Bihar,Pradeep Kumar Singh,Pradeep Kumar Singh,ARARIA,147000000.0,MP_CONSTITUENCY,Unknown,UNKNOWN,no_explicit_term_marker_in_source_record,STAGE1_5_SNAPSHOT,Allocated_Limit_for_Honble_MPs__2_.csv,332,STAGE1_5_SNAPSHOT::Allocated_Limit_for_Honble_MPs__2_.csv::row332,True
Odisha,PRADEEP PUROHIT,PRADEEP PUROHIT,BARGARH,147000000.0,MP_CONSTITUENCY,Unknown,UNKNOWN,no_explicit_term_marker_in_source_record,STAGE1_5_SNAPSHOT,Allocated_Limit_for_Honble_MPs__2_.csv,333,STAGE1_5_SNAPSHOT::Allocated_Limit_for_Honble_MPs__2_.csv::row333,True
Assam,Pradyut Bordoloi,Pradyut Bordoloi,NOWGONG,98000000.0,MP_CONSTITUENCY,Unknown,UNKNOWN,no_explicit_term_marker_in_source_record,STAGE1_5_SNAPSHOT,Allocated_Limit_for_Honble_MPs__2_.csv,334,STAGE1_5_SNAPSHOT::Allocated_Limit_for_Honble_MPs__2_.csv::row334,True
Karnataka,Pralhad Venkatesh Joshi,Pralhad Venkatesh Joshi,DHARWAD,147000000.0,MP_CONSTITUENCY,Unknown,UNKNOWN,no_explicit_term_marker_in_source_record,STAGE1_5_SNAPSHOT,Allocated_Limit_for_Honble_MPs__2_.csv,335,STAGE1_5_SNAPSHOT::Allocated_Limit_for_Honble_MPs__2_.csv::row335,True
Maharashtra,PRANITI SUSHILKUMAR SHINDE,PRANITI SUSHILKUMAR SHINDE,SOLAPUR(SC),147000000.0,MP_CONSTITUENCY,Unknown,UNKNOWN,no_explicit_term_marker_in_source_record,STAGE1_5_SNAPSHOT,Allocated_Limit_for_Honble_MPs__2_.csv,336,STAGE1_5_SNAPSHOT::Allocated_Limit_for_Honble_MPs__2_.csv::row336,True
West Bengal,Prasun Banerjee,Prasun Banerjee,HOWRAH,147000000.0,MP_CONSTITUENCY,Unknown,UNKNOWN,no_explicit_term_marker_in_source_record,STAGE1_5_SNAPSHOT,Allocated_Limit_for_Honble_MPs__2_.csv,337,STAGE1_5_SNAPSHOT::Allocated_Limit_for_Honble_MPs__2_.csv::row337,True
Odisha,Pratap Chandra Sarangi,Pratap Chandra Sarangi,BALASORE,147064254.11,MP_CONSTITUENCY,Unknown,UNKNOWN,no_explicit_term_marker_in_source_record,STAGE1_5_SNAPSHOT,Allocated_Limit_for_Honble_MPs__2_.csv,338,STAGE1_5_SNAPSHOT::Allocated_Limit_for_Honble_MPs__2_.csv::row338,True
Maharashtra,Prataprao Jadhav,Prataprao Jadhav,BULDHANA,147000000.0,MP_CONSTITUENCY,Unknown,UNKNOWN,no_explicit_term_marker_in_source_record,STAGE1_5_SNAPSHOT,Allocated_Limit_for_Honble_MPs__2_.csv,339,STAGE1_5_SNAPSHOT::Allocated_Limit_for_Honble_MPs__2_.csv::row339,True
West Bengal,Pratima Mondal,Pratima Mondal,JOYNAGAR(SC),147000000.0,MP_CONSTITUENCY,Unknown,UNKNOWN,no_explicit_term_marker_in_source_record,STAGE1_5_SNAPSHOT,Allocated_Limit_for_Honble_MPs__2_.csv,340,STAGE1_5_SNAPSHOT::Allocated_Limit_for_Honble_MPs__2_.csv::row340,True
Delhi,Praveen Khandelwal,Praveen Khandelwal,CHANDINI CHOWK,147470276.0,MP_CONSTITUENCY,Unknown,UNKNOWN,no_explicit_term_marker_in_source_record,STAGE1_5_SNAPSHOT,Allocated_Limit_for_Honble_MPs__2_.csv,341,STAGE1_5_SNAPSHOT::Allocated_Limit_for_Honble_MPs__2_.csv::row341,True
Uttar Pradesh,PRAVEEN PATEL,PRAVEEN PATEL,PHULPUR,151559884.09,MP_CONSTITUENCY,Unknown,UNKNOWN,no_explicit_term_marker_in_source_record,STAGE1_5_SNAPSHOT,Allocated_Limit_for_Honble_MPs__2_.csv,342,STAGE1_5_SNAPSHOT::Allocated_Limit_for_Honble_MPs__2_.csv::row342,True
Uttar Pradesh,PRIYA SAROJ,PRIYA SAROJ,MACHHLISHAHR(SC),147000000.0,MP_CONSTITUENCY,Unknown,UNKNOWN,no_explicit_term_marker_in_source_record,STAGE1_5_SNAPSHOT,Allocated_Limit_for_Honble_MPs__2_.csv,343,STAGE1_5_SNAPSHOT::Allocated_Limit_for_Honble_MPs__2_.csv::row343,True
Kerala,Priyanka Gandhi Vadra,Priyanka Gandhi Vadra,WAYANAD,122500000.0,MP_CONSTITUENCY,Unknown,UNKNOWN,no_explicit_term_marker_in_source_record,STAGE1_5_SNAPSHOT,Allocated_Limit_for_Honble_MPs__2_.csv,344,STAGE1_5_SNAPSHOT::Allocated_Limit_for_Honble_MPs__2_.csv::row344,True
Karnataka,PRIYANKA SATISH JARKIHOLI,PRIYANKA SATISH JARKIHOLI,CHIKKODI,147000000.0,MP_CONSTITUENCY,Unknown,UNKNOWN,no_explicit_term_marker_in_source_record,STAGE1_5_SNAPSHOT,Allocated_Limit_for_Honble_MPs__2_.csv,345,STAGE1_5_SNAPSHOT::Allocated_Limit_for_Honble_MPs__2_.csv::row345,True
West Bengal,Prof Sougata Ray,Prof Sougata Ray,DUM DUM,147000000.0,MP_CONSTITUENCY,Unknown,UNKNOWN,no_explicit_term_marker_in_source_record,STAGE1_5_SNAPSHOT,Allocated_Limit_for_Honble_MPs__2_.csv,346,STAGE1_5_SNAPSHOT::Allocated_Limit_for_Honble_MPs__2_.csv::row346,True
Uttar Pradesh,Prof SP Singh Baghel,Prof SP Singh Baghel,AGRA(SC),147000000.0,MP_CONSTITUENCY,Unknown,UNKNOWN,no_explicit_term_marker_in_source_record,STAGE1_5_SNAPSHOT,Allocated_Limit_for_Honble_MPs__2_.csv,347,STAGE1_5_SNAPSHOT::Allocated_Limit_for_Honble_MPs__2_.csv::row347,True
Uttar Pradesh,PUSHPENDRA SAROJ,PUSHPENDRA SAROJ,KAUSHAMBI(SC),147000000.0,MP_CONSTITUENCY,Unknown,UNKNOWN,no_explicit_term_marker_in_source_record,STAGE1_5_SNAPSHOT,Allocated_Limit_for_Honble_MPs__2_.csv,348,STAGE1_5_SNAPSHOT::Allocated_Limit_for_Honble_MPs__2_.csv::row348,True
Andhra Pradesh,Putta Mahesh Kumar,Putta Mahesh Kumar,ELURU,147000000.0,MP_CONSTITUENCY,Unknown,UNKNOWN,no_explicit_term_marker_in_source_record,STAGE1_5_SNAPSHOT,Allocated_Limit_for_Honble_MPs__2_.csv,349,STAGE1_5_SNAPSHOT::Allocated_Limit_for_Honble_MPs__2_.csv::row349,True
Uttar Pradesh,R.K. CHAUDHARY,R.K. CHAUDHARY,MOHANLALGANJ(SC),147000000.0,MP_CONSTITUENCY,Unknown,UNKNOWN,no_explicit_term_marker_in_source_record,STAGE1_5_SNAPSHOT,Allocated_Limit_for_Honble_MPs__2_.csv,350,STAGE1_5_SNAPSHOT::Allocated_Limit_for_Honble_MPs__2_.csv::row350,True
Odisha,RABINDRA NARAYAN BEHERA,RABINDRA NARAYAN BEHERA,JAJPUR(SC),147064617.11,MP_CONSTITUENCY,Unknown,UNKNOWN,no_explicit_term_marker_in_source_record,STAGE1_5_SNAPSHOT,Allocated_Limit_for_Honble_MPs__2_.csv,351,STAGE1_5_SNAPSHOT::Allocated_Limit_for_Honble_MPs__2_.csv::row351,True
West Bengal,RACHNA BANERJEE,RACHNA BANERJEE,HOOGHLY,147000000.0,MP_CONSTITUENCY,Unknown,UNKNOWN,no_explicit_term_marker_in_source_record,STAGE1_5_SNAPSHOT,Allocated_Limit_for_Honble_MPs__2_.csv,352,STAGE1_5_SNAPSHOT::Allocated_Limit_for_Honble_MPs__2_.csv::row352,True
Bihar,Radha Mohan Singh,Radha Mohan Singh,PURVI CHAMPARAN,147000000.0,MP_CONSTITUENCY,Unknown,UNKNOWN,no_explicit_term_marker_in_source_record,STAGE1_5_SNAPSHOT,Allocated_Limit_for_Honble_MPs__2_.csv,353,STAGE1_5_SNAPSHOT::Allocated_Limit_for_Honble_MPs__2_.csv::row353,True
Karnataka,RADHAKRISHNA,RADHAKRISHNA,GULBARGA(SC),147000000.0,MP_CONSTITUENCY,Unknown,UNKNOWN,no_explicit_term_marker_in_source_record,STAGE1_5_SNAPSHOT,Allocated_Limit_for_Honble_MPs__2_.csv,354,STAGE1_5_SNAPSHOT::Allocated_Limit_for_Honble_MPs__2_.csv::row354,True
Chhattisgarh,RADHE SHYAM RATHIYA,RADHE SHYAM RATHIYA,RAIGARH(ST),159706972.09,MP_CONSTITUENCY,Unknown,UNKNOWN,no_explicit_term_marker_in_source_record,STAGE1_5_SNAPSHOT,Allocated_Limit_for_Honble_MPs__2_.csv,355,STAGE1_5_SNAPSHOT::Allocated_Limit_for_Honble_MPs__2_.csv::row355,True
Uttar Pradesh,RAHUL GANDHI,RAHUL GANDHI,RAE BARELI,147000000.0,MP_CONSTITUENCY,Unknown,UNKNOWN,no_explicit_term_marker_in_source_record,STAGE1_5_SNAPSHOT,Allocated_Limit_for_Honble_MPs__2_.csv,356,STAGE1_5_SNAPSHOT::Allocated_Limit_for_Honble_MPs__2_.csv::row356,True
Rajasthan,Rahul Kaswan,Rahul Kaswan,CHURU,147000000.0,MP_CONSTITUENCY,Unknown,UNKNOWN,no_explicit_term_marker_in_source_record,STAGE1_5_SNAPSHOT,Allocated_Limit_for_Honble_MPs__2_.csv,357,STAGE1_5_SNAPSHOT::Allocated_Limit_for_Honble_MPs__2_.csv::row357,True
Madhya Pradesh,RAHUL SINGH LODHI,RAHUL SINGH LODHI,DAMOH,163058785.37,MP_CONSTITUENCY,Unknown,UNKNOWN,no_explicit_term_marker_in_source_record,STAGE1_5_SNAPSHOT,Allocated_Limit_for_Honble_MPs__2_.csv,358,STAGE1_5_SNAPSHOT::Allocated_Limit_for_Honble_MPs__2_.csv::row358,True
Bihar,RAJ BHUSHAN CHOUDHARY,RAJ BHUSHAN CHOUDHARY,MUZAFFARPUR,147000000.0,MP_CONSTITUENCY,Unknown,UNKNOWN,no_explicit_term_marker_in_source_record,STAGE1_5_SNAPSHOT,Allocated_Limit_for_Honble_MPs__2_.csv,359,STAGE1_5_SNAPSHOT::Allocated_Limit_for_Honble_MPs__2_.csv::row359,True
Rajasthan,RAJ KUMAR ROAT,RAJ KUMAR ROAT,BANSWARA(ST),147000000.0,MP_CONSTITUENCY,Unknown,UNKNOWN,no_explicit_term_marker_in_source_record,STAGE1_5_SNAPSHOT,Allocated_Limit_for_Honble_MPs__2_.csv,360,STAGE1_5_SNAPSHOT::Allocated_Limit_for_Honble_MPs__2_.csv::row360,True
Bihar,RAJA RAM SINGH,RAJA RAM SINGH,KARAKAT,147000000.0,MP_CONSTITUENCY,Unknown,UNKNOWN,no_explicit_term_marker_in_source_record,STAGE1_5_SNAPSHOT,Allocated_Limit_for_Honble_MPs__2_.csv,361,STAGE1_5_SNAPSHOT::Allocated_Limit_for_Honble_MPs__2_.csv::row361,True
Maharashtra,RAJABHAU,RAJABHAU,NASHIK,152878682.11,MP_CONSTITUENCY,Unknown,UNKNOWN,no_explicit_term_marker_in_source_record,STAGE1_5_SNAPSHOT,Allocated_Limit_for_Honble_MPs__2_.csv,362,STAGE1_5_SNAPSHOT::Allocated_Limit_for_Honble_MPs__2_.csv::row362,True
Himachal Pradesh,RAJEEV BHARDWAJ,RAJEEV BHARDWAJ,KANGRA,179388967.11,MP_CONSTITUENCY,Unknown,UNKNOWN,no_explicit_term_marker_in_source_record,STAGE1_5_SNAPSHOT,Allocated_Limit_for_Honble_MPs__2_.csv,363,STAGE1_5_SNAPSHOT::Allocated_Limit_for_Honble_MPs__2_.csv::row363,True
Uttar Pradesh,RAJEEV RAI,RAJEEV RAI,GHOSI,147000000.0,MP_CONSTITUENCY,Unknown,UNKNOWN,no_explicit_term_marker_in_source_record,STAGE1_5_SNAPSHOT,Allocated_Limit_for_Honble_MPs__2_.csv,364,STAGE1_5_SNAPSHOT::Allocated_Limit_for_Honble_MPs__2_.csv::row364,True
Bihar,RAJESH RANJAN ALIAS PAPPU YADAV,RAJESH RANJAN ALIAS PAPPU YADAV,PURNEA,147000000.0,MP_CONSTITUENCY,Unknown,UNKNOWN,no_explicit_term_marker_in_source_record,STAGE1_5_SNAPSHOT,Allocated_Limit_for_Honble_MPs__2_.csv,365,STAGE1_5_SNAPSHOT::Allocated_Limit_for_Honble_MPs__2_.csv::row365,True
Bihar,RAJESH VERMA,RAJESH VERMA,KHAGARIA,147000000.0,MP_CONSTITUENCY,Unknown,UNKNOWN,no_explicit_term_marker_in_source_record,STAGE1_5_SNAPSHOT,Allocated_Limit_for_Honble_MPs__2_.csv,366,STAGE1_5_SNAPSHOT::Allocated_Limit_for_Honble_MPs__2_.csv::row366,True
Gujarat,Rajeshbhai Naranbhai Chudasama,Rajeshbhai Naranbhai Chudasama,JUNAGADH,147000000.0,MP_CONSTITUENCY,Unknown,UNKNOWN,no_explicit_term_marker_in_source_record,STAGE1_5_SNAPSHOT,Allocated_Limit_for_Honble_MPs__2_.csv,367,STAGE1_5_SNAPSHOT::Allocated_Limit_for_Honble_MPs__2_.csv::row367,True
Bihar,Rajiv Pratap Rudy,Rajiv Pratap Rudy,SARAN,147000000.0,MP_CONSTITUENCY,Unknown,UNKNOWN,no_explicit_term_marker_in_source_record,STAGE1_5_SNAPSHOT,Allocated_Limit_for_Honble_MPs__2_.csv,368,STAGE1_5_SNAPSHOT::Allocated_Limit_for_Honble_MPs__2_.csv::row368,True
Bihar,Rajiv Ranjan (Lalan) Singh,Rajiv Ranjan (Lalan) Singh,MUNGER,147000000.0,MP_CONSTITUENCY,Unknown,UNKNOWN,no_explicit_term_marker_in_source_record,STAGE1_5_SNAPSHOT,Allocated_Limit_for_Honble_MPs__2_.csv,369,STAGE1_5_SNAPSHOT::Allocated_Limit_for_Honble_MPs__2_.csv::row369,True
Uttar Pradesh,Rajkumar Chahar,Rajkumar Chahar,FATEHPUR SIKRI,147000000.0,MP_CONSTITUENCY,Unknown,UNKNOWN,no_explicit_term_marker_in_source_record,STAGE1_5_SNAPSHOT,Allocated_Limit_for_Honble_MPs__2_.csv,370,STAGE1_5_SNAPSHOT::Allocated_Limit_for_Honble_MPs__2_.csv::row370,True
Uttar Pradesh,Rajnath Singh,Rajnath Singh,LUCKNOW,154808797.11,MP_CONSTITUENCY,Unknown,UNKNOWN,no_explicit_term_marker_in_source_record,STAGE1_5_SNAPSHOT,Allocated_Limit_for_Honble_MPs__2_.csv,371,STAGE1_5_SNAPSHOT::Allocated_Limit_for_Honble_MPs__2_.csv::row371,True
Gujarat,RAJPALSINH MAHENDRASINH JADAV,RAJPALSINH MAHENDRASINH JADAV,PANCHMAHAL,147000000.0,MP_CONSTITUENCY,Unknown,UNKNOWN,no_explicit_term_marker_in_source_record,STAGE1_5_SNAPSHOT,Allocated_Limit_for_Honble_MPs__2_.csv,372,STAGE1_5_SNAPSHOT::Allocated_Limit_for_Honble_MPs__2_.csv::row372,True
West Bengal,Raju Bista,Raju Bista,DARJEELING,147000000.0,MP_CONSTITUENCY,Unknown,UNKNOWN,no_explicit_term_marker_in_source_record,STAGE1_5_SNAPSHOT,Allocated_Limit_for_Honble_MPs__2_.csv,373,STAGE1_5_SNAPSHOT::Allocated_Limit_for_Honble_MPs__2_.csv::row373,True
Uttar Pradesh,RAKESH RATHOR,RAKESH RATHOR,SITAPUR,147000000.0,MP_CONSTITUENCY,Unknown,UNKNOWN,no_explicit_term_marker_in_source_record,STAGE1_5_SNAPSHOT,Allocated_Limit_for_Honble_MPs__2_.csv,374,STAGE1_5_SNAPSHOT::Allocated_Limit_for_Honble_MPs__2_.csv::row374,True
Assam,RAKIBUL HUSSAIN,RAKIBUL HUSSAIN,DHUBRI,147000000.0,MP_CONSTITUENCY,Unknown,UNKNOWN,no_explicit_term_marker_in_source_record,STAGE1_5_SNAPSHOT,Allocated_Limit_for_Honble_MPs__2_.csv,375,STAGE1_5_SNAPSHOT::Allocated_Limit_for_Honble_MPs__2_.csv::row375,True
Uttar Pradesh,RAM PRASAD CHAUDHARY,RAM PRASAD CHAUDHARY,BASTI,204176957.11,MP_CONSTITUENCY,Unknown,UNKNOWN,no_explicit_term_marker_in_source_record,STAGE1_5_SNAPSHOT,Allocated_Limit_for_Honble_MPs__2_.csv,376,STAGE1_5_SNAPSHOT::Allocated_Limit_for_Honble_MPs__2_.csv::row376,True
Uttar Pradesh,Ram Shiromani,Ram Shiromani,SHRAWASTI,151746878.11,MP_CONSTITUENCY,Unknown,UNKNOWN,no_explicit_term_marker_in_source_record,STAGE1_5_SNAPSHOT,Allocated_Limit_for_Honble_MPs__2_.csv,377,STAGE1_5_SNAPSHOT::Allocated_Limit_for_Honble_MPs__2_.csv::row377,True
Telangana,RAMASAHAYAM RAGHURAM REDDY,RAMASAHAYAM RAGHURAM REDDY,KHAMMAM,147000000.0,MP_CONSTITUENCY,Unknown,UNKNOWN,no_explicit_term_marker_in_source_record,STAGE1_5_SNAPSHOT,Allocated_Limit_for_Honble_MPs__2_.csv,378,STAGE1_5_SNAPSHOT::Allocated_Limit_for_Honble_MPs__2_.csv::row378,True
Uttar Pradesh,RAMASHANKAR RAJBHAR,RAMASHANKAR RAJBHAR,SALEMPUR,160056927.07,MP_CONSTITUENCY,Unknown,UNKNOWN,no_explicit_term_marker_in_source_record,STAGE1_5_SNAPSHOT,Allocated_Limit_for_Honble_MPs__2_.csv,379,STAGE1_5_SNAPSHOT::Allocated_Limit_for_Honble_MPs__2_.csv::row379,True
Uttar Pradesh,RAMBHUAL NISHAD,RAMBHUAL NISHAD,SULTANPUR,151231957.11,MP_CONSTITUENCY,Unknown,UNKNOWN,no_explicit_term_marker_in_source_record,STAGE1_5_SNAPSHOT,Allocated_Limit_for_Honble_MPs__2_.csv,380,STAGE1_5_SNAPSHOT::Allocated_Limit_for_Honble_MPs__2_.csv::row380,True
Uttar Pradesh,RAMESH AWASTHI,RAMESH AWASTHI,KANPUR,147000000.0,MP_CONSTITUENCY,Unknown,UNKNOWN,no_explicit_term_marker_in_source_record,STAGE1_5_SNAPSHOT,Allocated_Limit_for_Honble_MPs__2_.csv,381,STAGE1_5_SNAPSHOT::Allocated_Limit_for_Honble_MPs__2_.csv::row381,True
Karnataka,Ramesh Chandappa Jigajinagi,Ramesh Chandappa Jigajinagi,BIJAPUR(SC),269500000.0,MP_CONSTITUENCY,Unknown,UNKNOWN,no_explicit_term_marker_in_source_record,STAGE1_5_SNAPSHOT,Allocated_Limit_for_Honble_MPs__2_.csv,382,STAGE1_5_SNAPSHOT::Allocated_Limit_for_Honble_MPs__2_.csv::row382,True
Bihar,Ramprit Mandal,Ramprit Mandal,JHANJHARPUR,147000000.0,MP_CONSTITUENCY,Unknown,UNKNOWN,no_explicit_term_marker_in_source_record,STAGE1_5_SNAPSHOT,Allocated_Limit_for_Honble_MPs__2_.csv,383,STAGE1_5_SNAPSHOT::Allocated_Limit_for_Honble_MPs__2_.csv::row383,True
Delhi,Ramvir Singh Bidhuri,Ramvir Singh Bidhuri,SOUTH DELHI,147559100.0,MP_CONSTITUENCY,Unknown,UNKNOWN,no_explicit_term_marker_in_source_record,STAGE1_5_SNAPSHOT,Allocated_Limit_for_Honble_MPs__2_.csv,384,STAGE1_5_SNAPSHOT::Allocated_Limit_for_Honble_MPs__2_.csv::row384,True
Assam,RANJIT DUTTA,RANJIT DUTTA,Sonitpur,147000000.0,MP_CONSTITUENCY,Unknown,UNKNOWN,no_explicit_term_marker_in_source_record,STAGE1_5_SNAPSHOT,Allocated_Limit_for_Honble_MPs__2_.csv,385,STAGE1_5_SNAPSHOT::Allocated_Limit_for_Honble_MPs__2_.csv::row385,True
Haryana,Rao Inderjit Singh,Rao Inderjit Singh,GURGAON,147000000.0,MP_CONSTITUENCY,Unknown,UNKNOWN,no_explicit_term_marker_in_source_record,STAGE1_5_SNAPSHOT,Allocated_Limit_for_Honble_MPs__2_.csv,386,STAGE1_5_SNAPSHOT::Allocated_Limit_for_Honble_MPs__2_.csv::row386,True
Rajasthan,Rao Rajendra Singh,Rao Rajendra Singh,JAIPUR RURAL,147000000.0,MP_CONSTITUENCY,Unknown,UNKNOWN,no_explicit_term_marker_in_source_record,STAGE1_5_SNAPSHOT,Allocated_Limit_for_Honble_MPs__2_.csv,387,STAGE1_5_SNAPSHOT::Allocated_Limit_for_Honble_MPs__2_.csv::row387,True
Bihar,Ravi Shankar Prasad,Ravi Shankar Prasad,PATNA SAHIB,147000000.0,MP_CONSTITUENCY,Unknown,UNKNOWN,no_explicit_term_marker_in_source_record,STAGE1_5_SNAPSHOT,Allocated_Limit_for_Honble_MPs__2_.csv,388,STAGE1_5_SNAPSHOT::Allocated_Limit_for_Honble_MPs__2_.csv::row388,True
Maharashtra,RAVINDRA DATTARAM WAIKAR,RAVINDRA DATTARAM WAIKAR,MUMBAI NORTH WEST,147000000.0,MP_CONSTITUENCY,Unknown,UNKNOWN,no_explicit_term_marker_in_source_record,STAGE1_5_SNAPSHOT,Allocated_Limit_for_Honble_MPs__2_.csv,389,STAGE1_5_SNAPSHOT::Allocated_Limit_for_Honble_MPs__2_.csv::row389,True
Uttar Pradesh,Ravindra Shyamnarayan Alias Ravi Kishan Shukla,Ravindra Shyamnarayan Alias Ravi Kishan Shukla,GORAKHPUR,147000000.0,MP_CONSTITUENCY,Unknown,UNKNOWN,no_explicit_term_marker_in_source_record,STAGE1_5_SNAPSHOT,Allocated_Limit_for_Honble_MPs__2_.csv,390,STAGE1_5_SNAPSHOT::Allocated_Limit_for_Honble_MPs__2_.csv::row390,True
Maharashtra,Ravindra Vasantrao Chavan,Ravindra Vasantrao Chavan,NANDED,147000000.0,MP_CONSTITUENCY,Unknown,UNKNOWN,no_explicit_term_marker_in_source_record,STAGE1_5_SNAPSHOT,Allocated_Limit_for_Honble_MPs__2_.csv,391,STAGE1_5_SNAPSHOT::Allocated_Limit_for_Honble_MPs__2_.csv::row391,True
Mizoram,RICHARD VANLALHMANGAIHA,RICHARD VANLALHMANGAIHA,MIZORAM (ST),147000000.0,MP_CONSTITUENCY,Unknown,UNKNOWN,no_explicit_term_marker_in_source_record,STAGE1_5_SNAPSHOT,Allocated_Limit_for_Honble_MPs__2_.csv,392,STAGE1_5_SNAPSHOT::Allocated_Limit_for_Honble_MPs__2_.csv::row392,True
Tamil Nadu,ROBERT BRUCE C,ROBERT BRUCE C,TIRUNELVELI,147475440.11,MP_CONSTITUENCY,Unknown,UNKNOWN,no_explicit_term_marker_in_source_record,STAGE1_5_SNAPSHOT,Allocated_Limit_for_Honble_MPs__2_.csv,393,STAGE1_5_SNAPSHOT::Allocated_Limit_for_Honble_MPs__2_.csv::row393,True
Madhya Pradesh,Rodmal Nagar,Rodmal Nagar,RAJGARH,147000000.0,MP_CONSTITUENCY,Unknown,UNKNOWN,no_explicit_term_marker_in_source_record,STAGE1_5_SNAPSHOT,Allocated_Limit_for_Honble_MPs__2_.csv,394,STAGE1_5_SNAPSHOT::Allocated_Limit_for_Honble_MPs__2_.csv::row394,True
Chhattisgarh,ROOP KUMARI CHOUDHARY,ROOP KUMARI CHOUDHARY,MAHASAMUND,153035414.0,MP_CONSTITUENCY,Unknown,UNKNOWN,no_explicit_term_marker_in_source_record,STAGE1_5_SNAPSHOT,Allocated_Limit_for_Honble_MPs__2_.csv,395,STAGE1_5_SNAPSHOT::Allocated_Limit_for_Honble_MPs__2_.csv::row395,True
Uttar Pradesh,RUCHI VIRA,RUCHI VIRA,MORADABAD,147000000.0,MP_CONSTITUENCY,Unknown,UNKNOWN,no_explicit_term_marker_in_source_record,STAGE1_5_SNAPSHOT,Allocated_Limit_for_Honble_MPs__2_.csv,396,STAGE1_5_SNAPSHOT::Allocated_Limit_for_Honble_MPs__2_.csv::row396,True
Odisha,RUDRA NARAYAN PANY,RUDRA NARAYAN PANY,DHENKANAL,155013957.11,MP_CONSTITUENCY,Unknown,UNKNOWN,no_explicit_term_marker_in_source_record,STAGE1_5_SNAPSHOT,Allocated_Limit_for_Honble_MPs__2_.csv,397,STAGE1_5_SNAPSHOT::Allocated_Limit_for_Honble_MPs__2_.csv::row397,True
Nagaland,S SUPONGMEREN JAMIR,S SUPONGMEREN JAMIR,NAGALAND,147000000.0,MP_CONSTITUENCY,Unknown,UNKNOWN,no_explicit_term_marker_in_source_record,STAGE1_5_SNAPSHOT,Allocated_Limit_for_Honble_MPs__2_.csv,398,STAGE1_5_SNAPSHOT::Allocated_Limit_for_Honble_MPs__2_.csv::row398,True
Tamil Nadu,S Venkatesan,S Venkatesan,MADURAI,147000000.0,MP_CONSTITUENCY,Unknown,UNKNOWN,no_explicit_term_marker_in_source_record,STAGE1_5_SNAPSHOT,Allocated_Limit_for_Honble_MPs__2_.csv,399,STAGE1_5_SNAPSHOT::Allocated_Limit_for_Honble_MPs__2_.csv::row399,True
Tamil Nadu,S. Jagathrakshakan,S. Jagathrakshakan,ARAKKONAM,180589332.34,MP_CONSTITUENCY,Unknown,UNKNOWN,no_explicit_term_marker_in_source_record,STAGE1_5_SNAPSHOT,Allocated_Limit_for_Honble_MPs__2_.csv,400,STAGE1_5_SNAPSHOT::Allocated_Limit_for_Honble_MPs__2_.csv::row400,True
Tamil Nadu,SACHITHANANTHAM R,SACHITHANANTHAM R,DINDIGUL,147000000.0,MP_CONSTITUENCY,Unknown,UNKNOWN,no_explicit_term_marker_in_source_record,STAGE1_5_SNAPSHOT,Allocated_Limit_for_Honble_MPs__2_.csv,401,STAGE1_5_SNAPSHOT::Allocated_Limit_for_Honble_MPs__2_.csv::row401,True
Karnataka,SAGAR ESHWAR KHANDRE,SAGAR ESHWAR KHANDRE,BIDAR,147000000.0,MP_CONSTITUENCY,Unknown,UNKNOWN,no_explicit_term_marker_in_source_record,STAGE1_5_SNAPSHOT,Allocated_Limit_for_Honble_MPs__2_.csv,402,STAGE1_5_SNAPSHOT::Allocated_Limit_for_Honble_MPs__2_.csv::row402,True
Meghalaya,SALENG A SANGMA,SALENG A SANGMA,TURA,147000000.0,MP_CONSTITUENCY,Unknown,UNKNOWN,no_explicit_term_marker_in_source_record,STAGE1_5_SNAPSHOT,Allocated_Limit_for_Honble_MPs__2_.csv,403,STAGE1_5_SNAPSHOT::Allocated_Limit_for_Honble_MPs__2_.csv::row403,True
Odisha,SAMBIT PATRA,SAMBIT PATRA,PURI,147000000.0,MP_CONSTITUENCY,Unknown,UNKNOWN,no_explicit_term_marker_in_source_record,STAGE1_5_SNAPSHOT,Allocated_Limit_for_Honble_MPs__2_.csv,404,STAGE1_5_SNAPSHOT::Allocated_Limit_for_Honble_MPs__2_.csv::row404,True
Uttar Pradesh,SANATAN PANDEY,SANATAN PANDEY,BALLIA,180420041.4,MP_CONSTITUENCY,Unknown,UNKNOWN,no_explicit_term_marker_in_source_record,STAGE1_5_SNAPSHOT,Allocated_Limit_for_Honble_MPs__2_.csv,405,STAGE1_5_SNAPSHOT::Allocated_Limit_for_Honble_MPs__2_.csv::row405,True
Maharashtra,SANJAY DINA PATIL,SANJAY DINA PATIL,MUMBAI NORTH EAST,147000000.0,MP_CONSTITUENCY,Unknown,UNKNOWN,no_explicit_term_marker_in_source_record,STAGE1_5_SNAPSHOT,Allocated_Limit_for_Honble_MPs__2_.csv,406,STAGE1_5_SNAPSHOT::Allocated_Limit_for_Honble_MPs__2_.csv::row406,True
Maharashtra,Sanjay Haribhau Jadhav,Sanjay Haribhau Jadhav,PARBHANI,147000000.0,MP_CONSTITUENCY,Unknown,UNKNOWN,no_explicit_term_marker_in_source_record,STAGE1_5_SNAPSHOT,Allocated_Limit_for_Honble_MPs__2_.csv,407,STAGE1_5_SNAPSHOT::Allocated_Limit_for_Honble_MPs__2_.csv::row407,True
Bihar,Sanjay Jaiswal,Sanjay Jaiswal,PASCHIM CHAMPARAN,147000000.0,MP_CONSTITUENCY,Unknown,UNKNOWN,no_explicit_term_marker_in_source_record,STAGE1_5_SNAPSHOT,Allocated_Limit_for_Honble_MPs__2_.csv,408,STAGE1_5_SNAPSHOT::Allocated_Limit_for_Honble_MPs__2_.csv::row408,True
Telangana,Sanjay Kumar Bandi,Sanjay Kumar Bandi,KARIMNAGAR,172775317.11,MP_CONSTITUENCY,Unknown,UNKNOWN,no_explicit_term_marker_in_source_record,STAGE1_5_SNAPSHOT,Allocated_Limit_for_Honble_MPs__2_.csv,409,STAGE1_5_SNAPSHOT::Allocated_Limit_for_Honble_MPs__2_.csv::row409,True
Jharkhand,Sanjay Seth,Sanjay Seth,RANCHI,147064357.11,MP_CONSTITUENCY,Unknown,UNKNOWN,no_explicit_term_marker_in_source_record,STAGE1_5_SNAPSHOT,Allocated_Limit_for_Honble_MPs__2_.csv,410,STAGE1_5_SNAPSHOT::Allocated_Limit_for_Honble_MPs__2_.csv::row410,True
Maharashtra,Sanjay Uttamrao Deshmukh,Sanjay Uttamrao Deshmukh,YAVATMAL-WASHIM,185640423.0,MP_CONSTITUENCY,Unknown,UNKNOWN,no_explicit_term_marker_in_source_record,STAGE1_5_SNAPSHOT,Allocated_Limit_for_Honble_MPs__2_.csv,411,STAGE1_5_SNAPSHOT::Allocated_Limit_for_Honble_MPs__2_.csv::row411,True
Rajasthan,SANJNA JATAV,SANJNA JATAV,BHARATPUR(SC),147000000.0,MP_CONSTITUENCY,Unknown,UNKNOWN,no_explicit_term_marker_in_source_record,STAGE1_5_SNAPSHOT,Allocated_Limit_for_Honble_MPs__2_.csv,412,STAGE1_5_SNAPSHOT::Allocated_Limit_for_Honble_MPs__2_.csv::row412,True
Chhattisgarh,Santosh Pandey,Santosh Pandey,RAJNANDGAON,147000000.0,MP_CONSTITUENCY,Unknown,UNKNOWN,no_explicit_term_marker_in_source_record,STAGE1_5_SNAPSHOT,Allocated_Limit_for_Honble_MPs__2_.csv,413,STAGE1_5_SNAPSHOT::Allocated_Limit_for_Honble_MPs__2_.csv::row413,True
Odisha,Saptagiri Sankar Ulaka,Saptagiri Sankar Ulaka,KORAPUT(ST),269500000.0,MP_CONSTITUENCY,Unknown,UNKNOWN,no_explicit_term_marker_in_source_record,STAGE1_5_SNAPSHOT,Allocated_Limit_for_Honble_MPs__2_.csv,414,STAGE1_5_SNAPSHOT::Allocated_Limit_for_Honble_MPs__2_.csv::row414,True
Punjab,SARABJEET SINGH KHALSA,SARABJEET SINGH KHALSA,FARIDKOT(SC),150850348.15,MP_CONSTITUENCY,Unknown,UNKNOWN,no_explicit_term_marker_in_source_record,STAGE1_5_SNAPSHOT,Allocated_Limit_for_Honble_MPs__2_.csv,415,STAGE1_5_SNAPSHOT::Allocated_Limit_for_Honble_MPs__2_.csv::row415,True
Tamil Nadu,Sasikanth Senthil,Sasikanth Senthil,TIRUVALLUR(SC),171500000.0,MP_CONSTITUENCY,Unknown,UNKNOWN,no_explicit_term_marker_in_source_record,STAGE1_5_SNAPSHOT,Allocated_Limit_for_Honble_MPs__2_.csv,416,STAGE1_5_SNAPSHOT::Allocated_Limit_for_Honble_MPs__2_.csv::row416,True
Haryana,SATPAL BRAHAMCHARI,SATPAL BRAHAMCHARI,SONEPAT,147000000.0,MP_CONSTITUENCY,Unknown,UNKNOWN,no_explicit_term_marker_in_source_record,STAGE1_5_SNAPSHOT,Allocated_Limit_for_Honble_MPs__2_.csv,417,STAGE1_5_SNAPSHOT::Allocated_Limit_for_Honble_MPs__2_.csv::row417,True
West Bengal,Saumitra khan,Saumitra khan,BISHNUPUR(SC),147000000.0,MP_CONSTITUENCY,Unknown,UNKNOWN,no_explicit_term_marker_in_source_record,STAGE1_5_SNAPSHOT,Allocated_Limit_for_Honble_MPs__2_.csv,418,STAGE1_5_SNAPSHOT::Allocated_Limit_for_Honble_MPs__2_.csv::row418,True
Madhya Pradesh,SAVITRI THAKUR,SAVITRI THAKUR,DHAR(ST),147000000.0,MP_CONSTITUENCY,Unknown,UNKNOWN,no_explicit_term_marker_in_source_record,STAGE1_5_SNAPSHOT,Allocated_Limit_for_Honble_MPs__2_.csv,419,STAGE1_5_SNAPSHOT::Allocated_Limit_for_Honble_MPs__2_.csv::row419,True
West Bengal,SAYANI GHOSH,SAYANI GHOSH,JADAVPUR,147000000.0,MP_CONSTITUENCY,Unknown,UNKNOWN,no_explicit_term_marker_in_source_record,STAGE1_5_SNAPSHOT,Allocated_Limit_for_Honble_MPs__2_.csv,420,STAGE1_5_SNAPSHOT::Allocated_Limit_for_Honble_MPs__2_.csv::row420,True
Haryana,SELJA,SELJA,SIRSA(SC),147000000.0,MP_CONSTITUENCY,Unknown,UNKNOWN,no_explicit_term_marker_in_source_record,STAGE1_5_SNAPSHOT,Allocated_Limit_for_Honble_MPs__2_.csv,421,STAGE1_5_SNAPSHOT::Allocated_Limit_for_Honble_MPs__2_.csv::row421,True
Tamil Nadu,SELVAGANAPATHI T M,SELVAGANAPATHI T M,SALEM,147000000.0,MP_CONSTITUENCY,Unknown,UNKNOWN,no_explicit_term_marker_in_source_record,STAGE1_5_SNAPSHOT,Allocated_Limit_for_Honble_MPs__2_.csv,422,STAGE1_5_SNAPSHOT::Allocated_Limit_for_Honble_MPs__2_.csv::row422,True
Tamil Nadu,SELVARAJ V,SELVARAJ V,NAGAPATTINAM(SC),147000000.0,MP_CONSTITUENCY,Unknown,UNKNOWN,no_explicit_term_marker_in_source_record,STAGE1_5_SNAPSHOT,Allocated_Limit_for_Honble_MPs__2_.csv,423,STAGE1_5_SNAPSHOT::Allocated_Limit_for_Honble_MPs__2_.csv::row423,True
Kerala,SHAFI PARAMBIL,SHAFI PARAMBIL,VADAKARA,147000000.0,MP_CONSTITUENCY,Unknown,UNKNOWN,no_explicit_term_marker_in_source_record,STAGE1_5_SNAPSHOT,Allocated_Limit_for_Honble_MPs__2_.csv,424,STAGE1_5_SNAPSHOT::Allocated_Limit_for_Honble_MPs__2_.csv::row424,True
Bihar,SHAMBHAVI,SHAMBHAVI,SAMASTIPUR(SC),147000000.0,MP_CONSTITUENCY,Unknown,UNKNOWN,no_explicit_term_marker_in_source_record,STAGE1_5_SNAPSHOT,Allocated_Limit_for_Honble_MPs__2_.csv,425,STAGE1_5_SNAPSHOT::Allocated_Limit_for_Honble_MPs__2_.csv::row425,True
Madhya Pradesh,Shankar Lalwani,Shankar Lalwani,INDORE,147000000.0,MP_CONSTITUENCY,Unknown,UNKNOWN,no_explicit_term_marker_in_source_record,STAGE1_5_SNAPSHOT,Allocated_Limit_for_Honble_MPs__2_.csv,426,STAGE1_5_SNAPSHOT::Allocated_Limit_for_Honble_MPs__2_.csv::row426,True
Uttar Pradesh,SHASHANK MANI,SHASHANK MANI,DEORIA,147000000.0,MP_CONSTITUENCY,Unknown,UNKNOWN,no_explicit_term_marker_in_source_record,STAGE1_5_SNAPSHOT,Allocated_Limit_for_Honble_MPs__2_.csv,427,STAGE1_5_SNAPSHOT::Allocated_Limit_for_Honble_MPs__2_.csv::row427,True
West Bengal,Shatrughan Sinha,Shatrughan Sinha,ASANSOL,147000000.0,MP_CONSTITUENCY,Unknown,UNKNOWN,no_explicit_term_marker_in_source_record,STAGE1_5_SNAPSHOT,Allocated_Limit_for_Honble_MPs__2_.csv,428,STAGE1_5_SNAPSHOT::Allocated_Limit_for_Honble_MPs__2_.csv::row428,True
Punjab,SHER SINGH GHUBAYA,SHER SINGH GHUBAYA,FIROZPUR,147000000.0,MP_CONSTITUENCY,Unknown,UNKNOWN,no_explicit_term_marker_in_source_record,STAGE1_5_SNAPSHOT,Allocated_Limit_for_Honble_MPs__2_.csv,429,STAGE1_5_SNAPSHOT::Allocated_Limit_for_Honble_MPs__2_.csv::row429,True
Madhya Pradesh,SHIVMANGAL SINGH TOMAR,SHIVMANGAL SINGH TOMAR,MORENA,147000000.0,MP_CONSTITUENCY,Unknown,UNKNOWN,no_explicit_term_marker_in_source_record,STAGE1_5_SNAPSHOT,Allocated_Limit_for_Honble_MPs__2_.csv,430,STAGE1_5_SNAPSHOT::Allocated_Limit_for_Honble_MPs__2_.csv::row430,True
Madhya Pradesh,SHIVRAJ SINGH CHOUHAN,SHIVRAJ SINGH CHOUHAN,VIDISHA,147000000.0,MP_CONSTITUENCY,Unknown,UNKNOWN,no_explicit_term_marker_in_source_record,STAGE1_5_SNAPSHOT,Allocated_Limit_for_Honble_MPs__2_.csv,431,STAGE1_5_SNAPSHOT::Allocated_Limit_for_Honble_MPs__2_.csv::row431,True
Karnataka,SHOBHA KARANDLAJE,SHOBHA KARANDLAJE,BANGALORE NORTH,147000000.0,MP_CONSTITUENCY,Unknown,UNKNOWN,no_explicit_term_marker_in_source_record,STAGE1_5_SNAPSHOT,Allocated_Limit_for_Honble_MPs__2_.csv,432,STAGE1_5_SNAPSHOT::Allocated_Limit_for_Honble_MPs__2_.csv::row432,True
Gujarat,SHOBHANABEN MAHENDRASINH BARAIYA,SHOBHANABEN MAHENDRASINH BARAIYA,SABARKANTHA,147000000.0,MP_CONSTITUENCY,Unknown,UNKNOWN,no_explicit_term_marker_in_source_record,STAGE1_5_SNAPSHOT,Allocated_Limit_for_Honble_MPs__2_.csv,433,STAGE1_5_SNAPSHOT::Allocated_Limit_for_Honble_MPs__2_.csv::row433,True
Karnataka,SHREYAS. M. PATEL,SHREYAS. M. PATEL,HASSAN,147000000.0,MP_CONSTITUENCY,Unknown,UNKNOWN,no_explicit_term_marker_in_source_record,STAGE1_5_SNAPSHOT,Allocated_Limit_for_Honble_MPs__2_.csv,434,STAGE1_5_SNAPSHOT::Allocated_Limit_for_Honble_MPs__2_.csv::row434,True
Haryana,Shri Dharambir Singh,Shri Dharambir Singh,BHIWANI MAHENDRAGARH,147000000.0,MP_CONSTITUENCY,Unknown,UNKNOWN,no_explicit_term_marker_in_source_record,STAGE1_5_SNAPSHOT,Allocated_Limit_for_Honble_MPs__2_.csv,435,STAGE1_5_SNAPSHOT::Allocated_Limit_for_Honble_MPs__2_.csv::row435,True
West Bengal,Shri Abhishek Banerjee,Shri Abhishek Banerjee,DIAMOND HARBOUR,147000000.0,MP_CONSTITUENCY,Unknown,UNKNOWN,no_explicit_term_marker_in_source_record,STAGE1_5_SNAPSHOT,Allocated_Limit_for_Honble_MPs__2_.csv,436,STAGE1_5_SNAPSHOT::Allocated_Limit_for_Honble_MPs__2_.csv::row436,True
Punjab,Shri Amar Singh,Shri Amar Singh,FATEHGARH SAHIB(SC),147000000.0,MP_CONSTITUENCY,Unknown,UNKNOWN,no_explicit_term_marker_in_source_record,STAGE1_5_SNAPSHOT,Allocated_Limit_for_Honble_MPs__2_.csv,437,STAGE1_5_SNAPSHOT::Allocated_Limit_for_Honble_MPs__2_.csv::row437,True
Gujarat,Shri Amit Shah,Shri Amit Shah,GANDHINAGAR,147000000.0,MP_CONSTITUENCY,Unknown,UNKNOWN,no_explicit_term_marker_in_source_record,STAGE1_5_SNAPSHOT,Allocated_Limit_for_Honble_MPs__2_.csv,438,STAGE1_5_SNAPSHOT::Allocated_Limit_for_Honble_MPs__2_.csv::row438,True
Madhya Pradesh,Shri Anil Firojiya,Shri Anil Firojiya,UJJAIN(SC),147000000.0,MP_CONSTITUENCY,Unknown,UNKNOWN,no_explicit_term_marker_in_source_record,STAGE1_5_SNAPSHOT,Allocated_Limit_for_Honble_MPs__2_.csv,439,STAGE1_5_SNAPSHOT::Allocated_Limit_for_Honble_MPs__2_.csv::row439,True
Rajasthan,Shri Arjun Ram Meghwal,Shri Arjun Ram Meghwal,BIKANER(SC),147000000.0,MP_CONSTITUENCY,Unknown,UNKNOWN,no_explicit_term_marker_in_source_record,STAGE1_5_SNAPSHOT,Allocated_Limit_for_Honble_MPs__2_.csv,440,STAGE1_5_SNAPSHOT::Allocated_Limit_for_Honble_MPs__2_.csv::row440,True
Uttar Pradesh,Shri Arun Kumar Sagar,Shri Arun Kumar Sagar,SHAHJAHANPUR(SC),147000000.0,MP_CONSTITUENCY,Unknown,UNKNOWN,no_explicit_term_marker_in_source_record,STAGE1_5_SNAPSHOT,Allocated_Limit_for_Honble_MPs__2_.csv,441,STAGE1_5_SNAPSHOT::Allocated_Limit_for_Honble_MPs__2_.csv::row441,True
Karnataka,Shri B Y Raghavendra,Shri B Y Raghavendra,SHIMOGA,147000000.0,MP_CONSTITUENCY,Unknown,UNKNOWN,no_explicit_term_marker_in_source_record,STAGE1_5_SNAPSHOT,Allocated_Limit_for_Honble_MPs__2_.csv,442,STAGE1_5_SNAPSHOT::Allocated_Limit_for_Honble_MPs__2_.csv::row442,True
Kerala,Shri Benny Behanan,Shri Benny Behanan,CHALAKUDY,164674770.11,MP_CONSTITUENCY,Unknown,UNKNOWN,no_explicit_term_marker_in_source_record,STAGE1_5_SNAPSHOT,Allocated_Limit_for_Honble_MPs__2_.csv,443,STAGE1_5_SNAPSHOT::Allocated_Limit_for_Honble_MPs__2_.csv::row443,True
Odisha,Shri Bhartruhari Mahtab,Shri Bhartruhari Mahtab,CUTTACK,147000000.0,MP_CONSTITUENCY,Unknown,UNKNOWN,no_explicit_term_marker_in_source_record,STAGE1_5_SNAPSHOT,Allocated_Limit_for_Honble_MPs__2_.csv,444,STAGE1_5_SNAPSHOT::Allocated_Limit_for_Honble_MPs__2_.csv::row444,True
Jharkhand,Shri Chandra Prakash Choudhary,Shri Chandra Prakash Choudhary,GIRIDIH,147000000.0,MP_CONSTITUENCY,Unknown,UNKNOWN,no_explicit_term_marker_in_source_record,STAGE1_5_SNAPSHOT,Allocated_Limit_for_Honble_MPs__2_.csv,445,STAGE1_5_SNAPSHOT::Allocated_Limit_for_Honble_MPs__2_.csv::row445,True
West Bengal,Shri Deepak (Dev) Adhikari,Shri Deepak (Dev) Adhikari,GHATAL,200747364.0,MP_CONSTITUENCY,Unknown,UNKNOWN,no_explicit_term_marker_in_source_record,STAGE1_5_SNAPSHOT,Allocated_Limit_for_Honble_MPs__2_.csv,446,STAGE1_5_SNAPSHOT::Allocated_Limit_for_Honble_MPs__2_.csv::row446,True
Punjab,Shri Gurjeet Singh Aujla,Shri Gurjeet Singh Aujla,AMRITSAR,147000000.0,MP_CONSTITUENCY,Unknown,UNKNOWN,no_explicit_term_marker_in_source_record,STAGE1_5_SNAPSHOT,Allocated_Limit_for_Honble_MPs__2_.csv,447,STAGE1_5_SNAPSHOT::Allocated_Limit_for_Honble_MPs__2_.csv::row447,True
Rajasthan,Shri Hanuman Beniwal,Shri Hanuman Beniwal,NAGAUR,147000000.0,MP_CONSTITUENCY,Unknown,UNKNOWN,no_explicit_term_marker_in_source_record,STAGE1_5_SNAPSHOT,Allocated_Limit_for_Honble_MPs__2_.csv,448,STAGE1_5_SNAPSHOT::Allocated_Limit_for_Honble_MPs__2_.csv::row448,True
Kerala,Shri Hibi Eden,Shri Hibi Eden,ERNAKULAM,162177260.11,MP_CONSTITUENCY,Unknown,UNKNOWN,no_explicit_term_marker_in_source_record,STAGE1_5_SNAPSHOT,Allocated_Limit_for_Honble_MPs__2_.csv,449,STAGE1_5_SNAPSHOT::Allocated_Limit_for_Honble_MPs__2_.csv::row449,True
Bihar,Shri Janardan Singh Sigriwal,Shri Janardan Singh Sigriwal,MAHARAJGANJ_BR,147000000.0,MP_CONSTITUENCY,Unknown,UNKNOWN,no_explicit_term_marker_in_source_record,STAGE1_5_SNAPSHOT,Allocated_Limit_for_Honble_MPs__2_.csv,450,STAGE1_5_SNAPSHOT::Allocated_Limit_for_Honble_MPs__2_.csv::row450,True
Odisha,Shri Jual Oram,Shri Jual Oram,SUNDARGARH (ST),173096756.91,MP_CONSTITUENCY,Unknown,UNKNOWN,no_explicit_term_marker_in_source_record,STAGE1_5_SNAPSHOT,Allocated_Limit_for_Honble_MPs__2_.csv,451,STAGE1_5_SNAPSHOT::Allocated_Limit_for_Honble_MPs__2_.csv::row451,True
Jammu And Kashmir,Shri Jugal Kishore Sharma,Shri Jugal Kishore Sharma,JAMMU,147000000.0,MP_CONSTITUENCY,Unknown,UNKNOWN,no_explicit_term_marker_in_source_record,STAGE1_5_SNAPSHOT,Allocated_Limit_for_Honble_MPs__2_.csv,452,STAGE1_5_SNAPSHOT::Allocated_Limit_for_Honble_MPs__2_.csv::row452,True
West Bengal,Shri Jyotirmay Singh Mahato,Shri Jyotirmay Singh Mahato,PURULIA,147000000.0,MP_CONSTITUENCY,Unknown,UNKNOWN,no_explicit_term_marker_in_source_record,STAGE1_5_SNAPSHOT,Allocated_Limit_for_Honble_MPs__2_.csv,453,STAGE1_5_SNAPSHOT::Allocated_Limit_for_Honble_MPs__2_.csv::row453,True
Tamil Nadu,Shri Karti P Chidambaram,Shri Karti P Chidambaram,SIVAGANGA,159049284.11,MP_CONSTITUENCY,Unknown,UNKNOWN,no_explicit_term_marker_in_source_record,STAGE1_5_SNAPSHOT,Allocated_Limit_for_Honble_MPs__2_.csv,454,STAGE1_5_SNAPSHOT::Allocated_Limit_for_Honble_MPs__2_.csv::row454,True
Kerala,Shri Kumbakudi Sudhakaran,Shri Kumbakudi Sudhakaran,KANNUR,147000000.0,MP_CONSTITUENCY,Unknown,UNKNOWN,no_explicit_term_marker_in_source_record,STAGE1_5_SNAPSHOT,Allocated_Limit_for_Honble_MPs__2_.csv,455,STAGE1_5_SNAPSHOT::Allocated_Limit_for_Honble_MPs__2_.csv::row455,True
Karnataka,Shri LS Tejasvi Surya,Shri LS Tejasvi Surya,BANGALORE SOUTH,147000000.0,MP_CONSTITUENCY,Unknown,UNKNOWN,no_explicit_term_marker_in_source_record,STAGE1_5_SNAPSHOT,Allocated_Limit_for_Honble_MPs__2_.csv,456,STAGE1_5_SNAPSHOT::Allocated_Limit_for_Honble_MPs__2_.csv::row456,True
Kerala,Shri M K Raghavan,Shri M K Raghavan,KOZHIKODE,147000000.0,MP_CONSTITUENCY,Unknown,UNKNOWN,no_explicit_term_marker_in_source_record,STAGE1_5_SNAPSHOT,Allocated_Limit_for_Honble_MPs__2_.csv,457,STAGE1_5_SNAPSHOT::Allocated_Limit_for_Honble_MPs__2_.csv::row457,True
Uttar Pradesh,Shri Narendra Modi,Shri Narendra Modi,VARANASI,162070276.11,MP_CONSTITUENCY,Unknown,UNKNOWN,no_explicit_term_marker_in_source_record,STAGE1_5_SNAPSHOT,Allocated_Limit_for_Honble_MPs__2_.csv,458,STAGE1_5_SNAPSHOT::Allocated_Limit_for_Honble_MPs__2_.csv::row458,True
Kerala,Shri NK Premachandran,Shri NK Premachandran,KOLLAM,171477994.11,MP_CONSTITUENCY,Unknown,UNKNOWN,no_explicit_term_marker_in_source_record,STAGE1_5_SNAPSHOT,Allocated_Limit_for_Honble_MPs__2_.csv,459,STAGE1_5_SNAPSHOT::Allocated_Limit_for_Honble_MPs__2_.csv::row459,True
Rajasthan,Shri PP Chaudhary,Shri PP Chaudhary,PALI,147000000.0,MP_CONSTITUENCY,Unknown,UNKNOWN,no_explicit_term_marker_in_source_record,STAGE1_5_SNAPSHOT,Allocated_Limit_for_Honble_MPs__2_.csv,460,STAGE1_5_SNAPSHOT::Allocated_Limit_for_Honble_MPs__2_.csv::row460,True
Kerala,Shri Rajmohan Unnithan,Shri Rajmohan Unnithan,KASARAGOD,156754633.11,MP_CONSTITUENCY,Unknown,UNKNOWN,no_explicit_term_marker_in_source_record,STAGE1_5_SNAPSHOT,Allocated_Limit_for_Honble_MPs__2_.csv,461,STAGE1_5_SNAPSHOT::Allocated_Limit_for_Honble_MPs__2_.csv::row461,True
Assam,Shri Sarbananda Sonowal (18LS),Shri Sarbananda Sonowal (18LS),DIBRUGARH,147000000.0,MP_CONSTITUENCY,Unknown,UNKNOWN,no_explicit_term_marker_in_source_record,STAGE1_5_SNAPSHOT,Allocated_Limit_for_Honble_MPs__2_.csv,462,STAGE1_5_SNAPSHOT::Allocated_Limit_for_Honble_MPs__2_.csv::row462,True
Uttar Pradesh,Shri Satish Kumar Gautam,Shri Satish Kumar Gautam,ALIGARH,147000000.0,MP_CONSTITUENCY,Unknown,UNKNOWN,no_explicit_term_marker_in_source_record,STAGE1_5_SNAPSHOT,Allocated_Limit_for_Honble_MPs__2_.csv,463,STAGE1_5_SNAPSHOT::Allocated_Limit_for_Honble_MPs__2_.csv::row463,True
West Bengal,Shri Shantanu Thakur,Shri Shantanu Thakur,BANGAON(SC),147000000.0,MP_CONSTITUENCY,Unknown,UNKNOWN,no_explicit_term_marker_in_source_record,STAGE1_5_SNAPSHOT,Allocated_Limit_for_Honble_MPs__2_.csv,464,STAGE1_5_SNAPSHOT::Allocated_Limit_for_Honble_MPs__2_.csv::row464,True
Madhya Pradesh,Shri Sudheer Gupta,Shri Sudheer Gupta,MANDSOUR,148988014.83,MP_CONSTITUENCY,Unknown,UNKNOWN,no_explicit_term_marker_in_source_record,STAGE1_5_SNAPSHOT,Allocated_Limit_for_Honble_MPs__2_.csv,465,STAGE1_5_SNAPSHOT::Allocated_Limit_for_Honble_MPs__2_.csv::row465,True
Kerala,Shri Suresh Kodikunnil,Shri Suresh Kodikunnil,MAVELIKKARA(SC),172429519.11,MP_CONSTITUENCY,Unknown,UNKNOWN,no_explicit_term_marker_in_source_record,STAGE1_5_SNAPSHOT,Allocated_Limit_for_Honble_MPs__2_.csv,466,STAGE1_5_SNAPSHOT::Allocated_Limit_for_Honble_MPs__2_.csv::row466,True
Arunachal Pradesh,Shri Tapir Gao,Shri Tapir Gao,ARUNACHAL EAST,147000000.0,MP_CONSTITUENCY,Unknown,UNKNOWN,no_explicit_term_marker_in_source_record,STAGE1_5_SNAPSHOT,Allocated_Limit_for_Honble_MPs__2_.csv,467,STAGE1_5_SNAPSHOT::Allocated_Limit_for_Honble_MPs__2_.csv::row467,True
Tamil Nadu,Shri vijayakumar Vasanth,Shri vijayakumar Vasanth,KANNIYAKUMARI,171500000.0,MP_CONSTITUENCY,Unknown,UNKNOWN,no_explicit_term_marker_in_source_record,STAGE1_5_SNAPSHOT,Allocated_Limit_for_Honble_MPs__2_.csv,468,STAGE1_5_SNAPSHOT::Allocated_Limit_for_Honble_MPs__2_.csv::row468,True
Maharashtra,Shrikant Eknath Shinde,Shrikant Eknath Shinde,KALYAN,147000000.0,MP_CONSTITUENCY,Unknown,UNKNOWN,no_explicit_term_marker_in_source_record,STAGE1_5_SNAPSHOT,Allocated_Limit_for_Honble_MPs__2_.csv,469,STAGE1_5_SNAPSHOT::Allocated_Limit_for_Honble_MPs__2_.csv::row469,True
Maharashtra,SHRIMANT CHH UDAYANRAJE PRATAPSINHAMAHARAJ BHONSLE,SHRIMANT CHH UDAYANRAJE PRATAPSINHAMAHARAJ BHONSLE,SATARA,147000000.0,MP_CONSTITUENCY,Unknown,UNKNOWN,no_explicit_term_marker_in_source_record,STAGE1_5_SNAPSHOT,Allocated_Limit_for_Honble_MPs__2_.csv,470,STAGE1_5_SNAPSHOT::Allocated_Limit_for_Honble_MPs__2_.csv::row470,True
Goa,Shripad Yesso Naik,Shripad Yesso Naik,NORTH GOA,147000000.0,MP_CONSTITUENCY,Unknown,UNKNOWN,no_explicit_term_marker_in_source_record,STAGE1_5_SNAPSHOT,Allocated_Limit_for_Honble_MPs__2_.csv,471,STAGE1_5_SNAPSHOT::Allocated_Limit_for_Honble_MPs__2_.csv::row471,True
Maharashtra,Shrirang Appa Barne,Shrirang Appa Barne,MAVAL,147000000.0,MP_CONSTITUENCY,Unknown,UNKNOWN,no_explicit_term_marker_in_source_record,STAGE1_5_SNAPSHOT,Allocated_Limit_for_Honble_MPs__2_.csv,472,STAGE1_5_SNAPSHOT::Allocated_Limit_for_Honble_MPs__2_.csv::row472,True
Maharashtra,Shyamkumar,Shyamkumar,RAMTEK(SC),147000000.0,MP_CONSTITUENCY,Unknown,UNKNOWN,no_explicit_term_marker_in_source_record,STAGE1_5_SNAPSHOT,Allocated_Limit_for_Honble_MPs__2_.csv,473,STAGE1_5_SNAPSHOT::Allocated_Limit_for_Honble_MPs__2_.csv::row473,True
Andhra Pradesh,Sivanath Kesineni,Sivanath Kesineni,VIJAYAWADA,147000000.0,MP_CONSTITUENCY,Unknown,UNKNOWN,no_explicit_term_marker_in_source_record,STAGE1_5_SNAPSHOT,Allocated_Limit_for_Honble_MPs__2_.csv,474,STAGE1_5_SNAPSHOT::Allocated_Limit_for_Honble_MPs__2_.csv::row474,True
West Bengal,SK NURUL ISLAM,SK NURUL ISLAM,BASIRHAT,49000000.0,MP_CONSTITUENCY,Unknown,UNKNOWN,no_explicit_term_marker_in_source_record,STAGE1_5_SNAPSHOT,Allocated_Limit_for_Honble_MPs__2_.csv,475,STAGE1_5_SNAPSHOT::Allocated_Limit_for_Honble_MPs__2_.csv::row475,True
Maharashtra,SMITA UDAY WAGH,SMITA UDAY WAGH,JALGAON,148107373.11,MP_CONSTITUENCY,Unknown,UNKNOWN,no_explicit_term_marker_in_source_record,STAGE1_5_SNAPSHOT,Allocated_Limit_for_Honble_MPs__2_.csv,476,STAGE1_5_SNAPSHOT::Allocated_Limit_for_Honble_MPs__2_.csv::row476,True
Uttar Pradesh,Smt Anupriya Patel,Smt Anupriya Patel,MIRZAPUR,147000000.0,MP_CONSTITUENCY,Unknown,UNKNOWN,no_explicit_term_marker_in_source_record,STAGE1_5_SNAPSHOT,Allocated_Limit_for_Honble_MPs__2_.csv,477,STAGE1_5_SNAPSHOT::Allocated_Limit_for_Honble_MPs__2_.csv::row477,True
Odisha,Smt Aparajita Sarangi,Smt Aparajita Sarangi,BHUBANESWAR,147420861.41,MP_CONSTITUENCY,Unknown,UNKNOWN,no_explicit_term_marker_in_source_record,STAGE1_5_SNAPSHOT,Allocated_Limit_for_Honble_MPs__2_.csv,478,STAGE1_5_SNAPSHOT::Allocated_Limit_for_Honble_MPs__2_.csv::row478,True
Uttar Pradesh,Smt Dimple Yadav,Smt Dimple Yadav,MAINPURI,192042469.11,MP_CONSTITUENCY,Unknown,UNKNOWN,no_explicit_term_marker_in_source_record,STAGE1_5_SNAPSHOT,Allocated_Limit_for_Honble_MPs__2_.csv,479,STAGE1_5_SNAPSHOT::Allocated_Limit_for_Honble_MPs__2_.csv::row479,True
Punjab,Smt Harsimrat Kaur Badal,Smt Harsimrat Kaur Badal,BHATINDA,159775982.39,MP_CONSTITUENCY,Unknown,UNKNOWN,no_explicit_term_marker_in_source_record,STAGE1_5_SNAPSHOT,Allocated_Limit_for_Honble_MPs__2_.csv,480,STAGE1_5_SNAPSHOT::Allocated_Limit_for_Honble_MPs__2_.csv::row480,True
Uttar Pradesh,Smt Hema Malini,Smt Hema Malini,MATHURA,147000000.0,MP_CONSTITUENCY,Unknown,UNKNOWN,no_explicit_term_marker_in_source_record,STAGE1_5_SNAPSHOT,Allocated_Limit_for_Honble_MPs__2_.csv,481,STAGE1_5_SNAPSHOT::Allocated_Limit_for_Honble_MPs__2_.csv::row481,True
Madhya Pradesh,Smt Himadri Singh,Smt Himadri Singh,SHAHDOL (ST),150724861.11,MP_CONSTITUENCY,Unknown,UNKNOWN,no_explicit_term_marker_in_source_record,STAGE1_5_SNAPSHOT,Allocated_Limit_for_Honble_MPs__2_.csv,482,STAGE1_5_SNAPSHOT::Allocated_Limit_for_Honble_MPs__2_.csv::row482,True
Gujarat,Smt Poonamben Hematbhai Maadam,Smt Poonamben Hematbhai Maadam,JAMNAGAR,147000000.0,MP_CONSTITUENCY,Unknown,UNKNOWN,no_explicit_term_marker_in_source_record,STAGE1_5_SNAPSHOT,Allocated_Limit_for_Honble_MPs__2_.csv,483,STAGE1_5_SNAPSHOT::Allocated_Limit_for_Honble_MPs__2_.csv::row483,True
Maharashtra,Smt Raksha Nikhil Khadse,Smt Raksha Nikhil Khadse,RAVER,153112586.11,MP_CONSTITUENCY,Unknown,UNKNOWN,no_explicit_term_marker_in_source_record,STAGE1_5_SNAPSHOT,Allocated_Limit_for_Honble_MPs__2_.csv,484,STAGE1_5_SNAPSHOT::Allocated_Limit_for_Honble_MPs__2_.csv::row484,True
Tamil Nadu,Smt S Jothimani,Smt S Jothimani,KARUR,147000000.0,MP_CONSTITUENCY,Unknown,UNKNOWN,no_explicit_term_marker_in_source_record,STAGE1_5_SNAPSHOT,Allocated_Limit_for_Honble_MPs__2_.csv,485,STAGE1_5_SNAPSHOT::Allocated_Limit_for_Honble_MPs__2_.csv::row485,True
West Bengal,Smt Sajda Ahmed,Smt Sajda Ahmed,ULUBERIA,147000000.0,MP_CONSTITUENCY,Unknown,UNKNOWN,no_explicit_term_marker_in_source_record,STAGE1_5_SNAPSHOT,Allocated_Limit_for_Honble_MPs__2_.csv,486,STAGE1_5_SNAPSHOT::Allocated_Limit_for_Honble_MPs__2_.csv::row486,True
Madhya Pradesh,Smt Sandhya Ray,Smt Sandhya Ray,BHIND(SC),147000000.0,MP_CONSTITUENCY,Unknown,UNKNOWN,no_explicit_term_marker_in_source_record,STAGE1_5_SNAPSHOT,Allocated_Limit_for_Honble_MPs__2_.csv,487,STAGE1_5_SNAPSHOT::Allocated_Limit_for_Honble_MPs__2_.csv::row487,True
Odisha,Smt Sangeeta Kumari Singh Deo,Smt Sangeeta Kumari Singh Deo,BOLANGIR,147000000.0,MP_CONSTITUENCY,Unknown,UNKNOWN,no_explicit_term_marker_in_source_record,STAGE1_5_SNAPSHOT,Allocated_Limit_for_Honble_MPs__2_.csv,488,STAGE1_5_SNAPSHOT::Allocated_Limit_for_Honble_MPs__2_.csv::row488,True
West Bengal,Smt Satabdi Roy (Banerjee),Smt Satabdi Roy (Banerjee),BIRBHUM,147000000.0,MP_CONSTITUENCY,Unknown,UNKNOWN,no_explicit_term_marker_in_source_record,STAGE1_5_SNAPSHOT,Allocated_Limit_for_Honble_MPs__2_.csv,489,STAGE1_5_SNAPSHOT::Allocated_Limit_for_Honble_MPs__2_.csv::row489,True
Maharashtra,Smt Supriya Sadanand Sule,Smt Supriya Sadanand Sule,BARAMATI,147000000.0,MP_CONSTITUENCY,Unknown,UNKNOWN,no_explicit_term_marker_in_source_record,STAGE1_5_SNAPSHOT,Allocated_Limit_for_Honble_MPs__2_.csv,490,STAGE1_5_SNAPSHOT::Allocated_Limit_for_Honble_MPs__2_.csv::row490,True
Bihar,Smt Veena Devi,Smt Veena Devi,VAISHALI,147000000.0,MP_CONSTITUENCY,Unknown,UNKNOWN,no_explicit_term_marker_in_source_record,STAGE1_5_SNAPSHOT,Allocated_Limit_for_Honble_MPs__2_.csv,491,STAGE1_5_SNAPSHOT::Allocated_Limit_for_Honble_MPs__2_.csv::row491,True
Andhra Pradesh,Sribharat MathuKumli,Sribharat MathuKumli,VISAKHAPATNAM,164841922.0,MP_CONSTITUENCY,Unknown,UNKNOWN,no_explicit_term_marker_in_source_record,STAGE1_5_SNAPSHOT,Allocated_Limit_for_Honble_MPs__2_.csv,492,STAGE1_5_SNAPSHOT::Allocated_Limit_for_Honble_MPs__2_.csv::row492,True
Bihar,SUDAMA PRASAD,SUDAMA PRASAD,ARRAH,147000000.0,MP_CONSTITUENCY,Unknown,UNKNOWN,no_explicit_term_marker_in_source_record,STAGE1_5_SNAPSHOT,Allocated_Limit_for_Honble_MPs__2_.csv,493,STAGE1_5_SNAPSHOT::Allocated_Limit_for_Honble_MPs__2_.csv::row493,True
Tamil Nadu,SUDHA R,SUDHA R,MAYILADUTHURAI,147332315.11,MP_CONSTITUENCY,Unknown,UNKNOWN,no_explicit_term_marker_in_source_record,STAGE1_5_SNAPSHOT,Allocated_Limit_for_Honble_MPs__2_.csv,494,STAGE1_5_SNAPSHOT::Allocated_Limit_for_Honble_MPs__2_.csv::row494,True
Bihar,SUDHAKAR SINGH,SUDHAKAR SINGH,BUXAR,185211956.54,MP_CONSTITUENCY,Unknown,UNKNOWN,no_explicit_term_marker_in_source_record,STAGE1_5_SNAPSHOT,Allocated_Limit_for_Honble_MPs__2_.csv,495,STAGE1_5_SNAPSHOT::Allocated_Limit_for_Honble_MPs__2_.csv::row495,True
West Bengal,Sudip Bandyopadhyay,Sudip Bandyopadhyay,KOLKATA UTTAR,147000000.0,MP_CONSTITUENCY,Unknown,UNKNOWN,no_explicit_term_marker_in_source_record,STAGE1_5_SNAPSHOT,Allocated_Limit_for_Honble_MPs__2_.csv,496,STAGE1_5_SNAPSHOT::Allocated_Limit_for_Honble_MPs__2_.csv::row496,True
Odisha,SUKANTA KUMAR PANIGRAHI,SUKANTA KUMAR PANIGRAHI,KANDHAMAL,190712424.11,MP_CONSTITUENCY,Unknown,UNKNOWN,no_explicit_term_marker_in_source_record,STAGE1_5_SNAPSHOT,Allocated_Limit_for_Honble_MPs__2_.csv,497,STAGE1_5_SNAPSHOT::Allocated_Limit_for_Honble_MPs__2_.csv::row497,True
Jharkhand,SUKHDEO BHAGAT,SUKHDEO BHAGAT,LOHARDAGA(ST),171821957.11,MP_CONSTITUENCY,Unknown,UNKNOWN,no_explicit_term_marker_in_source_record,STAGE1_5_SNAPSHOT,Allocated_Limit_for_Honble_MPs__2_.csv,498,STAGE1_5_SNAPSHOT::Allocated_Limit_for_Honble_MPs__2_.csv::row498,True
Punjab,SUKHJINDER SINGH RANDHAWA,SUKHJINDER SINGH RANDHAWA,GURDASPUR,147000000.0,MP_CONSTITUENCY,Unknown,UNKNOWN,no_explicit_term_marker_in_source_record,STAGE1_5_SNAPSHOT,Allocated_Limit_for_Honble_MPs__2_.csv,499,STAGE1_5_SNAPSHOT::Allocated_Limit_for_Honble_MPs__2_.csv::row499,True
Karnataka,SUNIL BOSE,SUNIL BOSE,CHAMARAJANAGAR(SC),147000000.0,MP_CONSTITUENCY,Unknown,UNKNOWN,no_explicit_term_marker_in_source_record,STAGE1_5_SNAPSHOT,Allocated_Limit_for_Honble_MPs__2_.csv,500,STAGE1_5_SNAPSHOT::Allocated_Limit_for_Honble_MPs__2_.csv::row500,True
Maharashtra,Sunil Dattatray Tatkare,Sunil Dattatray Tatkare,RAIGAD,147000000.0,MP_CONSTITUENCY,Unknown,UNKNOWN,no_explicit_term_marker_in_source_record,STAGE1_5_SNAPSHOT,Allocated_Limit_for_Honble_MPs__2_.csv,501,STAGE1_5_SNAPSHOT::Allocated_Limit_for_Honble_MPs__2_.csv::row501,True
Bihar,Sunil Kumar,Sunil Kumar,VALMIKI NAGAR,147000000.0,MP_CONSTITUENCY,Unknown,UNKNOWN,no_explicit_term_marker_in_source_record,STAGE1_5_SNAPSHOT,Allocated_Limit_for_Honble_MPs__2_.csv,502,STAGE1_5_SNAPSHOT::Allocated_Limit_for_Honble_MPs__2_.csv::row502,True
Bihar,SURENDRA PRASAD YADAV,SURENDRA PRASAD YADAV,JAHANABAD,155325714.0,MP_CONSTITUENCY,Unknown,UNKNOWN,no_explicit_term_marker_in_source_record,STAGE1_5_SNAPSHOT,Allocated_Limit_for_Honble_MPs__2_.csv,503,STAGE1_5_SNAPSHOT::Allocated_Limit_for_Honble_MPs__2_.csv::row503,True
Kerala,SURESH GOPI,SURESH GOPI,THRISSUR,147000000.0,MP_CONSTITUENCY,Unknown,UNKNOWN,no_explicit_term_marker_in_source_record,STAGE1_5_SNAPSHOT,Allocated_Limit_for_Honble_MPs__2_.csv,504,STAGE1_5_SNAPSHOT::Allocated_Limit_for_Honble_MPs__2_.csv::row504,True
Himachal Pradesh,Suresh Kumar Kashyap,Suresh Kumar Kashyap,SHIMLA (SC),153563957.11,MP_CONSTITUENCY,Unknown,UNKNOWN,no_explicit_term_marker_in_source_record,STAGE1_5_SNAPSHOT,Allocated_Limit_for_Honble_MPs__2_.csv,505,STAGE1_5_SNAPSHOT::Allocated_Limit_for_Honble_MPs__2_.csv::row505,True
Telangana,SURESH KUMAR SHETKAR,SURESH KUMAR SHETKAR,ZAHIRABAD,147000000.0,MP_CONSTITUENCY,Unknown,UNKNOWN,no_explicit_term_marker_in_source_record,STAGE1_5_SNAPSHOT,Allocated_Limit_for_Honble_MPs__2_.csv,506,STAGE1_5_SNAPSHOT::Allocated_Limit_for_Honble_MPs__2_.csv::row506,True
Uttar Pradesh,Swami Sachchidanandhari Sakshi ji Maharaj,Swami Sachchidanandhari Sakshi ji Maharaj,UNNAO,147000000.0,MP_CONSTITUENCY,Unknown,UNKNOWN,no_explicit_term_marker_in_source_record,STAGE1_5_SNAPSHOT,Allocated_Limit_for_Honble_MPs__2_.csv,507,STAGE1_5_SNAPSHOT::Allocated_Limit_for_Honble_MPs__2_.csv::row507,True
Tamil Nadu,T Sumathy (A) Thamizhachi Thangapandian,T Sumathy (A) Thamizhachi Thangapandian,CHENNAI SOUTH,147000000.0,MP_CONSTITUENCY,Unknown,UNKNOWN,no_explicit_term_marker_in_source_record,STAGE1_5_SNAPSHOT,Allocated_Limit_for_Honble_MPs__2_.csv,508,STAGE1_5_SNAPSHOT::Allocated_Limit_for_Honble_MPs__2_.csv::row508,True
Andhra Pradesh,TANGELLA UDAY SRINIVAS,TANGELLA UDAY SRINIVAS,KAKINADA,199417886.76,MP_CONSTITUENCY,Unknown,UNKNOWN,no_explicit_term_marker_in_source_record,STAGE1_5_SNAPSHOT,Allocated_Limit_for_Honble_MPs__2_.csv,509,STAGE1_5_SNAPSHOT::Allocated_Limit_for_Honble_MPs__2_.csv::row509,True
Uttar Pradesh,TANUJ PUNIA,TANUJ PUNIA,BARABANKI(SC),148198170.11,MP_CONSTITUENCY,Unknown,UNKNOWN,no_explicit_term_marker_in_source_record,STAGE1_5_SNAPSHOT,Allocated_Limit_for_Honble_MPs__2_.csv,510,STAGE1_5_SNAPSHOT::Allocated_Limit_for_Honble_MPs__2_.csv::row510,True
Bihar,TARIQ ANWAR,TARIQ ANWAR,KATIHAR,147000000.0,MP_CONSTITUENCY,Unknown,UNKNOWN,no_explicit_term_marker_in_source_record,STAGE1_5_SNAPSHOT,Allocated_Limit_for_Honble_MPs__2_.csv,511,STAGE1_5_SNAPSHOT::Allocated_Limit_for_Honble_MPs__2_.csv::row511,True
Tamil Nadu,Thalikkottai Rajuthevar Baalu,Thalikkottai Rajuthevar Baalu,SRIPERUMBUDUR,196905535.11,MP_CONSTITUENCY,Unknown,UNKNOWN,no_explicit_term_marker_in_source_record,STAGE1_5_SNAPSHOT,Allocated_Limit_for_Honble_MPs__2_.csv,512,STAGE1_5_SNAPSHOT::Allocated_Limit_for_Honble_MPs__2_.csv::row512,True
Tamil Nadu,THANGA TAMILSELVAN,THANGA TAMILSELVAN,THENI,147000000.0,MP_CONSTITUENCY,Unknown,UNKNOWN,no_explicit_term_marker_in_source_record,STAGE1_5_SNAPSHOT,Allocated_Limit_for_Honble_MPs__2_.csv,513,STAGE1_5_SNAPSHOT::Allocated_Limit_for_Honble_MPs__2_.csv::row513,True
Tamil Nadu,THARANIVENTHAN M S,THARANIVENTHAN M S,ARANI,168337124.35,MP_CONSTITUENCY,Unknown,UNKNOWN,no_explicit_term_marker_in_source_record,STAGE1_5_SNAPSHOT,Allocated_Limit_for_Honble_MPs__2_.csv,514,STAGE1_5_SNAPSHOT::Allocated_Limit_for_Honble_MPs__2_.csv::row514,True
Tamil Nadu,Thiru Dayanidhi Maran,Thiru Dayanidhi Maran,CHENNAI CENTRAL,147000000.0,MP_CONSTITUENCY,Unknown,UNKNOWN,no_explicit_term_marker_in_source_record,STAGE1_5_SNAPSHOT,Allocated_Limit_for_Honble_MPs__2_.csv,515,STAGE1_5_SNAPSHOT::Allocated_Limit_for_Honble_MPs__2_.csv::row515,True
Tamil Nadu,Thirumaa Valavan Thol,Thirumaa Valavan Thol,CHIDAMBARAM(SC),147000000.0,MP_CONSTITUENCY,Unknown,UNKNOWN,no_explicit_term_marker_in_source_record,STAGE1_5_SNAPSHOT,Allocated_Limit_for_Honble_MPs__2_.csv,516,STAGE1_5_SNAPSHOT::Allocated_Limit_for_Honble_MPs__2_.csv::row516,True
Chhattisgarh,TOKHAN SAHU,TOKHAN SAHU,BILASPUR,147000000.0,MP_CONSTITUENCY,Unknown,UNKNOWN,no_explicit_term_marker_in_source_record,STAGE1_5_SNAPSHOT,Allocated_Limit_for_Honble_MPs__2_.csv,517,STAGE1_5_SNAPSHOT::Allocated_Limit_for_Honble_MPs__2_.csv::row517,True
Uttarakhand,TRIVENDRA SINGH RAWAT,TRIVENDRA SINGH RAWAT,HARDWAR,147000000.0,MP_CONSTITUENCY,Unknown,UNKNOWN,no_explicit_term_marker_in_source_record,STAGE1_5_SNAPSHOT,Allocated_Limit_for_Honble_MPs__2_.csv,518,STAGE1_5_SNAPSHOT::Allocated_Limit_for_Honble_MPs__2_.csv::row518,True
Uttar Pradesh,UJJWAL RAMAN SINGH,UJJWAL RAMAN SINGH,ALLAHABAD,147000000.0,MP_CONSTITUENCY,Unknown,UNKNOWN,no_explicit_term_marker_in_source_record,STAGE1_5_SNAPSHOT,Allocated_Limit_for_Honble_MPs__2_.csv,519,STAGE1_5_SNAPSHOT::Allocated_Limit_for_Honble_MPs__2_.csv::row519,True
Rajasthan,UMMEDA RAM BENIWAL,UMMEDA RAM BENIWAL,BARMER,147000000.0,MP_CONSTITUENCY,Unknown,UNKNOWN,no_explicit_term_marker_in_source_record,STAGE1_5_SNAPSHOT,Allocated_Limit_for_Honble_MPs__2_.csv,520,STAGE1_5_SNAPSHOT::Allocated_Limit_for_Honble_MPs__2_.csv::row520,True
Uttar Pradesh,UTKARSH VERMA MADHUR,UTKARSH VERMA MADHUR,KHERI,147000000.0,MP_CONSTITUENCY,Unknown,UNKNOWN,no_explicit_term_marker_in_source_record,STAGE1_5_SNAPSHOT,Allocated_Limit_for_Honble_MPs__2_.csv,521,STAGE1_5_SNAPSHOT::Allocated_Limit_for_Honble_MPs__2_.csv::row521,True
Tamil Nadu,V S Matheswaran,V S Matheswaran,NAMAKKAL,162539930.11,MP_CONSTITUENCY,Unknown,UNKNOWN,no_explicit_term_marker_in_source_record,STAGE1_5_SNAPSHOT,Allocated_Limit_for_Honble_MPs__2_.csv,522,STAGE1_5_SNAPSHOT::Allocated_Limit_for_Honble_MPs__2_.csv::row522,True
Karnataka,V. SOMANNA,V. SOMANNA,TUMKUR,147000000.0,MP_CONSTITUENCY,Unknown,UNKNOWN,no_explicit_term_marker_in_source_record,STAGE1_5_SNAPSHOT,Allocated_Limit_for_Honble_MPs__2_.csv,523,STAGE1_5_SNAPSHOT::Allocated_Limit_for_Honble_MPs__2_.csv::row523,True
Puducherry,Vaithilingam Ve,Vaithilingam Ve,Puducherry,209368972.11,MP_CONSTITUENCY,Unknown,UNKNOWN,no_explicit_term_marker_in_source_record,STAGE1_5_SNAPSHOT,Allocated_Limit_for_Honble_MPs__2_.csv,524,STAGE1_5_SNAPSHOT::Allocated_Limit_for_Honble_MPs__2_.csv::row524,True
Telangana,VAMSI KRISHNA GADDAM,VAMSI KRISHNA GADDAM,PEDDAPALLE,148451721.11,MP_CONSTITUENCY,Unknown,UNKNOWN,no_explicit_term_marker_in_source_record,STAGE1_5_SNAPSHOT,Allocated_Limit_for_Honble_MPs__2_.csv,525,STAGE1_5_SNAPSHOT::Allocated_Limit_for_Honble_MPs__2_.csv::row525,True
Haryana,VARUN CHAUDHRY,VARUN CHAUDHRY,AMBALA (SC),255454264.0,MP_CONSTITUENCY,Unknown,UNKNOWN,no_explicit_term_marker_in_source_record,STAGE1_5_SNAPSHOT,Allocated_Limit_for_Honble_MPs__2_.csv,526,STAGE1_5_SNAPSHOT::Allocated_Limit_for_Honble_MPs__2_.csv::row526,True
Kerala,Vellalath Kochukrishnan Nair Sreekandan,Vellalath Kochukrishnan Nair Sreekandan,PALAKKAD,147000000.0,MP_CONSTITUENCY,Unknown,UNKNOWN,no_explicit_term_marker_in_source_record,STAGE1_5_SNAPSHOT,Allocated_Limit_for_Honble_MPs__2_.csv,527,STAGE1_5_SNAPSHOT::Allocated_Limit_for_Honble_MPs__2_.csv::row527,True
Chhattisgarh,Vijay Baghel,Vijay Baghel,DURG,147000000.0,MP_CONSTITUENCY,Unknown,UNKNOWN,no_explicit_term_marker_in_source_record,STAGE1_5_SNAPSHOT,Allocated_Limit_for_Honble_MPs__2_.csv,528,STAGE1_5_SNAPSHOT::Allocated_Limit_for_Honble_MPs__2_.csv::row528,True
Uttar Pradesh,Vijay Kumar Dubey,Vijay Kumar Dubey,KUSHI NAGAR,148900000.0,MP_CONSTITUENCY,Unknown,UNKNOWN,no_explicit_term_marker_in_source_record,STAGE1_5_SNAPSHOT,Allocated_Limit_for_Honble_MPs__2_.csv,529,STAGE1_5_SNAPSHOT::Allocated_Limit_for_Honble_MPs__2_.csv::row529,True
Jharkhand,Vijay Kumar Hansdak,Vijay Kumar Hansdak,RAJMAHAL(ST),147223957.11,MP_CONSTITUENCY,Unknown,UNKNOWN,no_explicit_term_marker_in_source_record,STAGE1_5_SNAPSHOT,Allocated_Limit_for_Honble_MPs__2_.csv,530,STAGE1_5_SNAPSHOT::Allocated_Limit_for_Honble_MPs__2_.csv::row530,True
Bihar,VIJAYLAKSHMI DEVI,VIJAYLAKSHMI DEVI,SIWAN,147000000.0,MP_CONSTITUENCY,Unknown,UNKNOWN,no_explicit_term_marker_in_source_record,STAGE1_5_SNAPSHOT,Allocated_Limit_for_Honble_MPs__2_.csv,531,STAGE1_5_SNAPSHOT::Allocated_Limit_for_Honble_MPs__2_.csv::row531,True
Gujarat,Vinod Chavda,Vinod Chavda,KACHCHH(SC),147000000.0,MP_CONSTITUENCY,Unknown,UNKNOWN,no_explicit_term_marker_in_source_record,STAGE1_5_SNAPSHOT,Allocated_Limit_for_Honble_MPs__2_.csv,532,STAGE1_5_SNAPSHOT::Allocated_Limit_for_Honble_MPs__2_.csv::row532,True
Uttar Pradesh,VINOD KUMAR BIND,VINOD KUMAR BIND,BHADOHI,147000000.0,MP_CONSTITUENCY,Unknown,UNKNOWN,no_explicit_term_marker_in_source_record,STAGE1_5_SNAPSHOT,Allocated_Limit_for_Honble_MPs__2_.csv,533,STAGE1_5_SNAPSHOT::Allocated_Limit_for_Honble_MPs__2_.csv::row533,True
Madhya Pradesh,Virendra Kumar,Virendra Kumar,TIKAMGARH(SC),147000000.0,MP_CONSTITUENCY,Unknown,UNKNOWN,no_explicit_term_marker_in_source_record,STAGE1_5_SNAPSHOT,Allocated_Limit_for_Honble_MPs__2_.csv,534,STAGE1_5_SNAPSHOT::Allocated_Limit_for_Honble_MPs__2_.csv::row534,True
Uttar Pradesh,VIRENDRA SINGH,VIRENDRA SINGH,CHANDAULI,147000000.0,MP_CONSTITUENCY,Unknown,UNKNOWN,no_explicit_term_marker_in_source_record,STAGE1_5_SNAPSHOT,Allocated_Limit_for_Honble_MPs__2_.csv,535,STAGE1_5_SNAPSHOT::Allocated_Limit_for_Honble_MPs__2_.csv::row535,True
Maharashtra,VISHAL,VISHAL,SANGLI,147000000.0,MP_CONSTITUENCY,Unknown,UNKNOWN,no_explicit_term_marker_in_source_record,STAGE1_5_SNAPSHOT,Allocated_Limit_for_Honble_MPs__2_.csv,536,STAGE1_5_SNAPSHOT::Allocated_Limit_for_Honble_MPs__2_.csv::row536,True
Jharkhand,Vishnu Dayal Ram,Vishnu Dayal Ram,PALAMU(SC),158176083.11,MP_CONSTITUENCY,Unknown,UNKNOWN,no_explicit_term_marker_in_source_record,STAGE1_5_SNAPSHOT,Allocated_Limit_for_Honble_MPs__2_.csv,537,STAGE1_5_SNAPSHOT::Allocated_Limit_for_Honble_MPs__2_.csv::row537,True
Madhya Pradesh,Vishnu Dutt Sharma,Vishnu Dutt Sharma,KHAJURAHO,147000000.0,MP_CONSTITUENCY,Unknown,UNKNOWN,no_explicit_term_marker_in_source_record,STAGE1_5_SNAPSHOT,Allocated_Limit_for_Honble_MPs__2_.csv,538,STAGE1_5_SNAPSHOT::Allocated_Limit_for_Honble_MPs__2_.csv::row538,True
Karnataka,VISHWESHWAR HEGDE KAGERI,VISHWESHWAR HEGDE KAGERI,UTTARA KANNADA,147000000.0,MP_CONSTITUENCY,Unknown,UNKNOWN,no_explicit_term_marker_in_source_record,STAGE1_5_SNAPSHOT,Allocated_Limit_for_Honble_MPs__2_.csv,539,STAGE1_5_SNAPSHOT::Allocated_Limit_for_Honble_MPs__2_.csv::row539,True
Bihar,VIVEK THAKUR,VIVEK THAKUR,NAWADA,147000000.0,MP_CONSTITUENCY,Unknown,UNKNOWN,no_explicit_term_marker_in_source_record,STAGE1_5_SNAPSHOT,Allocated_Limit_for_Honble_MPs__2_.csv,540,STAGE1_5_SNAPSHOT::Allocated_Limit_for_Honble_MPs__2_.csv::row540,True
Andhra Pradesh,Y S Avinash Reddy,Y S Avinash Reddy,KADAPA,156430260.11,MP_CONSTITUENCY,Unknown,UNKNOWN,no_explicit_term_marker_in_source_record,STAGE1_5_SNAPSHOT,Allocated_Limit_for_Honble_MPs__2_.csv,541,STAGE1_5_SNAPSHOT::Allocated_Limit_for_Honble_MPs__2_.csv::row541,True
Karnataka,YADUVEER KRISHNADATTA CHAMARAJA WADIYAR,YADUVEER KRISHNADATTA CHAMARAJA WADIYAR,MYSORE,147000000.0,MP_CONSTITUENCY,Unknown,UNKNOWN,no_explicit_term_marker_in_source_record,STAGE1_5_SNAPSHOT,Allocated_Limit_for_Honble_MPs__2_.csv,542,STAGE1_5_SNAPSHOT::Allocated_Limit_for_Honble_MPs__2_.csv::row542,True
Delhi,Yogendra Chandoliya,Yogendra Chandoliya,NORTH WEST DELHI(SC),147876307.0,MP_CONSTITUENCY,Unknown,UNKNOWN,no_explicit_term_marker_in_source_record,STAGE1_5_SNAPSHOT,Allocated_Limit_for_Honble_MPs__2_.csv,543,STAGE1_5_SNAPSHOT::Allocated_Limit_for_Honble_MPs__2_.csv::row543,True
Uttar Pradesh,ZIA UR REHMAN,ZIA UR REHMAN,SAMBHAL,147000000.0,MP_CONSTITUENCY,Unknown,UNKNOWN,no_explicit_term_marker_in_source_record,STAGE1_5_SNAPSHOT,Allocated_Limit_for_Honble_MPs__2_.csv,544,STAGE1_5_SNAPSHOT::Allocated_Limit_for_Honble_MPs__2_.csv::row544,True
,,,,83154562207.6,MP_CONSTITUENCY,Unknown,UNKNOWN,no_mp_name_available,STAGE1_5_SNAPSHOT,Allocated_Limit_for_Honble_MPs__2_.csv,545,STAGE1_5_SNAPSHOT::Allocated_Limit_for_Honble_MPs__2_.csv::row545,True
